ISO-10303-21;
HEADER;
/* Generated by software containing ST-Developer
 * from STEP Tools, Inc. (www.steptools.com) 
 */

FILE_DESCRIPTION(
/* description */ (''),
/* implementation_level */ '2;1');

FILE_NAME(
/* name */ 'yams_case_bottom.step',
/* time_stamp */ '2025-07-03T14:47:57-05:00',
/* author */ (''),
/* organization */ (''),
/* preprocessor_version */ 'ST-DEVELOPER v20.1',
/* originating_system */ 'Autodesk Translation Framework v14.10.0.0',
/* authorisation */ '');

FILE_SCHEMA (('AUTOMOTIVE_DESIGN { 1 0 10303 214 3 1 1 }'));
ENDSEC;

DATA;
#10=MECHANICAL_DESIGN_GEOMETRIC_PRESENTATION_REPRESENTATION('',(#13),#6364);
#11=SHAPE_REPRESENTATION_RELATIONSHIP('SRR','None',#6370,#12);
#12=ADVANCED_BREP_SHAPE_REPRESENTATION('',(#14),#6363);
#13=STYLED_ITEM('',(#6379),#14);
#14=MANIFOLD_SOLID_BREP('Body5',#3440);
#15=B_SPLINE_SURFACE_WITH_KNOTS('',3,1,((#4775,#4776),(#4777,#4778),(#4779,
#4780),(#4781,#4782),(#4783,#4784)),.UNSPECIFIED.,.F.,.F.,.F.,(4,1,4),(2,
2),(0.,0.0298980172705934,0.0686744390897294),(0.,0.04),.UNSPECIFIED.);
#16=B_SPLINE_SURFACE_WITH_KNOTS('',3,1,((#4798,#4799),(#4800,#4801),(#4802,
#4803),(#4804,#4805),(#4806,#4807)),.UNSPECIFIED.,.F.,.F.,.F.,(4,1,4),(2,
2),(0.,0.0263606307607853,0.0522749944985032),(0.,0.04),.UNSPECIFIED.);
#17=B_SPLINE_SURFACE_WITH_KNOTS('',3,1,((#4821,#4822),(#4823,#4824),(#4825,
#4826),(#4827,#4828),(#4829,#4830)),.UNSPECIFIED.,.F.,.F.,.F.,(4,1,4),(2,
2),(0.,0.0189829372689808,0.0378278854508709),(0.,0.04),.UNSPECIFIED.);
#18=B_SPLINE_SURFACE_WITH_KNOTS('',3,1,((#4844,#4845),(#4846,#4847),(#4848,
#4849),(#4850,#4851),(#4852,#4853)),.UNSPECIFIED.,.F.,.F.,.F.,(4,1,4),(2,
2),(0.,0.0204803069710055,0.0398394165577258),(0.,0.04),.UNSPECIFIED.);
#19=B_SPLINE_SURFACE_WITH_KNOTS('',3,1,((#4867,#4868),(#4869,#4870),(#4871,
#4872),(#4873,#4874),(#4875,#4876)),.UNSPECIFIED.,.F.,.F.,.F.,(4,1,4),(2,
2),(0.,0.0323872072000108,0.0574475092466746),(0.,0.04),.UNSPECIFIED.);
#20=B_SPLINE_SURFACE_WITH_KNOTS('',3,1,((#4909,#4910),(#4911,#4912),(#4913,
#4914),(#4915,#4916),(#4917,#4918)),.UNSPECIFIED.,.F.,.F.,.F.,(4,1,4),(2,
2),(0.,0.0119552033143373,0.0295605472110727),(0.,0.04),.UNSPECIFIED.);
#21=B_SPLINE_SURFACE_WITH_KNOTS('',3,1,((#4926,#4927),(#4928,#4929),(#4930,
#4931),(#4932,#4933),(#4934,#4935)),.UNSPECIFIED.,.F.,.F.,.F.,(4,1,4),(2,
2),(0.,0.0136128010950984,0.0264800617627809),(0.,0.04),.UNSPECIFIED.);
#22=B_SPLINE_SURFACE_WITH_KNOTS('',3,1,((#4943,#4944),(#4945,#4946),(#4947,
#4948),(#4949,#4950),(#4951,#4952)),.UNSPECIFIED.,.F.,.F.,.F.,(4,1,4),(2,
2),(0.,0.0215833402435824,0.0380290312629243),(0.,0.04),.UNSPECIFIED.);
#23=B_SPLINE_SURFACE_WITH_KNOTS('',3,1,((#4960,#4961),(#4962,#4963),(#4964,
#4965),(#4966,#4967),(#4968,#4969)),.UNSPECIFIED.,.F.,.F.,.F.,(4,1,4),(2,
2),(0.,0.0381782139407306,0.0670753041339561),(0.,0.04),.UNSPECIFIED.);
#24=B_SPLINE_SURFACE_WITH_KNOTS('',3,1,((#4989,#4990),(#4991,#4992),(#4993,
#4994),(#4995,#4996),(#4997,#4998)),.UNSPECIFIED.,.F.,.F.,.F.,(4,1,4),(2,
2),(0.,0.0329095469988702,0.0691336974954879),(0.,0.04),.UNSPECIFIED.);
#25=B_SPLINE_SURFACE_WITH_KNOTS('',3,1,((#5006,#5007),(#5008,#5009),(#5010,
#5011),(#5012,#5013),(#5014,#5015)),.UNSPECIFIED.,.F.,.F.,.F.,(4,1,4),(2,
2),(0.,0.0210301296927785,0.037715706630051),(0.,0.04),.UNSPECIFIED.);
#26=B_SPLINE_SURFACE_WITH_KNOTS('',3,1,((#5023,#5024),(#5025,#5026),(#5027,
#5028),(#5029,#5030),(#5031,#5032)),.UNSPECIFIED.,.F.,.F.,.F.,(4,1,4),(2,
2),(0.,0.0424180742387488,0.0942055722477293),(0.,0.04),.UNSPECIFIED.);
#27=B_SPLINE_SURFACE_WITH_KNOTS('',3,1,((#5040,#5041),(#5042,#5043),(#5044,
#5045),(#5046,#5047),(#5048,#5049)),.UNSPECIFIED.,.F.,.F.,.F.,(4,1,4),(2,
2),(0.,0.0398228643879462,0.0783699442943217),(0.,0.04),.UNSPECIFIED.);
#28=B_SPLINE_SURFACE_WITH_KNOTS('',3,1,((#5057,#5058),(#5059,#5060),(#5061,
#5062),(#5063,#5064),(#5065,#5066)),.UNSPECIFIED.,.F.,.F.,.F.,(4,1,4),(2,
2),(0.,0.0313133324080373,0.0631687560945718),(0.,0.04),.UNSPECIFIED.);
#29=B_SPLINE_SURFACE_WITH_KNOTS('',3,1,((#5074,#5075),(#5076,#5077),(#5078,
#5079),(#5080,#5081),(#5082,#5083)),.UNSPECIFIED.,.F.,.F.,.F.,(4,1,4),(2,
2),(0.,0.0291350602858515,0.0593715209872021),(0.,0.04),.UNSPECIFIED.);
#30=B_SPLINE_SURFACE_WITH_KNOTS('',3,1,((#5091,#5092),(#5093,#5094),(#5095,
#5096),(#5097,#5098),(#5099,#5100)),.UNSPECIFIED.,.F.,.F.,.F.,(4,1,4),(2,
2),(0.,0.0471439271174608,0.0823278540121352),(0.,0.04),.UNSPECIFIED.);
#31=B_SPLINE_SURFACE_WITH_KNOTS('',3,1,((#5128,#5129),(#5130,#5131),(#5132,
#5133),(#5134,#5135),(#5136,#5137)),.UNSPECIFIED.,.F.,.F.,.F.,(4,1,4),(2,
2),(0.,0.0298980172705934,0.068674557468133),(0.,0.04),.UNSPECIFIED.);
#32=B_SPLINE_SURFACE_WITH_KNOTS('',3,1,((#5151,#5152),(#5153,#5154),(#5155,
#5156),(#5157,#5158),(#5159,#5160)),.UNSPECIFIED.,.F.,.F.,.F.,(4,1,4),(2,
2),(0.,0.0263606307607853,0.0522749944985032),(0.,0.04),.UNSPECIFIED.);
#33=B_SPLINE_SURFACE_WITH_KNOTS('',3,1,((#5174,#5175),(#5176,#5177),(#5178,
#5179),(#5180,#5181),(#5182,#5183)),.UNSPECIFIED.,.F.,.F.,.F.,(4,1,4),(2,
2),(0.,0.0189830124473502,0.0378279522149679),(0.,0.04),.UNSPECIFIED.);
#34=B_SPLINE_SURFACE_WITH_KNOTS('',3,1,((#5197,#5198),(#5199,#5200),(#5201,
#5202),(#5203,#5204),(#5205,#5206)),.UNSPECIFIED.,.F.,.F.,.F.,(4,1,4),(2,
2),(0.,0.0204803593809196,0.0398394286438193),(0.,0.04),.UNSPECIFIED.);
#35=B_SPLINE_SURFACE_WITH_KNOTS('',3,1,((#5220,#5221),(#5222,#5223),(#5224,
#5225),(#5226,#5227),(#5228,#5229)),.UNSPECIFIED.,.F.,.F.,.F.,(4,1,4),(2,
2),(0.,0.0323872667045952,0.057447568751259),(0.,0.04),.UNSPECIFIED.);
#36=B_SPLINE_SURFACE_WITH_KNOTS('',3,1,((#5262,#5263),(#5264,#5265),(#5266,
#5267),(#5268,#5269),(#5270,#5271)),.UNSPECIFIED.,.F.,.F.,.F.,(4,1,4),(2,
2),(0.,0.011955084963891,0.0295606671914996),(0.,0.04),.UNSPECIFIED.);
#37=B_SPLINE_SURFACE_WITH_KNOTS('',3,1,((#5279,#5280),(#5281,#5282),(#5283,
#5284),(#5285,#5286),(#5287,#5288)),.UNSPECIFIED.,.F.,.F.,.F.,(4,1,4),(2,
2),(0.,0.0136126438422292,0.0264800173142817),(0.,0.04),.UNSPECIFIED.);
#38=B_SPLINE_SURFACE_WITH_KNOTS('',3,1,((#5296,#5297),(#5298,#5299),(#5300,
#5301),(#5302,#5303),(#5304,#5305)),.UNSPECIFIED.,.F.,.F.,.F.,(4,1,4),(2,
2),(0.,0.0215833402435824,0.0380291229838541),(0.,0.04),.UNSPECIFIED.);
#39=B_SPLINE_SURFACE_WITH_KNOTS('',3,1,((#5313,#5314),(#5315,#5316),(#5317,
#5318),(#5319,#5320),(#5321,#5322)),.UNSPECIFIED.,.F.,.F.,.F.,(4,1,4),(2,
2),(0.,0.0381782799678474,0.0670753349863206),(0.,0.04),.UNSPECIFIED.);
#40=B_SPLINE_SURFACE_WITH_KNOTS('',3,1,((#5342,#5343),(#5344,#5345),(#5346,
#5347),(#5348,#5349),(#5350,#5351)),.UNSPECIFIED.,.F.,.F.,.F.,(4,1,4),(2,
2),(0.,0.0329095878921569,0.0691337383887746),(0.,0.04),.UNSPECIFIED.);
#41=B_SPLINE_SURFACE_WITH_KNOTS('',3,1,((#5359,#5360),(#5361,#5362),(#5363,
#5364),(#5365,#5366),(#5367,#5368)),.UNSPECIFIED.,.F.,.F.,.F.,(4,1,4),(2,
2),(0.,0.0210300249068619,0.0377156018441345),(0.,0.04),.UNSPECIFIED.);
#42=B_SPLINE_SURFACE_WITH_KNOTS('',3,1,((#5376,#5377),(#5378,#5379),(#5380,
#5381),(#5382,#5383),(#5384,#5385)),.UNSPECIFIED.,.F.,.F.,.F.,(4,1,4),(2,
2),(0.,0.0424180249714754,0.0942054653546339),(0.,0.04),.UNSPECIFIED.);
#43=B_SPLINE_SURFACE_WITH_KNOTS('',3,1,((#5393,#5394),(#5395,#5396),(#5397,
#5398),(#5399,#5400),(#5401,#5402)),.UNSPECIFIED.,.F.,.F.,.F.,(4,1,4),(2,
2),(0.,0.0398228850116465,0.078369964918022),(0.,0.04),.UNSPECIFIED.);
#44=B_SPLINE_SURFACE_WITH_KNOTS('',3,1,((#5410,#5411),(#5412,#5413),(#5414,
#5415),(#5416,#5417),(#5418,#5419)),.UNSPECIFIED.,.F.,.F.,.F.,(4,1,4),(2,
2),(0.,0.0313134036919632,0.0631688195930215),(0.,0.04),.UNSPECIFIED.);
#45=B_SPLINE_SURFACE_WITH_KNOTS('',3,1,((#5427,#5428),(#5429,#5430),(#5431,
#5432),(#5433,#5434),(#5435,#5436)),.UNSPECIFIED.,.F.,.F.,.F.,(4,1,4),(2,
2),(0.,0.0291351115008088,0.0593715722021594),(0.,0.04),.UNSPECIFIED.);
#46=B_SPLINE_SURFACE_WITH_KNOTS('',3,1,((#5444,#5445),(#5446,#5447),(#5448,
#5449),(#5450,#5451),(#5452,#5453)),.UNSPECIFIED.,.F.,.F.,.F.,(4,1,4),(2,
2),(0.,0.0471437485958104,0.0823277335007961),(0.,0.04),.UNSPECIFIED.);
#47=B_SPLINE_SURFACE_WITH_KNOTS('',3,1,((#5521,#5522),(#5523,#5524),(#5525,
#5526),(#5527,#5528),(#5529,#5530)),.UNSPECIFIED.,.F.,.F.,.F.,(4,1,4),(2,
2),(0.,0.0394261845543785,0.0794412237538037),(0.,0.04),.UNSPECIFIED.);
#48=B_SPLINE_SURFACE_WITH_KNOTS('',3,1,((#5547,#5548),(#5549,#5550),(#5551,
#5552),(#5553,#5554),(#5555,#5556)),.UNSPECIFIED.,.F.,.F.,.F.,(4,1,4),(2,
2),(0.,0.0488954582661832,0.0876837784716693),(0.,0.04),.UNSPECIFIED.);
#49=B_SPLINE_SURFACE_WITH_KNOTS('',3,1,((#5716,#5717),(#5718,#5719),(#5720,
#5721),(#5722,#5723),(#5724,#5725)),.UNSPECIFIED.,.F.,.F.,.F.,(4,1,4),(2,
2),(0.,0.0382716095254172,0.0755430432133013),(0.,0.04),.UNSPECIFIED.);
#50=B_SPLINE_SURFACE_WITH_KNOTS('',3,1,((#5735,#5736),(#5737,#5738),(#5739,
#5740),(#5741,#5742),(#5743,#5744)),.UNSPECIFIED.,.F.,.F.,.F.,(4,1,4),(2,
2),(0.,0.0500542853736473,0.0928320605281675),(0.,0.04),.UNSPECIFIED.);
#51=B_SPLINE_SURFACE_WITH_KNOTS('',3,1,((#5752,#5753),(#5754,#5755),(#5756,
#5757),(#5758,#5759),(#5760,#5761)),.UNSPECIFIED.,.F.,.F.,.F.,(4,1,4),(2,
2),(0.,0.0382465860314295,0.0791241377763918),(0.,0.04),.UNSPECIFIED.);
#52=B_SPLINE_SURFACE_WITH_KNOTS('',3,1,((#5769,#5770),(#5771,#5772),(#5773,
#5774),(#5775,#5776),(#5777,#5778)),.UNSPECIFIED.,.F.,.F.,.F.,(4,1,4),(2,
2),(0.,0.0335580890567944,0.0691902546849801),(0.,0.04),.UNSPECIFIED.);
#53=B_SPLINE_SURFACE_WITH_KNOTS('',3,1,((#5786,#5787),(#5788,#5789),(#5790,
#5791),(#5792,#5793),(#5794,#5795)),.UNSPECIFIED.,.F.,.F.,.F.,(4,1,4),(2,
2),(0.,0.0313377838103334,0.0635611864511164),(0.,0.04),.UNSPECIFIED.);
#54=B_SPLINE_SURFACE_WITH_KNOTS('',3,1,((#5803,#5804),(#5805,#5806),(#5807,
#5808),(#5809,#5810),(#5811,#5812)),.UNSPECIFIED.,.F.,.F.,.F.,(4,1,4),(2,
2),(0.,0.0293552458572969,0.0599600386742418),(0.,0.04),.UNSPECIFIED.);
#55=B_SPLINE_SURFACE_WITH_KNOTS('',3,1,((#5820,#5821),(#5822,#5823),(#5824,
#5825),(#5826,#5827),(#5828,#5829)),.UNSPECIFIED.,.F.,.F.,.F.,(4,1,4),(2,
2),(0.,0.0354169374962932,0.0663731694827135),(0.,0.04),.UNSPECIFIED.);
#56=B_SPLINE_SURFACE_WITH_KNOTS('',3,1,((#5837,#5838),(#5839,#5840),(#5841,
#5842),(#5843,#5844),(#5845,#5846)),.UNSPECIFIED.,.F.,.F.,.F.,(4,1,4),(2,
2),(0.,0.0560926187648786,0.0922262441616689),(0.,0.04),.UNSPECIFIED.);
#57=B_SPLINE_SURFACE_WITH_KNOTS('',3,1,((#5854,#5855),(#5856,#5857),(#5858,
#5859),(#5860,#5861),(#5862,#5863)),.UNSPECIFIED.,.F.,.F.,.F.,(4,1,4),(2,
2),(0.,0.0309796308351524,0.0851529172319736),(0.,0.04),.UNSPECIFIED.);
#58=B_SPLINE_SURFACE_WITH_KNOTS('',3,1,((#5871,#5872),(#5873,#5874),(#5875,
#5876),(#5877,#5878),(#5879,#5880)),.UNSPECIFIED.,.F.,.F.,.F.,(4,1,4),(2,
2),(0.,0.0200263702523856,0.0396859749898555),(0.,0.04),.UNSPECIFIED.);
#59=B_SPLINE_SURFACE_WITH_KNOTS('',3,1,((#5888,#5889),(#5890,#5891),(#5892,
#5893),(#5894,#5895),(#5896,#5897)),.UNSPECIFIED.,.F.,.F.,.F.,(4,1,4),(2,
2),(0.,0.0254555716887798,0.0491232278677521),(0.,0.04),.UNSPECIFIED.);
#60=B_SPLINE_SURFACE_WITH_KNOTS('',3,1,((#5905,#5906),(#5907,#5908),(#5909,
#5910),(#5911,#5912),(#5913,#5914)),.UNSPECIFIED.,.F.,.F.,.F.,(4,1,4),(2,
2),(0.,0.0417400285386465,0.0731289413407838),(0.,0.04),.UNSPECIFIED.);
#61=B_SPLINE_SURFACE_WITH_KNOTS('',3,1,((#5922,#5923),(#5924,#5925),(#5926,
#5927),(#5928,#5929),(#5930,#5931)),.UNSPECIFIED.,.F.,.F.,.F.,(4,1,4),(2,
2),(0.,0.0326411966551662,0.0734141664002253),(0.,0.04),.UNSPECIFIED.);
#62=B_SPLINE_SURFACE_WITH_KNOTS('',3,1,((#5939,#5940),(#5941,#5942),(#5943,
#5944),(#5945,#5946),(#5947,#5948)),.UNSPECIFIED.,.F.,.F.,.F.,(4,1,4),(2,
2),(0.,0.0344752363467061,0.0649240160456649),(0.,0.04),.UNSPECIFIED.);
#63=B_SPLINE_SURFACE_WITH_KNOTS('',3,1,((#5960,#5961),(#5962,#5963),(#5964,
#5965),(#5966,#5967),(#5968,#5969)),.UNSPECIFIED.,.F.,.F.,.F.,(4,1,4),(2,
2),(0.,0.0328316252642688,0.066653424606972),(0.,0.04),.UNSPECIFIED.);
#64=B_SPLINE_SURFACE_WITH_KNOTS('',3,1,((#5977,#5978),(#5979,#5980),(#5981,
#5982),(#5983,#5984),(#5985,#5986)),.UNSPECIFIED.,.F.,.F.,.F.,(4,1,4),(2,
2),(0.,0.0348740704674048,0.0679043236248051),(0.,0.04),.UNSPECIFIED.);
#65=B_SPLINE_SURFACE_WITH_KNOTS('',3,1,((#5994,#5995),(#5996,#5997),(#5998,
#5999),(#6000,#6001),(#6002,#6003)),.UNSPECIFIED.,.F.,.F.,.F.,(4,1,4),(2,
2),(0.,0.0420015341684317,0.0801421105249299),(0.,0.04),.UNSPECIFIED.);
#66=B_SPLINE_SURFACE_WITH_KNOTS('',3,1,((#6011,#6012),(#6013,#6014),(#6015,
#6016),(#6017,#6018),(#6019,#6020)),.UNSPECIFIED.,.F.,.F.,.F.,(4,1,4),(2,
2),(0.,0.0363274639350336,0.0750183267169299),(0.,0.04),.UNSPECIFIED.);
#67=B_SPLINE_SURFACE_WITH_KNOTS('',3,1,((#6028,#6029),(#6030,#6031),(#6032,
#6033),(#6034,#6035),(#6036,#6037)),.UNSPECIFIED.,.F.,.F.,.F.,(4,1,4),(2,
2),(0.,0.0313601178798485,0.0649329108067578),(0.,0.04),.UNSPECIFIED.);
#68=B_SPLINE_SURFACE_WITH_KNOTS('',3,1,((#6045,#6046),(#6047,#6048),(#6049,
#6050),(#6051,#6052),(#6053,#6054)),.UNSPECIFIED.,.F.,.F.,.F.,(4,1,4),(2,
2),(0.,0.0296109103382744,0.0598193423608373),(0.,0.04),.UNSPECIFIED.);
#69=B_SPLINE_SURFACE_WITH_KNOTS('',3,1,((#6062,#6063),(#6064,#6065),(#6066,
#6067),(#6068,#6069),(#6070,#6071)),.UNSPECIFIED.,.F.,.F.,.F.,(4,1,4),(2,
2),(0.,0.0258165904227773,0.0522786401672491),(0.,0.04),.UNSPECIFIED.);
#70=B_SPLINE_SURFACE_WITH_KNOTS('',3,1,((#6079,#6080),(#6081,#6082),(#6083,
#6084),(#6085,#6086),(#6087,#6088)),.UNSPECIFIED.,.F.,.F.,.F.,(4,1,4),(2,
2),(0.,0.030128497086077,0.0571601183391858),(0.,0.04),.UNSPECIFIED.);
#71=B_SPLINE_SURFACE_WITH_KNOTS('',3,1,((#6096,#6097),(#6098,#6099),(#6100,
#6101),(#6102,#6103),(#6104,#6105)),.UNSPECIFIED.,.F.,.F.,.F.,(4,1,4),(2,
2),(0.,0.0485942149475875,0.081274582734929),(0.,0.04),.UNSPECIFIED.);
#72=B_SPLINE_SURFACE_WITH_KNOTS('',3,1,((#6113,#6114),(#6115,#6116),(#6117,
#6118),(#6119,#6120),(#6121,#6122)),.UNSPECIFIED.,.F.,.F.,.F.,(4,1,4),(2,
2),(0.,0.0270665963333575,0.0738616414715321),(0.,0.04),.UNSPECIFIED.);
#73=B_SPLINE_SURFACE_WITH_KNOTS('',3,1,((#6130,#6131),(#6132,#6133),(#6134,
#6135),(#6136,#6137),(#6138,#6139)),.UNSPECIFIED.,.F.,.F.,.F.,(4,1,4),(2,
2),(0.,0.0193962508376406,0.0434501663299775),(0.,0.04),.UNSPECIFIED.);
#74=B_SPLINE_SURFACE_WITH_KNOTS('',3,1,((#6147,#6148),(#6149,#6150),(#6151,
#6152),(#6153,#6154),(#6155,#6156)),.UNSPECIFIED.,.F.,.F.,.F.,(4,1,4),(2,
2),(0.,0.0178428723581714,0.0351469321473907),(0.,0.04),.UNSPECIFIED.);
#75=B_SPLINE_SURFACE_WITH_KNOTS('',3,1,((#6164,#6165),(#6166,#6167),(#6168,
#6169),(#6170,#6171),(#6172,#6173)),.UNSPECIFIED.,.F.,.F.,.F.,(4,1,4),(2,
2),(0.,0.0184730336490849,0.0365339070117136),(0.,0.04),.UNSPECIFIED.);
#76=B_SPLINE_SURFACE_WITH_KNOTS('',3,1,((#6181,#6182),(#6183,#6184),(#6185,
#6186),(#6187,#6188),(#6189,#6190)),.UNSPECIFIED.,.F.,.F.,.F.,(4,1,4),(2,
2),(0.,0.0228695432407735,0.0428875075208539),(0.,0.04),.UNSPECIFIED.);
#77=B_SPLINE_SURFACE_WITH_KNOTS('',3,1,((#6198,#6199),(#6200,#6201),(#6202,
#6203),(#6204,#6205),(#6206,#6207)),.UNSPECIFIED.,.F.,.F.,.F.,(4,1,4),(2,
2),(0.,0.0286016709976407,0.0544647761427313),(0.,0.04),.UNSPECIFIED.);
#78=B_SPLINE_SURFACE_WITH_KNOTS('',3,1,((#6215,#6216),(#6217,#6218),(#6219,
#6220),(#6221,#6222),(#6223,#6224)),.UNSPECIFIED.,.F.,.F.,.F.,(4,1,4),(2,
2),(0.,0.0303263610434957,0.0628630296893274),(0.,0.04),.UNSPECIFIED.);
#79=B_SPLINE_SURFACE_WITH_KNOTS('',3,1,((#6232,#6233),(#6234,#6235),(#6236,
#6237),(#6238,#6239),(#6240,#6241)),.UNSPECIFIED.,.F.,.F.,.F.,(4,1,4),(2,
2),(0.,0.0240038708442757,0.0513874968610815),(0.,0.04),.UNSPECIFIED.);
#80=B_SPLINE_SURFACE_WITH_KNOTS('',3,1,((#6249,#6250),(#6251,#6252),(#6253,
#6254),(#6255,#6256),(#6257,#6258)),.UNSPECIFIED.,.F.,.F.,.F.,(4,1,4),(2,
2),(0.,0.0279491742262606,0.0523100594154143),(0.,0.04),.UNSPECIFIED.);
#81=B_SPLINE_SURFACE_WITH_KNOTS('',3,1,((#6270,#6271),(#6272,#6273),(#6274,
#6275),(#6276,#6277),(#6278,#6279)),.UNSPECIFIED.,.F.,.F.,.F.,(4,1,4),(2,
2),(0.,0.0374260829036154,0.075930886422483),(0.,0.04),.UNSPECIFIED.);
#82=B_SPLINE_CURVE_WITH_KNOTS('',3,(#4307,#4308,#4309,#4310,#4311),
 .UNSPECIFIED.,.F.,.F.,(4,1,4),(0.,0.0471439271174608,0.0823278540121352),
 .UNSPECIFIED.);
#83=B_SPLINE_CURVE_WITH_KNOTS('',3,(#4313,#4314,#4315,#4316,#4317),
 .UNSPECIFIED.,.F.,.F.,(4,1,4),(0.,0.0291350602858515,0.0593715209872021),
 .UNSPECIFIED.);
#84=B_SPLINE_CURVE_WITH_KNOTS('',3,(#4319,#4320,#4321,#4322,#4323),
 .UNSPECIFIED.,.F.,.F.,(4,1,4),(0.,0.0313133324080373,0.0631687560945718),
 .UNSPECIFIED.);
#85=B_SPLINE_CURVE_WITH_KNOTS('',3,(#4325,#4326,#4327,#4328,#4329),
 .UNSPECIFIED.,.F.,.F.,(4,1,4),(0.,0.0398228643879462,0.0783699442943217),
 .UNSPECIFIED.);
#86=B_SPLINE_CURVE_WITH_KNOTS('',3,(#4331,#4332,#4333,#4334,#4335),
 .UNSPECIFIED.,.F.,.F.,(4,1,4),(0.,0.0424180742387488,0.0942055722477293),
 .UNSPECIFIED.);
#87=B_SPLINE_CURVE_WITH_KNOTS('',3,(#4337,#4338,#4339,#4340,#4341),
 .UNSPECIFIED.,.F.,.F.,(4,1,4),(0.,0.0210301296927785,0.037715706630051),
 .UNSPECIFIED.);
#88=B_SPLINE_CURVE_WITH_KNOTS('',3,(#4343,#4344,#4345,#4346,#4347),
 .UNSPECIFIED.,.F.,.F.,(4,1,4),(0.,0.0329095469988702,0.0691336974954879),
 .UNSPECIFIED.);
#89=B_SPLINE_CURVE_WITH_KNOTS('',3,(#4355,#4356,#4357,#4358,#4359),
 .UNSPECIFIED.,.F.,.F.,(4,1,4),(0.,0.0381782139407306,0.0670753041339561),
 .UNSPECIFIED.);
#90=B_SPLINE_CURVE_WITH_KNOTS('',3,(#4361,#4362,#4363,#4364,#4365),
 .UNSPECIFIED.,.F.,.F.,(4,1,4),(0.,0.0215833402435824,0.0380290312629243),
 .UNSPECIFIED.);
#91=B_SPLINE_CURVE_WITH_KNOTS('',3,(#4367,#4368,#4369,#4370,#4371),
 .UNSPECIFIED.,.F.,.F.,(4,1,4),(0.,0.0136128010950984,0.0264800617627809),
 .UNSPECIFIED.);
#92=B_SPLINE_CURVE_WITH_KNOTS('',3,(#4373,#4374,#4375,#4376,#4377),
 .UNSPECIFIED.,.F.,.F.,(4,1,4),(0.,0.0119552033143373,0.0295605472110727),
 .UNSPECIFIED.);
#93=B_SPLINE_CURVE_WITH_KNOTS('',3,(#4389,#4390,#4391,#4392,#4393),
 .UNSPECIFIED.,.F.,.F.,(4,1,4),(0.,0.0471437485958104,0.0823277335007961),
 .UNSPECIFIED.);
#94=B_SPLINE_CURVE_WITH_KNOTS('',3,(#4395,#4396,#4397,#4398,#4399),
 .UNSPECIFIED.,.F.,.F.,(4,1,4),(0.,0.0291351115008088,0.0593715722021594),
 .UNSPECIFIED.);
#95=B_SPLINE_CURVE_WITH_KNOTS('',3,(#4401,#4402,#4403,#4404,#4405),
 .UNSPECIFIED.,.F.,.F.,(4,1,4),(0.,0.0313134036919632,0.0631688195930215),
 .UNSPECIFIED.);
#96=B_SPLINE_CURVE_WITH_KNOTS('',3,(#4407,#4408,#4409,#4410,#4411),
 .UNSPECIFIED.,.F.,.F.,(4,1,4),(0.,0.0398228850116465,0.078369964918022),
 .UNSPECIFIED.);
#97=B_SPLINE_CURVE_WITH_KNOTS('',3,(#4413,#4414,#4415,#4416,#4417),
 .UNSPECIFIED.,.F.,.F.,(4,1,4),(0.,0.0424180249714754,0.0942054653546339),
 .UNSPECIFIED.);
#98=B_SPLINE_CURVE_WITH_KNOTS('',3,(#4419,#4420,#4421,#4422,#4423),
 .UNSPECIFIED.,.F.,.F.,(4,1,4),(0.,0.0210300249068619,0.0377156018441345),
 .UNSPECIFIED.);
#99=B_SPLINE_CURVE_WITH_KNOTS('',3,(#4425,#4426,#4427,#4428,#4429),
 .UNSPECIFIED.,.F.,.F.,(4,1,4),(0.,0.0329095878921569,0.0691337383887746),
 .UNSPECIFIED.);
#100=B_SPLINE_CURVE_WITH_KNOTS('',3,(#4437,#4438,#4439,#4440,#4441),
 .UNSPECIFIED.,.F.,.F.,(4,1,4),(0.,0.0381782799678474,0.0670753349863206),
 .UNSPECIFIED.);
#101=B_SPLINE_CURVE_WITH_KNOTS('',3,(#4443,#4444,#4445,#4446,#4447),
 .UNSPECIFIED.,.F.,.F.,(4,1,4),(0.,0.0215833402435824,0.0380291229838541),
 .UNSPECIFIED.);
#102=B_SPLINE_CURVE_WITH_KNOTS('',3,(#4449,#4450,#4451,#4452,#4453),
 .UNSPECIFIED.,.F.,.F.,(4,1,4),(0.,0.0136126438422292,0.0264800173142817),
 .UNSPECIFIED.);
#103=B_SPLINE_CURVE_WITH_KNOTS('',3,(#4455,#4456,#4457,#4458,#4459),
 .UNSPECIFIED.,.F.,.F.,(4,1,4),(0.,0.011955084963891,0.0295606671914996),
 .UNSPECIFIED.);
#104=B_SPLINE_CURVE_WITH_KNOTS('',3,(#4551,#4552,#4553,#4554,#4555),
 .UNSPECIFIED.,.F.,.F.,(4,1,4),(0.,0.0382716095254172,0.0755430432133013),
 .UNSPECIFIED.);
#105=B_SPLINE_CURVE_WITH_KNOTS('',3,(#4557,#4558,#4559,#4560,#4561),
 .UNSPECIFIED.,.F.,.F.,(4,1,4),(0.,0.0374260829036154,0.075930886422483),
 .UNSPECIFIED.);
#106=B_SPLINE_CURVE_WITH_KNOTS('',3,(#4565,#4566,#4567,#4568,#4569),
 .UNSPECIFIED.,.F.,.F.,(4,1,4),(0.,0.0279491742262606,0.0523100594154143),
 .UNSPECIFIED.);
#107=B_SPLINE_CURVE_WITH_KNOTS('',3,(#4571,#4572,#4573,#4574,#4575),
 .UNSPECIFIED.,.F.,.F.,(4,1,4),(0.,0.0240038708442757,0.0513874968610815),
 .UNSPECIFIED.);
#108=B_SPLINE_CURVE_WITH_KNOTS('',3,(#4577,#4578,#4579,#4580,#4581),
 .UNSPECIFIED.,.F.,.F.,(4,1,4),(0.,0.0303263610434957,0.0628630296893274),
 .UNSPECIFIED.);
#109=B_SPLINE_CURVE_WITH_KNOTS('',3,(#4583,#4584,#4585,#4586,#4587),
 .UNSPECIFIED.,.F.,.F.,(4,1,4),(0.,0.0286016709976407,0.0544647761427313),
 .UNSPECIFIED.);
#110=B_SPLINE_CURVE_WITH_KNOTS('',3,(#4589,#4590,#4591,#4592,#4593),
 .UNSPECIFIED.,.F.,.F.,(4,1,4),(0.,0.0228695432407735,0.0428875075208539),
 .UNSPECIFIED.);
#111=B_SPLINE_CURVE_WITH_KNOTS('',3,(#4595,#4596,#4597,#4598,#4599),
 .UNSPECIFIED.,.F.,.F.,(4,1,4),(0.,0.0184730336490849,0.0365339070117136),
 .UNSPECIFIED.);
#112=B_SPLINE_CURVE_WITH_KNOTS('',3,(#4601,#4602,#4603,#4604,#4605),
 .UNSPECIFIED.,.F.,.F.,(4,1,4),(0.,0.0178428723581714,0.0351469321473907),
 .UNSPECIFIED.);
#113=B_SPLINE_CURVE_WITH_KNOTS('',3,(#4607,#4608,#4609,#4610,#4611),
 .UNSPECIFIED.,.F.,.F.,(4,1,4),(0.,0.0193962508376406,0.0434501663299775),
 .UNSPECIFIED.);
#114=B_SPLINE_CURVE_WITH_KNOTS('',3,(#4613,#4614,#4615,#4616,#4617),
 .UNSPECIFIED.,.F.,.F.,(4,1,4),(0.,0.0270665963333575,0.0738616414715321),
 .UNSPECIFIED.);
#115=B_SPLINE_CURVE_WITH_KNOTS('',3,(#4619,#4620,#4621,#4622,#4623),
 .UNSPECIFIED.,.F.,.F.,(4,1,4),(0.,0.0485942149475875,0.081274582734929),
 .UNSPECIFIED.);
#116=B_SPLINE_CURVE_WITH_KNOTS('',3,(#4625,#4626,#4627,#4628,#4629),
 .UNSPECIFIED.,.F.,.F.,(4,1,4),(0.,0.030128497086077,0.0571601183391858),
 .UNSPECIFIED.);
#117=B_SPLINE_CURVE_WITH_KNOTS('',3,(#4631,#4632,#4633,#4634,#4635),
 .UNSPECIFIED.,.F.,.F.,(4,1,4),(0.,0.0258165904227773,0.0522786401672491),
 .UNSPECIFIED.);
#118=B_SPLINE_CURVE_WITH_KNOTS('',3,(#4637,#4638,#4639,#4640,#4641),
 .UNSPECIFIED.,.F.,.F.,(4,1,4),(0.,0.0296109103382744,0.0598193423608373),
 .UNSPECIFIED.);
#119=B_SPLINE_CURVE_WITH_KNOTS('',3,(#4643,#4644,#4645,#4646,#4647),
 .UNSPECIFIED.,.F.,.F.,(4,1,4),(0.,0.0313601178798485,0.0649329108067578),
 .UNSPECIFIED.);
#120=B_SPLINE_CURVE_WITH_KNOTS('',3,(#4649,#4650,#4651,#4652,#4653),
 .UNSPECIFIED.,.F.,.F.,(4,1,4),(0.,0.0363274639350336,0.0750183267169299),
 .UNSPECIFIED.);
#121=B_SPLINE_CURVE_WITH_KNOTS('',3,(#4655,#4656,#4657,#4658,#4659),
 .UNSPECIFIED.,.F.,.F.,(4,1,4),(0.,0.0420015341684317,0.0801421105249299),
 .UNSPECIFIED.);
#122=B_SPLINE_CURVE_WITH_KNOTS('',3,(#4661,#4662,#4663,#4664,#4665),
 .UNSPECIFIED.,.F.,.F.,(4,1,4),(0.,0.0348740704674048,0.0679043236248051),
 .UNSPECIFIED.);
#123=B_SPLINE_CURVE_WITH_KNOTS('',3,(#4667,#4668,#4669,#4670,#4671),
 .UNSPECIFIED.,.F.,.F.,(4,1,4),(0.,0.0328316252642688,0.066653424606972),
 .UNSPECIFIED.);
#124=B_SPLINE_CURVE_WITH_KNOTS('',3,(#4675,#4676,#4677,#4678,#4679),
 .UNSPECIFIED.,.F.,.F.,(4,1,4),(0.,0.0344752363467061,0.0649240160456649),
 .UNSPECIFIED.);
#125=B_SPLINE_CURVE_WITH_KNOTS('',3,(#4681,#4682,#4683,#4684,#4685),
 .UNSPECIFIED.,.F.,.F.,(4,1,4),(0.,0.0326411966551662,0.0734141664002253),
 .UNSPECIFIED.);
#126=B_SPLINE_CURVE_WITH_KNOTS('',3,(#4687,#4688,#4689,#4690,#4691),
 .UNSPECIFIED.,.F.,.F.,(4,1,4),(0.,0.0417400285386465,0.0731289413407838),
 .UNSPECIFIED.);
#127=B_SPLINE_CURVE_WITH_KNOTS('',3,(#4693,#4694,#4695,#4696,#4697),
 .UNSPECIFIED.,.F.,.F.,(4,1,4),(0.,0.0254555716887798,0.0491232278677521),
 .UNSPECIFIED.);
#128=B_SPLINE_CURVE_WITH_KNOTS('',3,(#4699,#4700,#4701,#4702,#4703),
 .UNSPECIFIED.,.F.,.F.,(4,1,4),(0.,0.0200263702523856,0.0396859749898555),
 .UNSPECIFIED.);
#129=B_SPLINE_CURVE_WITH_KNOTS('',3,(#4705,#4706,#4707,#4708,#4709),
 .UNSPECIFIED.,.F.,.F.,(4,1,4),(0.,0.0309796308351524,0.0851529172319736),
 .UNSPECIFIED.);
#130=B_SPLINE_CURVE_WITH_KNOTS('',3,(#4711,#4712,#4713,#4714,#4715),
 .UNSPECIFIED.,.F.,.F.,(4,1,4),(0.,0.0560926187648786,0.0922262441616689),
 .UNSPECIFIED.);
#131=B_SPLINE_CURVE_WITH_KNOTS('',3,(#4717,#4718,#4719,#4720,#4721),
 .UNSPECIFIED.,.F.,.F.,(4,1,4),(0.,0.0354169374962932,0.0663731694827135),
 .UNSPECIFIED.);
#132=B_SPLINE_CURVE_WITH_KNOTS('',3,(#4723,#4724,#4725,#4726,#4727),
 .UNSPECIFIED.,.F.,.F.,(4,1,4),(0.,0.0293552458572969,0.0599600386742418),
 .UNSPECIFIED.);
#133=B_SPLINE_CURVE_WITH_KNOTS('',3,(#4729,#4730,#4731,#4732,#4733),
 .UNSPECIFIED.,.F.,.F.,(4,1,4),(0.,0.0313377838103334,0.0635611864511164),
 .UNSPECIFIED.);
#134=B_SPLINE_CURVE_WITH_KNOTS('',3,(#4735,#4736,#4737,#4738,#4739),
 .UNSPECIFIED.,.F.,.F.,(4,1,4),(0.,0.0335580890567944,0.0691902546849801),
 .UNSPECIFIED.);
#135=B_SPLINE_CURVE_WITH_KNOTS('',3,(#4741,#4742,#4743,#4744,#4745),
 .UNSPECIFIED.,.F.,.F.,(4,1,4),(0.,0.0382465860314295,0.0791241377763918),
 .UNSPECIFIED.);
#136=B_SPLINE_CURVE_WITH_KNOTS('',3,(#4746,#4747,#4748,#4749,#4750),
 .UNSPECIFIED.,.F.,.F.,(4,1,4),(0.,0.0500542853736473,0.0928320605281675),
 .UNSPECIFIED.);
#137=B_SPLINE_CURVE_WITH_KNOTS('',3,(#4786,#4787,#4788,#4789,#4790),
 .UNSPECIFIED.,.F.,.F.,(4,1,4),(0.,0.0298980172705934,0.0686744390897294),
 .UNSPECIFIED.);
#138=B_SPLINE_CURVE_WITH_KNOTS('',3,(#4793,#4794,#4795,#4796,#4797),
 .UNSPECIFIED.,.F.,.F.,(4,1,4),(0.,0.0298980172705934,0.0686744390897294),
 .UNSPECIFIED.);
#139=B_SPLINE_CURVE_WITH_KNOTS('',3,(#4809,#4810,#4811,#4812,#4813),
 .UNSPECIFIED.,.F.,.F.,(4,1,4),(0.,0.0263606307607853,0.0522749944985032),
 .UNSPECIFIED.);
#140=B_SPLINE_CURVE_WITH_KNOTS('',3,(#4816,#4817,#4818,#4819,#4820),
 .UNSPECIFIED.,.F.,.F.,(4,1,4),(0.,0.0263606307607853,0.0522749944985032),
 .UNSPECIFIED.);
#141=B_SPLINE_CURVE_WITH_KNOTS('',3,(#4832,#4833,#4834,#4835,#4836),
 .UNSPECIFIED.,.F.,.F.,(4,1,4),(0.,0.0189829372689808,0.0378278854508709),
 .UNSPECIFIED.);
#142=B_SPLINE_CURVE_WITH_KNOTS('',3,(#4839,#4840,#4841,#4842,#4843),
 .UNSPECIFIED.,.F.,.F.,(4,1,4),(0.,0.0189829372689808,0.0378278854508709),
 .UNSPECIFIED.);
#143=B_SPLINE_CURVE_WITH_KNOTS('',3,(#4855,#4856,#4857,#4858,#4859),
 .UNSPECIFIED.,.F.,.F.,(4,1,4),(0.,0.0204803069710055,0.0398394165577258),
 .UNSPECIFIED.);
#144=B_SPLINE_CURVE_WITH_KNOTS('',3,(#4862,#4863,#4864,#4865,#4866),
 .UNSPECIFIED.,.F.,.F.,(4,1,4),(0.,0.0204803069710055,0.0398394165577258),
 .UNSPECIFIED.);
#145=B_SPLINE_CURVE_WITH_KNOTS('',3,(#4878,#4879,#4880,#4881,#4882),
 .UNSPECIFIED.,.F.,.F.,(4,1,4),(0.,0.0323872072000108,0.0574475092466746),
 .UNSPECIFIED.);
#146=B_SPLINE_CURVE_WITH_KNOTS('',3,(#4885,#4886,#4887,#4888,#4889),
 .UNSPECIFIED.,.F.,.F.,(4,1,4),(0.,0.0323872072000108,0.0574475092466746),
 .UNSPECIFIED.);
#147=B_SPLINE_CURVE_WITH_KNOTS('',3,(#4921,#4922,#4923,#4924,#4925),
 .UNSPECIFIED.,.F.,.F.,(4,1,4),(0.,0.0119552033143373,0.0295605472110727),
 .UNSPECIFIED.);
#148=B_SPLINE_CURVE_WITH_KNOTS('',3,(#4938,#4939,#4940,#4941,#4942),
 .UNSPECIFIED.,.F.,.F.,(4,1,4),(0.,0.0136128010950984,0.0264800617627809),
 .UNSPECIFIED.);
#149=B_SPLINE_CURVE_WITH_KNOTS('',3,(#4955,#4956,#4957,#4958,#4959),
 .UNSPECIFIED.,.F.,.F.,(4,1,4),(0.,0.0215833402435824,0.0380290312629243),
 .UNSPECIFIED.);
#150=B_SPLINE_CURVE_WITH_KNOTS('',3,(#4972,#4973,#4974,#4975,#4976),
 .UNSPECIFIED.,.F.,.F.,(4,1,4),(0.,0.0381782139407306,0.0670753041339561),
 .UNSPECIFIED.);
#151=B_SPLINE_CURVE_WITH_KNOTS('',3,(#5001,#5002,#5003,#5004,#5005),
 .UNSPECIFIED.,.F.,.F.,(4,1,4),(0.,0.0329095469988702,0.0691336974954879),
 .UNSPECIFIED.);
#152=B_SPLINE_CURVE_WITH_KNOTS('',3,(#5018,#5019,#5020,#5021,#5022),
 .UNSPECIFIED.,.F.,.F.,(4,1,4),(0.,0.0210301296927785,0.037715706630051),
 .UNSPECIFIED.);
#153=B_SPLINE_CURVE_WITH_KNOTS('',3,(#5035,#5036,#5037,#5038,#5039),
 .UNSPECIFIED.,.F.,.F.,(4,1,4),(0.,0.0424180742387488,0.0942055722477293),
 .UNSPECIFIED.);
#154=B_SPLINE_CURVE_WITH_KNOTS('',3,(#5052,#5053,#5054,#5055,#5056),
 .UNSPECIFIED.,.F.,.F.,(4,1,4),(0.,0.0398228643879462,0.0783699442943217),
 .UNSPECIFIED.);
#155=B_SPLINE_CURVE_WITH_KNOTS('',3,(#5069,#5070,#5071,#5072,#5073),
 .UNSPECIFIED.,.F.,.F.,(4,1,4),(0.,0.0313133324080373,0.0631687560945718),
 .UNSPECIFIED.);
#156=B_SPLINE_CURVE_WITH_KNOTS('',3,(#5086,#5087,#5088,#5089,#5090),
 .UNSPECIFIED.,.F.,.F.,(4,1,4),(0.,0.0291350602858515,0.0593715209872021),
 .UNSPECIFIED.);
#157=B_SPLINE_CURVE_WITH_KNOTS('',3,(#5103,#5104,#5105,#5106,#5107),
 .UNSPECIFIED.,.F.,.F.,(4,1,4),(0.,0.0471439271174608,0.0823278540121352),
 .UNSPECIFIED.);
#158=B_SPLINE_CURVE_WITH_KNOTS('',3,(#5139,#5140,#5141,#5142,#5143),
 .UNSPECIFIED.,.F.,.F.,(4,1,4),(0.,0.0298980172705934,0.068674557468133),
 .UNSPECIFIED.);
#159=B_SPLINE_CURVE_WITH_KNOTS('',3,(#5146,#5147,#5148,#5149,#5150),
 .UNSPECIFIED.,.F.,.F.,(4,1,4),(0.,0.0298980172705934,0.068674557468133),
 .UNSPECIFIED.);
#160=B_SPLINE_CURVE_WITH_KNOTS('',3,(#5162,#5163,#5164,#5165,#5166),
 .UNSPECIFIED.,.F.,.F.,(4,1,4),(0.,0.0263606307607853,0.0522749944985032),
 .UNSPECIFIED.);
#161=B_SPLINE_CURVE_WITH_KNOTS('',3,(#5169,#5170,#5171,#5172,#5173),
 .UNSPECIFIED.,.F.,.F.,(4,1,4),(0.,0.0263606307607853,0.0522749944985032),
 .UNSPECIFIED.);
#162=B_SPLINE_CURVE_WITH_KNOTS('',3,(#5185,#5186,#5187,#5188,#5189),
 .UNSPECIFIED.,.F.,.F.,(4,1,4),(0.,0.0189830124473502,0.0378279522149679),
 .UNSPECIFIED.);
#163=B_SPLINE_CURVE_WITH_KNOTS('',3,(#5192,#5193,#5194,#5195,#5196),
 .UNSPECIFIED.,.F.,.F.,(4,1,4),(0.,0.0189830124473502,0.0378279522149679),
 .UNSPECIFIED.);
#164=B_SPLINE_CURVE_WITH_KNOTS('',3,(#5208,#5209,#5210,#5211,#5212),
 .UNSPECIFIED.,.F.,.F.,(4,1,4),(0.,0.0204803593809196,0.0398394286438193),
 .UNSPECIFIED.);
#165=B_SPLINE_CURVE_WITH_KNOTS('',3,(#5215,#5216,#5217,#5218,#5219),
 .UNSPECIFIED.,.F.,.F.,(4,1,4),(0.,0.0204803593809196,0.0398394286438193),
 .UNSPECIFIED.);
#166=B_SPLINE_CURVE_WITH_KNOTS('',3,(#5231,#5232,#5233,#5234,#5235),
 .UNSPECIFIED.,.F.,.F.,(4,1,4),(0.,0.0323872667045952,0.057447568751259),
 .UNSPECIFIED.);
#167=B_SPLINE_CURVE_WITH_KNOTS('',3,(#5238,#5239,#5240,#5241,#5242),
 .UNSPECIFIED.,.F.,.F.,(4,1,4),(0.,0.0323872667045952,0.057447568751259),
 .UNSPECIFIED.);
#168=B_SPLINE_CURVE_WITH_KNOTS('',3,(#5274,#5275,#5276,#5277,#5278),
 .UNSPECIFIED.,.F.,.F.,(4,1,4),(0.,0.011955084963891,0.0295606671914996),
 .UNSPECIFIED.);
#169=B_SPLINE_CURVE_WITH_KNOTS('',3,(#5291,#5292,#5293,#5294,#5295),
 .UNSPECIFIED.,.F.,.F.,(4,1,4),(0.,0.0136126438422292,0.0264800173142817),
 .UNSPECIFIED.);
#170=B_SPLINE_CURVE_WITH_KNOTS('',3,(#5308,#5309,#5310,#5311,#5312),
 .UNSPECIFIED.,.F.,.F.,(4,1,4),(0.,0.0215833402435824,0.0380291229838541),
 .UNSPECIFIED.);
#171=B_SPLINE_CURVE_WITH_KNOTS('',3,(#5325,#5326,#5327,#5328,#5329),
 .UNSPECIFIED.,.F.,.F.,(4,1,4),(0.,0.0381782799678474,0.0670753349863206),
 .UNSPECIFIED.);
#172=B_SPLINE_CURVE_WITH_KNOTS('',3,(#5354,#5355,#5356,#5357,#5358),
 .UNSPECIFIED.,.F.,.F.,(4,1,4),(0.,0.0329095878921569,0.0691337383887746),
 .UNSPECIFIED.);
#173=B_SPLINE_CURVE_WITH_KNOTS('',3,(#5371,#5372,#5373,#5374,#5375),
 .UNSPECIFIED.,.F.,.F.,(4,1,4),(0.,0.0210300249068619,0.0377156018441345),
 .UNSPECIFIED.);
#174=B_SPLINE_CURVE_WITH_KNOTS('',3,(#5388,#5389,#5390,#5391,#5392),
 .UNSPECIFIED.,.F.,.F.,(4,1,4),(0.,0.0424180249714754,0.0942054653546339),
 .UNSPECIFIED.);
#175=B_SPLINE_CURVE_WITH_KNOTS('',3,(#5405,#5406,#5407,#5408,#5409),
 .UNSPECIFIED.,.F.,.F.,(4,1,4),(0.,0.0398228850116465,0.078369964918022),
 .UNSPECIFIED.);
#176=B_SPLINE_CURVE_WITH_KNOTS('',3,(#5422,#5423,#5424,#5425,#5426),
 .UNSPECIFIED.,.F.,.F.,(4,1,4),(0.,0.0313134036919632,0.0631688195930215),
 .UNSPECIFIED.);
#177=B_SPLINE_CURVE_WITH_KNOTS('',3,(#5439,#5440,#5441,#5442,#5443),
 .UNSPECIFIED.,.F.,.F.,(4,1,4),(0.,0.0291351115008088,0.0593715722021594),
 .UNSPECIFIED.);
#178=B_SPLINE_CURVE_WITH_KNOTS('',3,(#5456,#5457,#5458,#5459,#5460),
 .UNSPECIFIED.,.F.,.F.,(4,1,4),(0.,0.0471437485958104,0.0823277335007961),
 .UNSPECIFIED.);
#179=B_SPLINE_CURVE_WITH_KNOTS('',3,(#5533,#5534,#5535,#5536,#5537),
 .UNSPECIFIED.,.F.,.F.,(4,1,4),(0.,0.0394261845543785,0.0794412237538037),
 .UNSPECIFIED.);
#180=B_SPLINE_CURVE_WITH_KNOTS('',3,(#5541,#5542,#5543,#5544,#5545),
 .UNSPECIFIED.,.F.,.F.,(4,1,4),(0.,0.0394261845543785,0.0794412237538037),
 .UNSPECIFIED.);
#181=B_SPLINE_CURVE_WITH_KNOTS('',3,(#5558,#5559,#5560,#5561,#5562),
 .UNSPECIFIED.,.F.,.F.,(4,1,4),(0.,0.0488954582661832,0.0876837784716693),
 .UNSPECIFIED.);
#182=B_SPLINE_CURVE_WITH_KNOTS('',3,(#5565,#5566,#5567,#5568,#5569),
 .UNSPECIFIED.,.F.,.F.,(4,1,4),(0.,0.0488954582661832,0.0876837784716693),
 .UNSPECIFIED.);
#183=B_SPLINE_CURVE_WITH_KNOTS('',3,(#5729,#5730,#5731,#5732,#5733),
 .UNSPECIFIED.,.F.,.F.,(4,1,4),(0.,0.0382716095254172,0.0755430432133013),
 .UNSPECIFIED.);
#184=B_SPLINE_CURVE_WITH_KNOTS('',3,(#5747,#5748,#5749,#5750,#5751),
 .UNSPECIFIED.,.F.,.F.,(4,1,4),(0.,0.0500542853736473,0.0928320605281675),
 .UNSPECIFIED.);
#185=B_SPLINE_CURVE_WITH_KNOTS('',3,(#5764,#5765,#5766,#5767,#5768),
 .UNSPECIFIED.,.F.,.F.,(4,1,4),(0.,0.0382465860314295,0.0791241377763918),
 .UNSPECIFIED.);
#186=B_SPLINE_CURVE_WITH_KNOTS('',3,(#5781,#5782,#5783,#5784,#5785),
 .UNSPECIFIED.,.F.,.F.,(4,1,4),(0.,0.0335580890567944,0.0691902546849801),
 .UNSPECIFIED.);
#187=B_SPLINE_CURVE_WITH_KNOTS('',3,(#5798,#5799,#5800,#5801,#5802),
 .UNSPECIFIED.,.F.,.F.,(4,1,4),(0.,0.0313377838103334,0.0635611864511164),
 .UNSPECIFIED.);
#188=B_SPLINE_CURVE_WITH_KNOTS('',3,(#5815,#5816,#5817,#5818,#5819),
 .UNSPECIFIED.,.F.,.F.,(4,1,4),(0.,0.0293552458572969,0.0599600386742418),
 .UNSPECIFIED.);
#189=B_SPLINE_CURVE_WITH_KNOTS('',3,(#5832,#5833,#5834,#5835,#5836),
 .UNSPECIFIED.,.F.,.F.,(4,1,4),(0.,0.0354169374962932,0.0663731694827135),
 .UNSPECIFIED.);
#190=B_SPLINE_CURVE_WITH_KNOTS('',3,(#5849,#5850,#5851,#5852,#5853),
 .UNSPECIFIED.,.F.,.F.,(4,1,4),(0.,0.0560926187648786,0.0922262441616689),
 .UNSPECIFIED.);
#191=B_SPLINE_CURVE_WITH_KNOTS('',3,(#5866,#5867,#5868,#5869,#5870),
 .UNSPECIFIED.,.F.,.F.,(4,1,4),(0.,0.0309796308351524,0.0851529172319736),
 .UNSPECIFIED.);
#192=B_SPLINE_CURVE_WITH_KNOTS('',3,(#5883,#5884,#5885,#5886,#5887),
 .UNSPECIFIED.,.F.,.F.,(4,1,4),(0.,0.0200263702523856,0.0396859749898555),
 .UNSPECIFIED.);
#193=B_SPLINE_CURVE_WITH_KNOTS('',3,(#5900,#5901,#5902,#5903,#5904),
 .UNSPECIFIED.,.F.,.F.,(4,1,4),(0.,0.0254555716887798,0.0491232278677521),
 .UNSPECIFIED.);
#194=B_SPLINE_CURVE_WITH_KNOTS('',3,(#5917,#5918,#5919,#5920,#5921),
 .UNSPECIFIED.,.F.,.F.,(4,1,4),(0.,0.0417400285386465,0.0731289413407838),
 .UNSPECIFIED.);
#195=B_SPLINE_CURVE_WITH_KNOTS('',3,(#5934,#5935,#5936,#5937,#5938),
 .UNSPECIFIED.,.F.,.F.,(4,1,4),(0.,0.0326411966551662,0.0734141664002253),
 .UNSPECIFIED.);
#196=B_SPLINE_CURVE_WITH_KNOTS('',3,(#5951,#5952,#5953,#5954,#5955),
 .UNSPECIFIED.,.F.,.F.,(4,1,4),(0.,0.0344752363467061,0.0649240160456649),
 .UNSPECIFIED.);
#197=B_SPLINE_CURVE_WITH_KNOTS('',3,(#5972,#5973,#5974,#5975,#5976),
 .UNSPECIFIED.,.F.,.F.,(4,1,4),(0.,0.0328316252642688,0.066653424606972),
 .UNSPECIFIED.);
#198=B_SPLINE_CURVE_WITH_KNOTS('',3,(#5989,#5990,#5991,#5992,#5993),
 .UNSPECIFIED.,.F.,.F.,(4,1,4),(0.,0.0348740704674048,0.0679043236248051),
 .UNSPECIFIED.);
#199=B_SPLINE_CURVE_WITH_KNOTS('',3,(#6006,#6007,#6008,#6009,#6010),
 .UNSPECIFIED.,.F.,.F.,(4,1,4),(0.,0.0420015341684317,0.0801421105249299),
 .UNSPECIFIED.);
#200=B_SPLINE_CURVE_WITH_KNOTS('',3,(#6023,#6024,#6025,#6026,#6027),
 .UNSPECIFIED.,.F.,.F.,(4,1,4),(0.,0.0363274639350336,0.0750183267169299),
 .UNSPECIFIED.);
#201=B_SPLINE_CURVE_WITH_KNOTS('',3,(#6040,#6041,#6042,#6043,#6044),
 .UNSPECIFIED.,.F.,.F.,(4,1,4),(0.,0.0313601178798485,0.0649329108067578),
 .UNSPECIFIED.);
#202=B_SPLINE_CURVE_WITH_KNOTS('',3,(#6057,#6058,#6059,#6060,#6061),
 .UNSPECIFIED.,.F.,.F.,(4,1,4),(0.,0.0296109103382744,0.0598193423608373),
 .UNSPECIFIED.);
#203=B_SPLINE_CURVE_WITH_KNOTS('',3,(#6074,#6075,#6076,#6077,#6078),
 .UNSPECIFIED.,.F.,.F.,(4,1,4),(0.,0.0258165904227773,0.0522786401672491),
 .UNSPECIFIED.);
#204=B_SPLINE_CURVE_WITH_KNOTS('',3,(#6091,#6092,#6093,#6094,#6095),
 .UNSPECIFIED.,.F.,.F.,(4,1,4),(0.,0.030128497086077,0.0571601183391858),
 .UNSPECIFIED.);
#205=B_SPLINE_CURVE_WITH_KNOTS('',3,(#6108,#6109,#6110,#6111,#6112),
 .UNSPECIFIED.,.F.,.F.,(4,1,4),(0.,0.0485942149475875,0.081274582734929),
 .UNSPECIFIED.);
#206=B_SPLINE_CURVE_WITH_KNOTS('',3,(#6125,#6126,#6127,#6128,#6129),
 .UNSPECIFIED.,.F.,.F.,(4,1,4),(0.,0.0270665963333575,0.0738616414715321),
 .UNSPECIFIED.);
#207=B_SPLINE_CURVE_WITH_KNOTS('',3,(#6142,#6143,#6144,#6145,#6146),
 .UNSPECIFIED.,.F.,.F.,(4,1,4),(0.,0.0193962508376406,0.0434501663299775),
 .UNSPECIFIED.);
#208=B_SPLINE_CURVE_WITH_KNOTS('',3,(#6159,#6160,#6161,#6162,#6163),
 .UNSPECIFIED.,.F.,.F.,(4,1,4),(0.,0.0178428723581714,0.0351469321473907),
 .UNSPECIFIED.);
#209=B_SPLINE_CURVE_WITH_KNOTS('',3,(#6176,#6177,#6178,#6179,#6180),
 .UNSPECIFIED.,.F.,.F.,(4,1,4),(0.,0.0184730336490849,0.0365339070117136),
 .UNSPECIFIED.);
#210=B_SPLINE_CURVE_WITH_KNOTS('',3,(#6193,#6194,#6195,#6196,#6197),
 .UNSPECIFIED.,.F.,.F.,(4,1,4),(0.,0.0228695432407735,0.0428875075208539),
 .UNSPECIFIED.);
#211=B_SPLINE_CURVE_WITH_KNOTS('',3,(#6210,#6211,#6212,#6213,#6214),
 .UNSPECIFIED.,.F.,.F.,(4,1,4),(0.,0.0286016709976407,0.0544647761427313),
 .UNSPECIFIED.);
#212=B_SPLINE_CURVE_WITH_KNOTS('',3,(#6227,#6228,#6229,#6230,#6231),
 .UNSPECIFIED.,.F.,.F.,(4,1,4),(0.,0.0303263610434957,0.0628630296893274),
 .UNSPECIFIED.);
#213=B_SPLINE_CURVE_WITH_KNOTS('',3,(#6244,#6245,#6246,#6247,#6248),
 .UNSPECIFIED.,.F.,.F.,(4,1,4),(0.,0.0240038708442757,0.0513874968610815),
 .UNSPECIFIED.);
#214=B_SPLINE_CURVE_WITH_KNOTS('',3,(#6261,#6262,#6263,#6264,#6265),
 .UNSPECIFIED.,.F.,.F.,(4,1,4),(0.,0.0279491742262606,0.0523100594154143),
 .UNSPECIFIED.);
#215=B_SPLINE_CURVE_WITH_KNOTS('',3,(#6280,#6281,#6282,#6283,#6284),
 .UNSPECIFIED.,.F.,.F.,(4,1,4),(0.,0.0374260829036154,0.075930886422483),
 .UNSPECIFIED.);
#216=CYLINDRICAL_SURFACE('',#3455,5.);
#217=CYLINDRICAL_SURFACE('',#3457,5.);
#218=CYLINDRICAL_SURFACE('',#3468,5.);
#219=CYLINDRICAL_SURFACE('',#3470,5.);
#220=CYLINDRICAL_SURFACE('',#3551,1.45);
#221=CYLINDRICAL_SURFACE('',#3553,3.);
#222=CYLINDRICAL_SURFACE('',#3557,3.);
#223=CYLINDRICAL_SURFACE('',#3561,3.);
#224=CYLINDRICAL_SURFACE('',#3565,3.);
#225=CYLINDRICAL_SURFACE('',#3569,3.5);
#226=CYLINDRICAL_SURFACE('',#3573,4.);
#227=CYLINDRICAL_SURFACE('',#3581,1.45);
#228=CYLINDRICAL_SURFACE('',#3582,1.45);
#229=CYLINDRICAL_SURFACE('',#3583,1.45);
#230=CYLINDRICAL_SURFACE('',#3584,1.45);
#231=FACE_BOUND('',#474,.T.);
#232=FACE_BOUND('',#475,.T.);
#233=FACE_BOUND('',#476,.T.);
#234=FACE_BOUND('',#477,.T.);
#235=FACE_BOUND('',#483,.T.);
#236=FACE_BOUND('',#484,.T.);
#237=FACE_BOUND('',#485,.T.);
#238=FACE_BOUND('',#486,.T.);
#239=FACE_BOUND('',#487,.T.);
#240=FACE_BOUND('',#488,.T.);
#241=FACE_BOUND('',#489,.T.);
#242=FACE_BOUND('',#490,.T.);
#243=FACE_BOUND('',#491,.T.);
#244=FACE_BOUND('',#492,.T.);
#245=FACE_BOUND('',#493,.T.);
#246=FACE_BOUND('',#494,.T.);
#247=FACE_BOUND('',#526,.T.);
#248=FACE_BOUND('',#555,.T.);
#249=FACE_BOUND('',#583,.T.);
#250=FACE_BOUND('',#659,.T.);
#251=FACE_BOUND('',#672,.T.);
#252=FACE_BOUND('',#673,.T.);
#253=FACE_BOUND('',#674,.T.);
#254=FACE_BOUND('',#675,.T.);
#255=FACE_BOUND('',#676,.T.);
#256=FACE_BOUND('',#677,.T.);
#257=CIRCLE('',#3446,5.);
#258=CIRCLE('',#3447,5.);
#259=CIRCLE('',#3448,5.);
#260=CIRCLE('',#3449,5.);
#261=CIRCLE('',#3450,1.45);
#262=CIRCLE('',#3451,1.45);
#263=CIRCLE('',#3452,1.45);
#264=CIRCLE('',#3453,1.45);
#265=CIRCLE('',#3456,5.);
#266=CIRCLE('',#3458,5.);
#267=CIRCLE('',#3461,5.);
#268=CIRCLE('',#3462,5.);
#269=CIRCLE('',#3463,1.45);
#270=CIRCLE('',#3464,1.45);
#271=CIRCLE('',#3465,1.45);
#272=CIRCLE('',#3466,1.45);
#273=CIRCLE('',#3467,1.45);
#274=CIRCLE('',#3552,1.45);
#275=CIRCLE('',#3554,3.);
#276=CIRCLE('',#3555,3.);
#277=CIRCLE('',#3558,3.);
#278=CIRCLE('',#3559,3.);
#279=CIRCLE('',#3562,3.);
#280=CIRCLE('',#3563,3.);
#281=CIRCLE('',#3566,3.);
#282=CIRCLE('',#3567,3.);
#283=CIRCLE('',#3570,3.5);
#284=CIRCLE('',#3571,3.5);
#285=CIRCLE('',#3574,4.);
#286=CIRCLE('',#3575,4.);
#287=FACE_OUTER_BOUND('',#470,.T.);
#288=FACE_OUTER_BOUND('',#471,.T.);
#289=FACE_OUTER_BOUND('',#472,.T.);
#290=FACE_OUTER_BOUND('',#473,.T.);
#291=FACE_OUTER_BOUND('',#478,.T.);
#292=FACE_OUTER_BOUND('',#479,.T.);
#293=FACE_OUTER_BOUND('',#480,.T.);
#294=FACE_OUTER_BOUND('',#481,.T.);
#295=FACE_OUTER_BOUND('',#482,.T.);
#296=FACE_OUTER_BOUND('',#495,.T.);
#297=FACE_OUTER_BOUND('',#496,.T.);
#298=FACE_OUTER_BOUND('',#497,.T.);
#299=FACE_OUTER_BOUND('',#498,.T.);
#300=FACE_OUTER_BOUND('',#499,.T.);
#301=FACE_OUTER_BOUND('',#500,.T.);
#302=FACE_OUTER_BOUND('',#501,.T.);
#303=FACE_OUTER_BOUND('',#502,.T.);
#304=FACE_OUTER_BOUND('',#503,.T.);
#305=FACE_OUTER_BOUND('',#504,.T.);
#306=FACE_OUTER_BOUND('',#505,.T.);
#307=FACE_OUTER_BOUND('',#506,.T.);
#308=FACE_OUTER_BOUND('',#507,.T.);
#309=FACE_OUTER_BOUND('',#508,.T.);
#310=FACE_OUTER_BOUND('',#509,.T.);
#311=FACE_OUTER_BOUND('',#510,.T.);
#312=FACE_OUTER_BOUND('',#511,.T.);
#313=FACE_OUTER_BOUND('',#512,.T.);
#314=FACE_OUTER_BOUND('',#513,.T.);
#315=FACE_OUTER_BOUND('',#514,.T.);
#316=FACE_OUTER_BOUND('',#515,.T.);
#317=FACE_OUTER_BOUND('',#516,.T.);
#318=FACE_OUTER_BOUND('',#517,.T.);
#319=FACE_OUTER_BOUND('',#518,.T.);
#320=FACE_OUTER_BOUND('',#519,.T.);
#321=FACE_OUTER_BOUND('',#520,.T.);
#322=FACE_OUTER_BOUND('',#521,.T.);
#323=FACE_OUTER_BOUND('',#522,.T.);
#324=FACE_OUTER_BOUND('',#523,.T.);
#325=FACE_OUTER_BOUND('',#524,.T.);
#326=FACE_OUTER_BOUND('',#525,.T.);
#327=FACE_OUTER_BOUND('',#527,.T.);
#328=FACE_OUTER_BOUND('',#528,.T.);
#329=FACE_OUTER_BOUND('',#529,.T.);
#330=FACE_OUTER_BOUND('',#530,.T.);
#331=FACE_OUTER_BOUND('',#531,.T.);
#332=FACE_OUTER_BOUND('',#532,.T.);
#333=FACE_OUTER_BOUND('',#533,.T.);
#334=FACE_OUTER_BOUND('',#534,.T.);
#335=FACE_OUTER_BOUND('',#535,.T.);
#336=FACE_OUTER_BOUND('',#536,.T.);
#337=FACE_OUTER_BOUND('',#537,.T.);
#338=FACE_OUTER_BOUND('',#538,.T.);
#339=FACE_OUTER_BOUND('',#539,.T.);
#340=FACE_OUTER_BOUND('',#540,.T.);
#341=FACE_OUTER_BOUND('',#541,.T.);
#342=FACE_OUTER_BOUND('',#542,.T.);
#343=FACE_OUTER_BOUND('',#543,.T.);
#344=FACE_OUTER_BOUND('',#544,.T.);
#345=FACE_OUTER_BOUND('',#545,.T.);
#346=FACE_OUTER_BOUND('',#546,.T.);
#347=FACE_OUTER_BOUND('',#547,.T.);
#348=FACE_OUTER_BOUND('',#548,.T.);
#349=FACE_OUTER_BOUND('',#549,.T.);
#350=FACE_OUTER_BOUND('',#550,.T.);
#351=FACE_OUTER_BOUND('',#551,.T.);
#352=FACE_OUTER_BOUND('',#552,.T.);
#353=FACE_OUTER_BOUND('',#553,.T.);
#354=FACE_OUTER_BOUND('',#554,.T.);
#355=FACE_OUTER_BOUND('',#556,.T.);
#356=FACE_OUTER_BOUND('',#557,.T.);
#357=FACE_OUTER_BOUND('',#558,.T.);
#358=FACE_OUTER_BOUND('',#559,.T.);
#359=FACE_OUTER_BOUND('',#560,.T.);
#360=FACE_OUTER_BOUND('',#561,.T.);
#361=FACE_OUTER_BOUND('',#562,.T.);
#362=FACE_OUTER_BOUND('',#563,.T.);
#363=FACE_OUTER_BOUND('',#564,.T.);
#364=FACE_OUTER_BOUND('',#565,.T.);
#365=FACE_OUTER_BOUND('',#566,.T.);
#366=FACE_OUTER_BOUND('',#567,.T.);
#367=FACE_OUTER_BOUND('',#568,.T.);
#368=FACE_OUTER_BOUND('',#569,.T.);
#369=FACE_OUTER_BOUND('',#570,.T.);
#370=FACE_OUTER_BOUND('',#571,.T.);
#371=FACE_OUTER_BOUND('',#572,.T.);
#372=FACE_OUTER_BOUND('',#573,.T.);
#373=FACE_OUTER_BOUND('',#574,.T.);
#374=FACE_OUTER_BOUND('',#575,.T.);
#375=FACE_OUTER_BOUND('',#576,.T.);
#376=FACE_OUTER_BOUND('',#577,.T.);
#377=FACE_OUTER_BOUND('',#578,.T.);
#378=FACE_OUTER_BOUND('',#579,.T.);
#379=FACE_OUTER_BOUND('',#580,.T.);
#380=FACE_OUTER_BOUND('',#581,.T.);
#381=FACE_OUTER_BOUND('',#582,.T.);
#382=FACE_OUTER_BOUND('',#584,.T.);
#383=FACE_OUTER_BOUND('',#585,.T.);
#384=FACE_OUTER_BOUND('',#586,.T.);
#385=FACE_OUTER_BOUND('',#587,.T.);
#386=FACE_OUTER_BOUND('',#588,.T.);
#387=FACE_OUTER_BOUND('',#589,.T.);
#388=FACE_OUTER_BOUND('',#590,.T.);
#389=FACE_OUTER_BOUND('',#591,.T.);
#390=FACE_OUTER_BOUND('',#592,.T.);
#391=FACE_OUTER_BOUND('',#593,.T.);
#392=FACE_OUTER_BOUND('',#594,.T.);
#393=FACE_OUTER_BOUND('',#595,.T.);
#394=FACE_OUTER_BOUND('',#596,.T.);
#395=FACE_OUTER_BOUND('',#597,.T.);
#396=FACE_OUTER_BOUND('',#598,.T.);
#397=FACE_OUTER_BOUND('',#599,.T.);
#398=FACE_OUTER_BOUND('',#600,.T.);
#399=FACE_OUTER_BOUND('',#601,.T.);
#400=FACE_OUTER_BOUND('',#602,.T.);
#401=FACE_OUTER_BOUND('',#603,.T.);
#402=FACE_OUTER_BOUND('',#604,.T.);
#403=FACE_OUTER_BOUND('',#605,.T.);
#404=FACE_OUTER_BOUND('',#606,.T.);
#405=FACE_OUTER_BOUND('',#607,.T.);
#406=FACE_OUTER_BOUND('',#608,.T.);
#407=FACE_OUTER_BOUND('',#609,.T.);
#408=FACE_OUTER_BOUND('',#610,.T.);
#409=FACE_OUTER_BOUND('',#611,.T.);
#410=FACE_OUTER_BOUND('',#612,.T.);
#411=FACE_OUTER_BOUND('',#613,.T.);
#412=FACE_OUTER_BOUND('',#614,.T.);
#413=FACE_OUTER_BOUND('',#615,.T.);
#414=FACE_OUTER_BOUND('',#616,.T.);
#415=FACE_OUTER_BOUND('',#617,.T.);
#416=FACE_OUTER_BOUND('',#618,.T.);
#417=FACE_OUTER_BOUND('',#619,.T.);
#418=FACE_OUTER_BOUND('',#620,.T.);
#419=FACE_OUTER_BOUND('',#621,.T.);
#420=FACE_OUTER_BOUND('',#622,.T.);
#421=FACE_OUTER_BOUND('',#623,.T.);
#422=FACE_OUTER_BOUND('',#624,.T.);
#423=FACE_OUTER_BOUND('',#625,.T.);
#424=FACE_OUTER_BOUND('',#626,.T.);
#425=FACE_OUTER_BOUND('',#627,.T.);
#426=FACE_OUTER_BOUND('',#628,.T.);
#427=FACE_OUTER_BOUND('',#629,.T.);
#428=FACE_OUTER_BOUND('',#630,.T.);
#429=FACE_OUTER_BOUND('',#631,.T.);
#430=FACE_OUTER_BOUND('',#632,.T.);
#431=FACE_OUTER_BOUND('',#633,.T.);
#432=FACE_OUTER_BOUND('',#634,.T.);
#433=FACE_OUTER_BOUND('',#635,.T.);
#434=FACE_OUTER_BOUND('',#636,.T.);
#435=FACE_OUTER_BOUND('',#637,.T.);
#436=FACE_OUTER_BOUND('',#638,.T.);
#437=FACE_OUTER_BOUND('',#639,.T.);
#438=FACE_OUTER_BOUND('',#640,.T.);
#439=FACE_OUTER_BOUND('',#641,.T.);
#440=FACE_OUTER_BOUND('',#642,.T.);
#441=FACE_OUTER_BOUND('',#643,.T.);
#442=FACE_OUTER_BOUND('',#644,.T.);
#443=FACE_OUTER_BOUND('',#645,.T.);
#444=FACE_OUTER_BOUND('',#646,.T.);
#445=FACE_OUTER_BOUND('',#647,.T.);
#446=FACE_OUTER_BOUND('',#648,.T.);
#447=FACE_OUTER_BOUND('',#649,.T.);
#448=FACE_OUTER_BOUND('',#650,.T.);
#449=FACE_OUTER_BOUND('',#651,.T.);
#450=FACE_OUTER_BOUND('',#652,.T.);
#451=FACE_OUTER_BOUND('',#653,.T.);
#452=FACE_OUTER_BOUND('',#654,.T.);
#453=FACE_OUTER_BOUND('',#655,.T.);
#454=FACE_OUTER_BOUND('',#656,.T.);
#455=FACE_OUTER_BOUND('',#657,.T.);
#456=FACE_OUTER_BOUND('',#658,.T.);
#457=FACE_OUTER_BOUND('',#660,.T.);
#458=FACE_OUTER_BOUND('',#661,.T.);
#459=FACE_OUTER_BOUND('',#662,.T.);
#460=FACE_OUTER_BOUND('',#663,.T.);
#461=FACE_OUTER_BOUND('',#664,.T.);
#462=FACE_OUTER_BOUND('',#665,.T.);
#463=FACE_OUTER_BOUND('',#666,.T.);
#464=FACE_OUTER_BOUND('',#667,.T.);
#465=FACE_OUTER_BOUND('',#668,.T.);
#466=FACE_OUTER_BOUND('',#669,.T.);
#467=FACE_OUTER_BOUND('',#670,.T.);
#468=FACE_OUTER_BOUND('',#671,.T.);
#469=FACE_OUTER_BOUND('',#678,.T.);
#470=EDGE_LOOP('',(#2166,#2167,#2168,#2169));
#471=EDGE_LOOP('',(#2170,#2171,#2172,#2173));
#472=EDGE_LOOP('',(#2174,#2175,#2176,#2177));
#473=EDGE_LOOP('',(#2178,#2179,#2180,#2181,#2182,#2183,#2184,#2185,#2186,
#2187,#2188,#2189,#2190,#2191,#2192,#2193));
#474=EDGE_LOOP('',(#2194));
#475=EDGE_LOOP('',(#2195));
#476=EDGE_LOOP('',(#2196));
#477=EDGE_LOOP('',(#2197));
#478=EDGE_LOOP('',(#2198,#2199,#2200,#2201,#2202,#2203,#2204,#2205));
#479=EDGE_LOOP('',(#2206,#2207,#2208,#2209));
#480=EDGE_LOOP('',(#2210,#2211,#2212,#2213));
#481=EDGE_LOOP('',(#2214,#2215,#2216,#2217));
#482=EDGE_LOOP('',(#2218,#2219,#2220,#2221,#2222,#2223,#2224,#2225));
#483=EDGE_LOOP('',(#2226,#2227,#2228,#2229,#2230,#2231,#2232,#2233,#2234,
#2235,#2236,#2237,#2238,#2239,#2240,#2241,#2242,#2243,#2244));
#484=EDGE_LOOP('',(#2245,#2246,#2247,#2248,#2249,#2250,#2251,#2252,#2253,
#2254,#2255,#2256,#2257,#2258,#2259,#2260,#2261,#2262,#2263));
#485=EDGE_LOOP('',(#2264,#2265,#2266,#2267,#2268,#2269,#2270,#2271,#2272,
#2273,#2274,#2275));
#486=EDGE_LOOP('',(#2276,#2277,#2278,#2279,#2280,#2281,#2282,#2283));
#487=EDGE_LOOP('',(#2284,#2285,#2286,#2287,#2288,#2289,#2290,#2291,#2292,
#2293,#2294,#2295));
#488=EDGE_LOOP('',(#2296,#2297,#2298,#2299,#2300,#2301,#2302,#2303,#2304,
#2305,#2306,#2307));
#489=EDGE_LOOP('',(#2308,#2309,#2310,#2311,#2312,#2313,#2314,#2315,#2316,
#2317,#2318,#2319,#2320,#2321,#2322,#2323,#2324,#2325,#2326,#2327,#2328,
#2329,#2330,#2331,#2332,#2333,#2334,#2335,#2336,#2337,#2338,#2339,#2340,
#2341,#2342));
#490=EDGE_LOOP('',(#2343));
#491=EDGE_LOOP('',(#2344));
#492=EDGE_LOOP('',(#2345));
#493=EDGE_LOOP('',(#2346));
#494=EDGE_LOOP('',(#2347));
#495=EDGE_LOOP('',(#2348,#2349,#2350,#2351));
#496=EDGE_LOOP('',(#2352,#2353,#2354,#2355));
#497=EDGE_LOOP('',(#2356,#2357,#2358,#2359));
#498=EDGE_LOOP('',(#2360,#2361,#2362,#2363));
#499=EDGE_LOOP('',(#2364,#2365,#2366,#2367));
#500=EDGE_LOOP('',(#2368,#2369,#2370,#2371));
#501=EDGE_LOOP('',(#2372,#2373,#2374,#2375));
#502=EDGE_LOOP('',(#2376,#2377,#2378,#2379));
#503=EDGE_LOOP('',(#2380,#2381,#2382,#2383));
#504=EDGE_LOOP('',(#2384,#2385,#2386,#2387));
#505=EDGE_LOOP('',(#2388,#2389,#2390,#2391));
#506=EDGE_LOOP('',(#2392,#2393,#2394,#2395));
#507=EDGE_LOOP('',(#2396,#2397,#2398,#2399));
#508=EDGE_LOOP('',(#2400,#2401,#2402,#2403));
#509=EDGE_LOOP('',(#2404,#2405,#2406,#2407));
#510=EDGE_LOOP('',(#2408,#2409,#2410,#2411));
#511=EDGE_LOOP('',(#2412,#2413,#2414,#2415));
#512=EDGE_LOOP('',(#2416,#2417,#2418,#2419));
#513=EDGE_LOOP('',(#2420,#2421,#2422,#2423));
#514=EDGE_LOOP('',(#2424,#2425,#2426,#2427));
#515=EDGE_LOOP('',(#2428,#2429,#2430,#2431));
#516=EDGE_LOOP('',(#2432,#2433,#2434,#2435));
#517=EDGE_LOOP('',(#2436,#2437,#2438,#2439));
#518=EDGE_LOOP('',(#2440,#2441,#2442,#2443));
#519=EDGE_LOOP('',(#2444,#2445,#2446,#2447));
#520=EDGE_LOOP('',(#2448,#2449,#2450,#2451));
#521=EDGE_LOOP('',(#2452,#2453,#2454,#2455));
#522=EDGE_LOOP('',(#2456,#2457,#2458,#2459));
#523=EDGE_LOOP('',(#2460,#2461,#2462,#2463));
#524=EDGE_LOOP('',(#2464,#2465,#2466,#2467));
#525=EDGE_LOOP('',(#2468,#2469,#2470,#2471,#2472,#2473,#2474,#2475,#2476,
#2477,#2478,#2479,#2480,#2481,#2482,#2483,#2484,#2485,#2486));
#526=EDGE_LOOP('',(#2487,#2488,#2489,#2490,#2491,#2492,#2493,#2494));
#527=EDGE_LOOP('',(#2495,#2496,#2497,#2498));
#528=EDGE_LOOP('',(#2499,#2500,#2501,#2502));
#529=EDGE_LOOP('',(#2503,#2504,#2505,#2506));
#530=EDGE_LOOP('',(#2507,#2508,#2509,#2510));
#531=EDGE_LOOP('',(#2511,#2512,#2513,#2514));
#532=EDGE_LOOP('',(#2515,#2516,#2517,#2518));
#533=EDGE_LOOP('',(#2519,#2520,#2521,#2522));
#534=EDGE_LOOP('',(#2523,#2524,#2525,#2526));
#535=EDGE_LOOP('',(#2527,#2528,#2529,#2530));
#536=EDGE_LOOP('',(#2531,#2532,#2533,#2534));
#537=EDGE_LOOP('',(#2535,#2536,#2537,#2538));
#538=EDGE_LOOP('',(#2539,#2540,#2541,#2542));
#539=EDGE_LOOP('',(#2543,#2544,#2545,#2546));
#540=EDGE_LOOP('',(#2547,#2548,#2549,#2550));
#541=EDGE_LOOP('',(#2551,#2552,#2553,#2554));
#542=EDGE_LOOP('',(#2555,#2556,#2557,#2558));
#543=EDGE_LOOP('',(#2559,#2560,#2561,#2562));
#544=EDGE_LOOP('',(#2563,#2564,#2565,#2566));
#545=EDGE_LOOP('',(#2567,#2568,#2569,#2570));
#546=EDGE_LOOP('',(#2571,#2572,#2573,#2574));
#547=EDGE_LOOP('',(#2575,#2576,#2577,#2578));
#548=EDGE_LOOP('',(#2579,#2580,#2581,#2582));
#549=EDGE_LOOP('',(#2583,#2584,#2585,#2586));
#550=EDGE_LOOP('',(#2587,#2588,#2589,#2590));
#551=EDGE_LOOP('',(#2591,#2592,#2593,#2594));
#552=EDGE_LOOP('',(#2595,#2596,#2597,#2598));
#553=EDGE_LOOP('',(#2599,#2600,#2601,#2602));
#554=EDGE_LOOP('',(#2603,#2604,#2605,#2606,#2607,#2608,#2609,#2610,#2611,
#2612,#2613,#2614,#2615,#2616,#2617,#2618,#2619,#2620,#2621));
#555=EDGE_LOOP('',(#2622,#2623,#2624,#2625,#2626,#2627,#2628,#2629));
#556=EDGE_LOOP('',(#2630,#2631,#2632,#2633));
#557=EDGE_LOOP('',(#2634,#2635,#2636,#2637));
#558=EDGE_LOOP('',(#2638,#2639,#2640,#2641));
#559=EDGE_LOOP('',(#2642,#2643,#2644,#2645));
#560=EDGE_LOOP('',(#2646,#2647,#2648,#2649));
#561=EDGE_LOOP('',(#2650,#2651,#2652,#2653));
#562=EDGE_LOOP('',(#2654,#2655,#2656,#2657));
#563=EDGE_LOOP('',(#2658,#2659,#2660,#2661));
#564=EDGE_LOOP('',(#2662,#2663,#2664,#2665));
#565=EDGE_LOOP('',(#2666,#2667,#2668,#2669));
#566=EDGE_LOOP('',(#2670,#2671,#2672,#2673));
#567=EDGE_LOOP('',(#2674,#2675,#2676,#2677));
#568=EDGE_LOOP('',(#2678,#2679,#2680,#2681,#2682,#2683,#2684,#2685,#2686,
#2687,#2688,#2689));
#569=EDGE_LOOP('',(#2690,#2691,#2692,#2693));
#570=EDGE_LOOP('',(#2694,#2695,#2696,#2697));
#571=EDGE_LOOP('',(#2698,#2699,#2700,#2701));
#572=EDGE_LOOP('',(#2702,#2703,#2704,#2705));
#573=EDGE_LOOP('',(#2706,#2707,#2708,#2709));
#574=EDGE_LOOP('',(#2710,#2711,#2712,#2713));
#575=EDGE_LOOP('',(#2714,#2715,#2716,#2717));
#576=EDGE_LOOP('',(#2718,#2719,#2720,#2721));
#577=EDGE_LOOP('',(#2722,#2723,#2724,#2725));
#578=EDGE_LOOP('',(#2726,#2727,#2728,#2729));
#579=EDGE_LOOP('',(#2730,#2731,#2732,#2733));
#580=EDGE_LOOP('',(#2734,#2735,#2736,#2737));
#581=EDGE_LOOP('',(#2738,#2739,#2740,#2741));
#582=EDGE_LOOP('',(#2742,#2743,#2744,#2745,#2746,#2747,#2748,#2749));
#583=EDGE_LOOP('',(#2750,#2751,#2752,#2753,#2754));
#584=EDGE_LOOP('',(#2755,#2756,#2757,#2758));
#585=EDGE_LOOP('',(#2759,#2760,#2761,#2762));
#586=EDGE_LOOP('',(#2763,#2764,#2765,#2766));
#587=EDGE_LOOP('',(#2767,#2768,#2769,#2770));
#588=EDGE_LOOP('',(#2771,#2772,#2773,#2774));
#589=EDGE_LOOP('',(#2775,#2776,#2777,#2778));
#590=EDGE_LOOP('',(#2779,#2780,#2781,#2782));
#591=EDGE_LOOP('',(#2783,#2784,#2785,#2786));
#592=EDGE_LOOP('',(#2787,#2788,#2789,#2790));
#593=EDGE_LOOP('',(#2791,#2792,#2793,#2794));
#594=EDGE_LOOP('',(#2795,#2796,#2797,#2798));
#595=EDGE_LOOP('',(#2799,#2800,#2801,#2802));
#596=EDGE_LOOP('',(#2803,#2804,#2805,#2806,#2807,#2808,#2809,#2810,#2811,
#2812,#2813,#2814));
#597=EDGE_LOOP('',(#2815,#2816,#2817,#2818));
#598=EDGE_LOOP('',(#2819,#2820,#2821,#2822));
#599=EDGE_LOOP('',(#2823,#2824,#2825,#2826));
#600=EDGE_LOOP('',(#2827,#2828,#2829,#2830));
#601=EDGE_LOOP('',(#2831,#2832,#2833,#2834));
#602=EDGE_LOOP('',(#2835,#2836,#2837,#2838));
#603=EDGE_LOOP('',(#2839,#2840,#2841,#2842));
#604=EDGE_LOOP('',(#2843,#2844,#2845,#2846));
#605=EDGE_LOOP('',(#2847,#2848,#2849,#2850));
#606=EDGE_LOOP('',(#2851,#2852,#2853,#2854));
#607=EDGE_LOOP('',(#2855,#2856,#2857,#2858));
#608=EDGE_LOOP('',(#2859,#2860,#2861,#2862));
#609=EDGE_LOOP('',(#2863,#2864,#2865,#2866,#2867,#2868,#2869,#2870,#2871,
#2872,#2873,#2874));
#610=EDGE_LOOP('',(#2875,#2876,#2877,#2878));
#611=EDGE_LOOP('',(#2879,#2880,#2881,#2882));
#612=EDGE_LOOP('',(#2883,#2884,#2885,#2886));
#613=EDGE_LOOP('',(#2887,#2888,#2889,#2890));
#614=EDGE_LOOP('',(#2891,#2892,#2893,#2894));
#615=EDGE_LOOP('',(#2895,#2896,#2897,#2898));
#616=EDGE_LOOP('',(#2899,#2900,#2901,#2902));
#617=EDGE_LOOP('',(#2903,#2904,#2905,#2906));
#618=EDGE_LOOP('',(#2907,#2908,#2909,#2910));
#619=EDGE_LOOP('',(#2911,#2912,#2913,#2914));
#620=EDGE_LOOP('',(#2915,#2916,#2917,#2918));
#621=EDGE_LOOP('',(#2919,#2920,#2921,#2922));
#622=EDGE_LOOP('',(#2923,#2924,#2925,#2926));
#623=EDGE_LOOP('',(#2927,#2928,#2929,#2930));
#624=EDGE_LOOP('',(#2931,#2932,#2933,#2934));
#625=EDGE_LOOP('',(#2935,#2936,#2937,#2938));
#626=EDGE_LOOP('',(#2939,#2940,#2941,#2942));
#627=EDGE_LOOP('',(#2943,#2944,#2945,#2946));
#628=EDGE_LOOP('',(#2947,#2948,#2949,#2950));
#629=EDGE_LOOP('',(#2951,#2952,#2953,#2954));
#630=EDGE_LOOP('',(#2955,#2956,#2957,#2958));
#631=EDGE_LOOP('',(#2959,#2960,#2961,#2962));
#632=EDGE_LOOP('',(#2963,#2964,#2965,#2966));
#633=EDGE_LOOP('',(#2967,#2968,#2969,#2970));
#634=EDGE_LOOP('',(#2971,#2972,#2973,#2974));
#635=EDGE_LOOP('',(#2975,#2976,#2977,#2978));
#636=EDGE_LOOP('',(#2979,#2980,#2981,#2982));
#637=EDGE_LOOP('',(#2983,#2984,#2985,#2986));
#638=EDGE_LOOP('',(#2987,#2988,#2989,#2990));
#639=EDGE_LOOP('',(#2991,#2992,#2993,#2994));
#640=EDGE_LOOP('',(#2995,#2996,#2997,#2998));
#641=EDGE_LOOP('',(#2999,#3000,#3001,#3002));
#642=EDGE_LOOP('',(#3003,#3004,#3005,#3006));
#643=EDGE_LOOP('',(#3007,#3008,#3009,#3010));
#644=EDGE_LOOP('',(#3011,#3012,#3013,#3014));
#645=EDGE_LOOP('',(#3015,#3016,#3017,#3018,#3019,#3020,#3021,#3022,#3023,
#3024,#3025,#3026,#3027,#3028,#3029,#3030,#3031,#3032,#3033,#3034,#3035,
#3036,#3037,#3038,#3039,#3040,#3041,#3042,#3043,#3044,#3045,#3046,#3047,
#3048,#3049));
#646=EDGE_LOOP('',(#3050,#3051,#3052,#3053,#3054));
#647=EDGE_LOOP('',(#3055,#3056,#3057,#3058,#3059,#3060,#3061,#3062));
#648=EDGE_LOOP('',(#3063,#3064,#3065,#3066));
#649=EDGE_LOOP('',(#3067,#3068,#3069,#3070));
#650=EDGE_LOOP('',(#3071));
#651=EDGE_LOOP('',(#3072,#3073,#3074,#3075));
#652=EDGE_LOOP('',(#3076));
#653=EDGE_LOOP('',(#3077,#3078,#3079,#3080));
#654=EDGE_LOOP('',(#3081));
#655=EDGE_LOOP('',(#3082,#3083,#3084,#3085));
#656=EDGE_LOOP('',(#3086));
#657=EDGE_LOOP('',(#3087,#3088,#3089,#3090));
#658=EDGE_LOOP('',(#3091));
#659=EDGE_LOOP('',(#3092));
#660=EDGE_LOOP('',(#3093,#3094,#3095,#3096));
#661=EDGE_LOOP('',(#3097));
#662=EDGE_LOOP('',(#3098,#3099,#3100,#3101));
#663=EDGE_LOOP('',(#3102,#3103,#3104,#3105));
#664=EDGE_LOOP('',(#3106,#3107,#3108,#3109,#3110,#3111,#3112,#3113));
#665=EDGE_LOOP('',(#3114,#3115,#3116,#3117));
#666=EDGE_LOOP('',(#3118,#3119,#3120,#3121));
#667=EDGE_LOOP('',(#3122,#3123,#3124,#3125));
#668=EDGE_LOOP('',(#3126,#3127,#3128,#3129));
#669=EDGE_LOOP('',(#3130,#3131,#3132,#3133));
#670=EDGE_LOOP('',(#3134,#3135,#3136,#3137));
#671=EDGE_LOOP('',(#3138,#3139,#3140,#3141));
#672=EDGE_LOOP('',(#3142));
#673=EDGE_LOOP('',(#3143));
#674=EDGE_LOOP('',(#3144));
#675=EDGE_LOOP('',(#3145));
#676=EDGE_LOOP('',(#3146));
#677=EDGE_LOOP('',(#3147));
#678=EDGE_LOOP('',(#3148,#3149,#3150,#3151,#3152,#3153,#3154,#3155));
#679=LINE('',#4217,#1010);
#680=LINE('',#4219,#1011);
#681=LINE('',#4221,#1012);
#682=LINE('',#4222,#1013);
#683=LINE('',#4226,#1014);
#684=LINE('',#4228,#1015);
#685=LINE('',#4230,#1016);
#686=LINE('',#4231,#1017);
#687=LINE('',#4233,#1018);
#688=LINE('',#4234,#1019);
#689=LINE('',#4237,#1020);
#690=LINE('',#4241,#1021);
#691=LINE('',#4245,#1022);
#692=LINE('',#4249,#1023);
#693=LINE('',#4252,#1024);
#694=LINE('',#4254,#1025);
#695=LINE('',#4256,#1026);
#696=LINE('',#4258,#1027);
#697=LINE('',#4260,#1028);
#698=LINE('',#4261,#1029);
#699=LINE('',#4272,#1030);
#700=LINE('',#4274,#1031);
#701=LINE('',#4275,#1032);
#702=LINE('',#4279,#1033);
#703=LINE('',#4282,#1034);
#704=LINE('',#4285,#1035);
#705=LINE('',#4288,#1036);
#706=LINE('',#4289,#1037);
#707=LINE('',#4294,#1038);
#708=LINE('',#4296,#1039);
#709=LINE('',#4299,#1040);
#710=LINE('',#4301,#1041);
#711=LINE('',#4303,#1042);
#712=LINE('',#4305,#1043);
#713=LINE('',#4349,#1044);
#714=LINE('',#4351,#1045);
#715=LINE('',#4353,#1046);
#716=LINE('',#4378,#1047);
#717=LINE('',#4381,#1048);
#718=LINE('',#4383,#1049);
#719=LINE('',#4385,#1050);
#720=LINE('',#4387,#1051);
#721=LINE('',#4431,#1052);
#722=LINE('',#4433,#1053);
#723=LINE('',#4435,#1054);
#724=LINE('',#4460,#1055);
#725=LINE('',#4463,#1056);
#726=LINE('',#4465,#1057);
#727=LINE('',#4467,#1058);
#728=LINE('',#4469,#1059);
#729=LINE('',#4471,#1060);
#730=LINE('',#4473,#1061);
#731=LINE('',#4475,#1062);
#732=LINE('',#4477,#1063);
#733=LINE('',#4479,#1064);
#734=LINE('',#4481,#1065);
#735=LINE('',#4483,#1066);
#736=LINE('',#4484,#1067);
#737=LINE('',#4487,#1068);
#738=LINE('',#4489,#1069);
#739=LINE('',#4491,#1070);
#740=LINE('',#4493,#1071);
#741=LINE('',#4495,#1072);
#742=LINE('',#4497,#1073);
#743=LINE('',#4499,#1074);
#744=LINE('',#4500,#1075);
#745=LINE('',#4503,#1076);
#746=LINE('',#4505,#1077);
#747=LINE('',#4507,#1078);
#748=LINE('',#4509,#1079);
#749=LINE('',#4511,#1080);
#750=LINE('',#4513,#1081);
#751=LINE('',#4515,#1082);
#752=LINE('',#4517,#1083);
#753=LINE('',#4519,#1084);
#754=LINE('',#4521,#1085);
#755=LINE('',#4523,#1086);
#756=LINE('',#4524,#1087);
#757=LINE('',#4527,#1088);
#758=LINE('',#4529,#1089);
#759=LINE('',#4531,#1090);
#760=LINE('',#4533,#1091);
#761=LINE('',#4535,#1092);
#762=LINE('',#4537,#1093);
#763=LINE('',#4539,#1094);
#764=LINE('',#4541,#1095);
#765=LINE('',#4543,#1096);
#766=LINE('',#4545,#1097);
#767=LINE('',#4547,#1098);
#768=LINE('',#4548,#1099);
#769=LINE('',#4563,#1100);
#770=LINE('',#4673,#1101);
#771=LINE('',#4762,#1102);
#772=LINE('',#4764,#1103);
#773=LINE('',#4769,#1104);
#774=LINE('',#4771,#1105);
#775=LINE('',#4773,#1106);
#776=LINE('',#4774,#1107);
#777=LINE('',#4792,#1108);
#778=LINE('',#4815,#1109);
#779=LINE('',#4838,#1110);
#780=LINE('',#4861,#1111);
#781=LINE('',#4884,#1112);
#782=LINE('',#4892,#1113);
#783=LINE('',#4894,#1114);
#784=LINE('',#4895,#1115);
#785=LINE('',#4897,#1116);
#786=LINE('',#4898,#1117);
#787=LINE('',#4901,#1118);
#788=LINE('',#4903,#1119);
#789=LINE('',#4904,#1120);
#790=LINE('',#4907,#1121);
#791=LINE('',#4908,#1122);
#792=LINE('',#4920,#1123);
#793=LINE('',#4937,#1124);
#794=LINE('',#4954,#1125);
#795=LINE('',#4971,#1126);
#796=LINE('',#4979,#1127);
#797=LINE('',#4980,#1128);
#798=LINE('',#4983,#1129);
#799=LINE('',#4984,#1130);
#800=LINE('',#4987,#1131);
#801=LINE('',#4988,#1132);
#802=LINE('',#5000,#1133);
#803=LINE('',#5017,#1134);
#804=LINE('',#5034,#1135);
#805=LINE('',#5051,#1136);
#806=LINE('',#5068,#1137);
#807=LINE('',#5085,#1138);
#808=LINE('',#5102,#1139);
#809=LINE('',#5110,#1140);
#810=LINE('',#5111,#1141);
#811=LINE('',#5114,#1142);
#812=LINE('',#5115,#1143);
#813=LINE('',#5117,#1144);
#814=LINE('',#5122,#1145);
#815=LINE('',#5124,#1146);
#816=LINE('',#5126,#1147);
#817=LINE('',#5127,#1148);
#818=LINE('',#5145,#1149);
#819=LINE('',#5168,#1150);
#820=LINE('',#5191,#1151);
#821=LINE('',#5214,#1152);
#822=LINE('',#5237,#1153);
#823=LINE('',#5245,#1154);
#824=LINE('',#5247,#1155);
#825=LINE('',#5248,#1156);
#826=LINE('',#5250,#1157);
#827=LINE('',#5251,#1158);
#828=LINE('',#5254,#1159);
#829=LINE('',#5256,#1160);
#830=LINE('',#5257,#1161);
#831=LINE('',#5260,#1162);
#832=LINE('',#5261,#1163);
#833=LINE('',#5273,#1164);
#834=LINE('',#5290,#1165);
#835=LINE('',#5307,#1166);
#836=LINE('',#5324,#1167);
#837=LINE('',#5332,#1168);
#838=LINE('',#5333,#1169);
#839=LINE('',#5336,#1170);
#840=LINE('',#5337,#1171);
#841=LINE('',#5340,#1172);
#842=LINE('',#5341,#1173);
#843=LINE('',#5353,#1174);
#844=LINE('',#5370,#1175);
#845=LINE('',#5387,#1176);
#846=LINE('',#5404,#1177);
#847=LINE('',#5421,#1178);
#848=LINE('',#5438,#1179);
#849=LINE('',#5455,#1180);
#850=LINE('',#5463,#1181);
#851=LINE('',#5464,#1182);
#852=LINE('',#5467,#1183);
#853=LINE('',#5468,#1184);
#854=LINE('',#5470,#1185);
#855=LINE('',#5474,#1186);
#856=LINE('',#5476,#1187);
#857=LINE('',#5477,#1188);
#858=LINE('',#5480,#1189);
#859=LINE('',#5481,#1190);
#860=LINE('',#5484,#1191);
#861=LINE('',#5485,#1192);
#862=LINE('',#5488,#1193);
#863=LINE('',#5489,#1194);
#864=LINE('',#5492,#1195);
#865=LINE('',#5493,#1196);
#866=LINE('',#5496,#1197);
#867=LINE('',#5497,#1198);
#868=LINE('',#5500,#1199);
#869=LINE('',#5501,#1200);
#870=LINE('',#5504,#1201);
#871=LINE('',#5505,#1202);
#872=LINE('',#5508,#1203);
#873=LINE('',#5509,#1204);
#874=LINE('',#5512,#1205);
#875=LINE('',#5513,#1206);
#876=LINE('',#5516,#1207);
#877=LINE('',#5517,#1208);
#878=LINE('',#5519,#1209);
#879=LINE('',#5539,#1210);
#880=LINE('',#5546,#1211);
#881=LINE('',#5564,#1212);
#882=LINE('',#5572,#1213);
#883=LINE('',#5574,#1214);
#884=LINE('',#5575,#1215);
#885=LINE('',#5578,#1216);
#886=LINE('',#5580,#1217);
#887=LINE('',#5581,#1218);
#888=LINE('',#5583,#1219);
#889=LINE('',#5584,#1220);
#890=LINE('',#5587,#1221);
#891=LINE('',#5589,#1222);
#892=LINE('',#5590,#1223);
#893=LINE('',#5593,#1224);
#894=LINE('',#5594,#1225);
#895=LINE('',#5597,#1226);
#896=LINE('',#5598,#1227);
#897=LINE('',#5601,#1228);
#898=LINE('',#5602,#1229);
#899=LINE('',#5605,#1230);
#900=LINE('',#5606,#1231);
#901=LINE('',#5609,#1232);
#902=LINE('',#5610,#1233);
#903=LINE('',#5613,#1234);
#904=LINE('',#5614,#1235);
#905=LINE('',#5616,#1236);
#906=LINE('',#5620,#1237);
#907=LINE('',#5622,#1238);
#908=LINE('',#5623,#1239);
#909=LINE('',#5626,#1240);
#910=LINE('',#5627,#1241);
#911=LINE('',#5630,#1242);
#912=LINE('',#5631,#1243);
#913=LINE('',#5634,#1244);
#914=LINE('',#5635,#1245);
#915=LINE('',#5638,#1246);
#916=LINE('',#5639,#1247);
#917=LINE('',#5642,#1248);
#918=LINE('',#5643,#1249);
#919=LINE('',#5646,#1250);
#920=LINE('',#5647,#1251);
#921=LINE('',#5650,#1252);
#922=LINE('',#5651,#1253);
#923=LINE('',#5654,#1254);
#924=LINE('',#5655,#1255);
#925=LINE('',#5658,#1256);
#926=LINE('',#5659,#1257);
#927=LINE('',#5662,#1258);
#928=LINE('',#5663,#1259);
#929=LINE('',#5665,#1260);
#930=LINE('',#5669,#1261);
#931=LINE('',#5671,#1262);
#932=LINE('',#5672,#1263);
#933=LINE('',#5675,#1264);
#934=LINE('',#5676,#1265);
#935=LINE('',#5679,#1266);
#936=LINE('',#5680,#1267);
#937=LINE('',#5683,#1268);
#938=LINE('',#5684,#1269);
#939=LINE('',#5687,#1270);
#940=LINE('',#5688,#1271);
#941=LINE('',#5691,#1272);
#942=LINE('',#5692,#1273);
#943=LINE('',#5695,#1274);
#944=LINE('',#5696,#1275);
#945=LINE('',#5699,#1276);
#946=LINE('',#5700,#1277);
#947=LINE('',#5703,#1278);
#948=LINE('',#5704,#1279);
#949=LINE('',#5707,#1280);
#950=LINE('',#5708,#1281);
#951=LINE('',#5711,#1282);
#952=LINE('',#5712,#1283);
#953=LINE('',#5714,#1284);
#954=LINE('',#5727,#1285);
#955=LINE('',#5734,#1286);
#956=LINE('',#5746,#1287);
#957=LINE('',#5763,#1288);
#958=LINE('',#5780,#1289);
#959=LINE('',#5797,#1290);
#960=LINE('',#5814,#1291);
#961=LINE('',#5831,#1292);
#962=LINE('',#5848,#1293);
#963=LINE('',#5865,#1294);
#964=LINE('',#5882,#1295);
#965=LINE('',#5899,#1296);
#966=LINE('',#5916,#1297);
#967=LINE('',#5933,#1298);
#968=LINE('',#5950,#1299);
#969=LINE('',#5958,#1300);
#970=LINE('',#5959,#1301);
#971=LINE('',#5971,#1302);
#972=LINE('',#5988,#1303);
#973=LINE('',#6005,#1304);
#974=LINE('',#6022,#1305);
#975=LINE('',#6039,#1306);
#976=LINE('',#6056,#1307);
#977=LINE('',#6073,#1308);
#978=LINE('',#6090,#1309);
#979=LINE('',#6107,#1310);
#980=LINE('',#6124,#1311);
#981=LINE('',#6141,#1312);
#982=LINE('',#6158,#1313);
#983=LINE('',#6175,#1314);
#984=LINE('',#6192,#1315);
#985=LINE('',#6209,#1316);
#986=LINE('',#6226,#1317);
#987=LINE('',#6243,#1318);
#988=LINE('',#6260,#1319);
#989=LINE('',#6268,#1320);
#990=LINE('',#6269,#1321);
#991=LINE('',#6291,#1322);
#992=LINE('',#6296,#1323);
#993=LINE('',#6303,#1324);
#994=LINE('',#6310,#1325);
#995=LINE('',#6317,#1326);
#996=LINE('',#6324,#1327);
#997=LINE('',#6331,#1328);
#998=LINE('',#6337,#1329);
#999=LINE('',#6338,#1330);
#1000=LINE('',#6339,#1331);
#1001=LINE('',#6342,#1332);
#1002=LINE('',#6343,#1333);
#1003=LINE('',#6346,#1334);
#1004=LINE('',#6347,#1335);
#1005=LINE('',#6349,#1336);
#1006=LINE('',#6351,#1337);
#1007=LINE('',#6353,#1338);
#1008=LINE('',#6355,#1339);
#1009=LINE('',#6357,#1340);
#1010=VECTOR('',#3592,10.);
#1011=VECTOR('',#3593,10.);
#1012=VECTOR('',#3594,10.);
#1013=VECTOR('',#3595,10.);
#1014=VECTOR('',#3598,10.);
#1015=VECTOR('',#3599,10.);
#1016=VECTOR('',#3600,10.);
#1017=VECTOR('',#3601,10.);
#1018=VECTOR('',#3604,10.);
#1019=VECTOR('',#3605,10.);
#1020=VECTOR('',#3608,10.);
#1021=VECTOR('',#3611,10.);
#1022=VECTOR('',#3614,10.);
#1023=VECTOR('',#3617,10.);
#1024=VECTOR('',#3620,10.);
#1025=VECTOR('',#3621,10.);
#1026=VECTOR('',#3622,10.);
#1027=VECTOR('',#3623,10.);
#1028=VECTOR('',#3624,10.);
#1029=VECTOR('',#3625,10.);
#1030=VECTOR('',#3636,10.);
#1031=VECTOR('',#3637,10.);
#1032=VECTOR('',#3638,10.);
#1033=VECTOR('',#3643,10.);
#1034=VECTOR('',#3646,10.);
#1035=VECTOR('',#3649,10.);
#1036=VECTOR('',#3652,10.);
#1037=VECTOR('',#3653,10.);
#1038=VECTOR('',#3658,10.);
#1039=VECTOR('',#3661,10.);
#1040=VECTOR('',#3662,10.);
#1041=VECTOR('',#3663,10.);
#1042=VECTOR('',#3664,10.);
#1043=VECTOR('',#3665,10.);
#1044=VECTOR('',#3666,10.);
#1045=VECTOR('',#3667,10.);
#1046=VECTOR('',#3668,10.);
#1047=VECTOR('',#3669,10.);
#1048=VECTOR('',#3670,10.);
#1049=VECTOR('',#3671,10.);
#1050=VECTOR('',#3672,10.);
#1051=VECTOR('',#3673,10.);
#1052=VECTOR('',#3674,10.);
#1053=VECTOR('',#3675,10.);
#1054=VECTOR('',#3676,10.);
#1055=VECTOR('',#3677,10.);
#1056=VECTOR('',#3678,10.);
#1057=VECTOR('',#3679,10.);
#1058=VECTOR('',#3680,10.);
#1059=VECTOR('',#3681,10.);
#1060=VECTOR('',#3682,10.);
#1061=VECTOR('',#3683,10.);
#1062=VECTOR('',#3684,10.);
#1063=VECTOR('',#3685,10.);
#1064=VECTOR('',#3686,10.);
#1065=VECTOR('',#3687,10.);
#1066=VECTOR('',#3688,10.);
#1067=VECTOR('',#3689,10.);
#1068=VECTOR('',#3690,10.);
#1069=VECTOR('',#3691,10.);
#1070=VECTOR('',#3692,10.);
#1071=VECTOR('',#3693,10.);
#1072=VECTOR('',#3694,10.);
#1073=VECTOR('',#3695,10.);
#1074=VECTOR('',#3696,10.);
#1075=VECTOR('',#3697,10.);
#1076=VECTOR('',#3698,10.);
#1077=VECTOR('',#3699,10.);
#1078=VECTOR('',#3700,10.);
#1079=VECTOR('',#3701,10.);
#1080=VECTOR('',#3702,10.);
#1081=VECTOR('',#3703,10.);
#1082=VECTOR('',#3704,10.);
#1083=VECTOR('',#3705,10.);
#1084=VECTOR('',#3706,10.);
#1085=VECTOR('',#3707,10.);
#1086=VECTOR('',#3708,10.);
#1087=VECTOR('',#3709,10.);
#1088=VECTOR('',#3710,10.);
#1089=VECTOR('',#3711,10.);
#1090=VECTOR('',#3712,10.);
#1091=VECTOR('',#3713,10.);
#1092=VECTOR('',#3714,10.);
#1093=VECTOR('',#3715,10.);
#1094=VECTOR('',#3716,10.);
#1095=VECTOR('',#3717,10.);
#1096=VECTOR('',#3718,10.);
#1097=VECTOR('',#3719,10.);
#1098=VECTOR('',#3720,10.);
#1099=VECTOR('',#3721,10.);
#1100=VECTOR('',#3722,10.);
#1101=VECTOR('',#3723,10.);
#1102=VECTOR('',#3736,10.);
#1103=VECTOR('',#3739,10.);
#1104=VECTOR('',#3744,10.);
#1105=VECTOR('',#3745,10.);
#1106=VECTOR('',#3746,10.);
#1107=VECTOR('',#3747,10.);
#1108=VECTOR('',#3748,10.);
#1109=VECTOR('',#3749,10.);
#1110=VECTOR('',#3750,10.);
#1111=VECTOR('',#3751,10.);
#1112=VECTOR('',#3752,10.);
#1113=VECTOR('',#3755,10.);
#1114=VECTOR('',#3756,10.);
#1115=VECTOR('',#3757,10.);
#1116=VECTOR('',#3760,10.);
#1117=VECTOR('',#3761,10.);
#1118=VECTOR('',#3764,10.);
#1119=VECTOR('',#3765,10.);
#1120=VECTOR('',#3766,10.);
#1121=VECTOR('',#3769,10.);
#1122=VECTOR('',#3770,10.);
#1123=VECTOR('',#3771,10.);
#1124=VECTOR('',#3772,10.);
#1125=VECTOR('',#3773,10.);
#1126=VECTOR('',#3774,10.);
#1127=VECTOR('',#3777,10.);
#1128=VECTOR('',#3778,10.);
#1129=VECTOR('',#3781,10.);
#1130=VECTOR('',#3782,10.);
#1131=VECTOR('',#3785,10.);
#1132=VECTOR('',#3786,10.);
#1133=VECTOR('',#3787,10.);
#1134=VECTOR('',#3788,10.);
#1135=VECTOR('',#3789,10.);
#1136=VECTOR('',#3790,10.);
#1137=VECTOR('',#3791,10.);
#1138=VECTOR('',#3792,10.);
#1139=VECTOR('',#3793,10.);
#1140=VECTOR('',#3796,10.);
#1141=VECTOR('',#3797,10.);
#1142=VECTOR('',#3800,10.);
#1143=VECTOR('',#3801,10.);
#1144=VECTOR('',#3804,10.);
#1145=VECTOR('',#3809,10.);
#1146=VECTOR('',#3810,10.);
#1147=VECTOR('',#3811,10.);
#1148=VECTOR('',#3812,10.);
#1149=VECTOR('',#3813,10.);
#1150=VECTOR('',#3814,10.);
#1151=VECTOR('',#3815,10.);
#1152=VECTOR('',#3816,10.);
#1153=VECTOR('',#3817,10.);
#1154=VECTOR('',#3820,10.);
#1155=VECTOR('',#3821,10.);
#1156=VECTOR('',#3822,10.);
#1157=VECTOR('',#3825,10.);
#1158=VECTOR('',#3826,10.);
#1159=VECTOR('',#3829,10.);
#1160=VECTOR('',#3830,10.);
#1161=VECTOR('',#3831,10.);
#1162=VECTOR('',#3834,10.);
#1163=VECTOR('',#3835,10.);
#1164=VECTOR('',#3836,10.);
#1165=VECTOR('',#3837,10.);
#1166=VECTOR('',#3838,10.);
#1167=VECTOR('',#3839,10.);
#1168=VECTOR('',#3842,10.);
#1169=VECTOR('',#3843,10.);
#1170=VECTOR('',#3846,10.);
#1171=VECTOR('',#3847,10.);
#1172=VECTOR('',#3850,10.);
#1173=VECTOR('',#3851,10.);
#1174=VECTOR('',#3852,10.);
#1175=VECTOR('',#3853,10.);
#1176=VECTOR('',#3854,10.);
#1177=VECTOR('',#3855,10.);
#1178=VECTOR('',#3856,10.);
#1179=VECTOR('',#3857,10.);
#1180=VECTOR('',#3858,10.);
#1181=VECTOR('',#3861,10.);
#1182=VECTOR('',#3862,10.);
#1183=VECTOR('',#3865,10.);
#1184=VECTOR('',#3866,10.);
#1185=VECTOR('',#3869,10.);
#1186=VECTOR('',#3874,10.);
#1187=VECTOR('',#3875,10.);
#1188=VECTOR('',#3876,10.);
#1189=VECTOR('',#3879,10.);
#1190=VECTOR('',#3880,10.);
#1191=VECTOR('',#3883,10.);
#1192=VECTOR('',#3884,10.);
#1193=VECTOR('',#3887,10.);
#1194=VECTOR('',#3888,10.);
#1195=VECTOR('',#3891,10.);
#1196=VECTOR('',#3892,10.);
#1197=VECTOR('',#3895,10.);
#1198=VECTOR('',#3896,10.);
#1199=VECTOR('',#3899,10.);
#1200=VECTOR('',#3900,10.);
#1201=VECTOR('',#3903,10.);
#1202=VECTOR('',#3904,10.);
#1203=VECTOR('',#3907,10.);
#1204=VECTOR('',#3908,10.);
#1205=VECTOR('',#3911,10.);
#1206=VECTOR('',#3912,10.);
#1207=VECTOR('',#3915,10.);
#1208=VECTOR('',#3916,10.);
#1209=VECTOR('',#3919,10.);
#1210=VECTOR('',#3922,10.);
#1211=VECTOR('',#3923,10.);
#1212=VECTOR('',#3924,10.);
#1213=VECTOR('',#3927,10.);
#1214=VECTOR('',#3928,10.);
#1215=VECTOR('',#3929,10.);
#1216=VECTOR('',#3932,10.);
#1217=VECTOR('',#3933,10.);
#1218=VECTOR('',#3934,10.);
#1219=VECTOR('',#3937,10.);
#1220=VECTOR('',#3938,10.);
#1221=VECTOR('',#3941,10.);
#1222=VECTOR('',#3942,10.);
#1223=VECTOR('',#3943,10.);
#1224=VECTOR('',#3946,10.);
#1225=VECTOR('',#3947,10.);
#1226=VECTOR('',#3950,10.);
#1227=VECTOR('',#3951,10.);
#1228=VECTOR('',#3954,10.);
#1229=VECTOR('',#3955,10.);
#1230=VECTOR('',#3958,10.);
#1231=VECTOR('',#3959,10.);
#1232=VECTOR('',#3962,10.);
#1233=VECTOR('',#3963,10.);
#1234=VECTOR('',#3966,10.);
#1235=VECTOR('',#3967,10.);
#1236=VECTOR('',#3970,10.);
#1237=VECTOR('',#3975,10.);
#1238=VECTOR('',#3976,10.);
#1239=VECTOR('',#3977,10.);
#1240=VECTOR('',#3980,10.);
#1241=VECTOR('',#3981,10.);
#1242=VECTOR('',#3984,10.);
#1243=VECTOR('',#3985,10.);
#1244=VECTOR('',#3988,10.);
#1245=VECTOR('',#3989,10.);
#1246=VECTOR('',#3992,10.);
#1247=VECTOR('',#3993,10.);
#1248=VECTOR('',#3996,10.);
#1249=VECTOR('',#3997,10.);
#1250=VECTOR('',#4000,10.);
#1251=VECTOR('',#4001,10.);
#1252=VECTOR('',#4004,10.);
#1253=VECTOR('',#4005,10.);
#1254=VECTOR('',#4008,10.);
#1255=VECTOR('',#4009,10.);
#1256=VECTOR('',#4012,10.);
#1257=VECTOR('',#4013,10.);
#1258=VECTOR('',#4016,10.);
#1259=VECTOR('',#4017,10.);
#1260=VECTOR('',#4020,10.);
#1261=VECTOR('',#4025,10.);
#1262=VECTOR('',#4026,10.);
#1263=VECTOR('',#4027,10.);
#1264=VECTOR('',#4030,10.);
#1265=VECTOR('',#4031,10.);
#1266=VECTOR('',#4034,10.);
#1267=VECTOR('',#4035,10.);
#1268=VECTOR('',#4038,10.);
#1269=VECTOR('',#4039,10.);
#1270=VECTOR('',#4042,10.);
#1271=VECTOR('',#4043,10.);
#1272=VECTOR('',#4046,10.);
#1273=VECTOR('',#4047,10.);
#1274=VECTOR('',#4050,10.);
#1275=VECTOR('',#4051,10.);
#1276=VECTOR('',#4054,10.);
#1277=VECTOR('',#4055,10.);
#1278=VECTOR('',#4058,10.);
#1279=VECTOR('',#4059,10.);
#1280=VECTOR('',#4062,10.);
#1281=VECTOR('',#4063,10.);
#1282=VECTOR('',#4066,10.);
#1283=VECTOR('',#4067,10.);
#1284=VECTOR('',#4070,10.);
#1285=VECTOR('',#4073,10.);
#1286=VECTOR('',#4074,10.);
#1287=VECTOR('',#4075,10.);
#1288=VECTOR('',#4076,10.);
#1289=VECTOR('',#4077,10.);
#1290=VECTOR('',#4078,10.);
#1291=VECTOR('',#4079,10.);
#1292=VECTOR('',#4080,10.);
#1293=VECTOR('',#4081,10.);
#1294=VECTOR('',#4082,10.);
#1295=VECTOR('',#4083,10.);
#1296=VECTOR('',#4084,10.);
#1297=VECTOR('',#4085,10.);
#1298=VECTOR('',#4086,10.);
#1299=VECTOR('',#4087,10.);
#1300=VECTOR('',#4090,10.);
#1301=VECTOR('',#4091,10.);
#1302=VECTOR('',#4092,10.);
#1303=VECTOR('',#4093,10.);
#1304=VECTOR('',#4094,10.);
#1305=VECTOR('',#4095,10.);
#1306=VECTOR('',#4096,10.);
#1307=VECTOR('',#4097,10.);
#1308=VECTOR('',#4098,10.);
#1309=VECTOR('',#4099,10.);
#1310=VECTOR('',#4100,10.);
#1311=VECTOR('',#4101,10.);
#1312=VECTOR('',#4102,10.);
#1313=VECTOR('',#4103,10.);
#1314=VECTOR('',#4104,10.);
#1315=VECTOR('',#4105,10.);
#1316=VECTOR('',#4106,10.);
#1317=VECTOR('',#4107,10.);
#1318=VECTOR('',#4108,10.);
#1319=VECTOR('',#4109,10.);
#1320=VECTOR('',#4112,10.);
#1321=VECTOR('',#4113,10.);
#1322=VECTOR('',#4124,1.45);
#1323=VECTOR('',#4129,3.);
#1324=VECTOR('',#4138,3.);
#1325=VECTOR('',#4147,3.);
#1326=VECTOR('',#4156,3.);
#1327=VECTOR('',#4165,3.5);
#1328=VECTOR('',#4174,4.);
#1329=VECTOR('',#4181,10.);
#1330=VECTOR('',#4182,10.);
#1331=VECTOR('',#4183,10.);
#1332=VECTOR('',#4186,10.);
#1333=VECTOR('',#4187,10.);
#1334=VECTOR('',#4190,10.);
#1335=VECTOR('',#4191,10.);
#1336=VECTOR('',#4194,10.);
#1337=VECTOR('',#4197,1.45);
#1338=VECTOR('',#4200,1.45);
#1339=VECTOR('',#4203,1.45);
#1340=VECTOR('',#4206,1.45);
#1341=VERTEX_POINT('',#4215);
#1342=VERTEX_POINT('',#4216);
#1343=VERTEX_POINT('',#4218);
#1344=VERTEX_POINT('',#4220);
#1345=VERTEX_POINT('',#4224);
#1346=VERTEX_POINT('',#4225);
#1347=VERTEX_POINT('',#4227);
#1348=VERTEX_POINT('',#4229);
#1349=VERTEX_POINT('',#4236);
#1350=VERTEX_POINT('',#4238);
#1351=VERTEX_POINT('',#4240);
#1352=VERTEX_POINT('',#4242);
#1353=VERTEX_POINT('',#4244);
#1354=VERTEX_POINT('',#4246);
#1355=VERTEX_POINT('',#4248);
#1356=VERTEX_POINT('',#4250);
#1357=VERTEX_POINT('',#4253);
#1358=VERTEX_POINT('',#4255);
#1359=VERTEX_POINT('',#4257);
#1360=VERTEX_POINT('',#4259);
#1361=VERTEX_POINT('',#4262);
#1362=VERTEX_POINT('',#4264);
#1363=VERTEX_POINT('',#4266);
#1364=VERTEX_POINT('',#4268);
#1365=VERTEX_POINT('',#4271);
#1366=VERTEX_POINT('',#4273);
#1367=VERTEX_POINT('',#4277);
#1368=VERTEX_POINT('',#4281);
#1369=VERTEX_POINT('',#4283);
#1370=VERTEX_POINT('',#4287);
#1371=VERTEX_POINT('',#4291);
#1372=VERTEX_POINT('',#4293);
#1373=VERTEX_POINT('',#4297);
#1374=VERTEX_POINT('',#4298);
#1375=VERTEX_POINT('',#4300);
#1376=VERTEX_POINT('',#4302);
#1377=VERTEX_POINT('',#4304);
#1378=VERTEX_POINT('',#4306);
#1379=VERTEX_POINT('',#4312);
#1380=VERTEX_POINT('',#4318);
#1381=VERTEX_POINT('',#4324);
#1382=VERTEX_POINT('',#4330);
#1383=VERTEX_POINT('',#4336);
#1384=VERTEX_POINT('',#4342);
#1385=VERTEX_POINT('',#4348);
#1386=VERTEX_POINT('',#4350);
#1387=VERTEX_POINT('',#4352);
#1388=VERTEX_POINT('',#4354);
#1389=VERTEX_POINT('',#4360);
#1390=VERTEX_POINT('',#4366);
#1391=VERTEX_POINT('',#4372);
#1392=VERTEX_POINT('',#4379);
#1393=VERTEX_POINT('',#4380);
#1394=VERTEX_POINT('',#4382);
#1395=VERTEX_POINT('',#4384);
#1396=VERTEX_POINT('',#4386);
#1397=VERTEX_POINT('',#4388);
#1398=VERTEX_POINT('',#4394);
#1399=VERTEX_POINT('',#4400);
#1400=VERTEX_POINT('',#4406);
#1401=VERTEX_POINT('',#4412);
#1402=VERTEX_POINT('',#4418);
#1403=VERTEX_POINT('',#4424);
#1404=VERTEX_POINT('',#4430);
#1405=VERTEX_POINT('',#4432);
#1406=VERTEX_POINT('',#4434);
#1407=VERTEX_POINT('',#4436);
#1408=VERTEX_POINT('',#4442);
#1409=VERTEX_POINT('',#4448);
#1410=VERTEX_POINT('',#4454);
#1411=VERTEX_POINT('',#4461);
#1412=VERTEX_POINT('',#4462);
#1413=VERTEX_POINT('',#4464);
#1414=VERTEX_POINT('',#4466);
#1415=VERTEX_POINT('',#4468);
#1416=VERTEX_POINT('',#4470);
#1417=VERTEX_POINT('',#4472);
#1418=VERTEX_POINT('',#4474);
#1419=VERTEX_POINT('',#4476);
#1420=VERTEX_POINT('',#4478);
#1421=VERTEX_POINT('',#4480);
#1422=VERTEX_POINT('',#4482);
#1423=VERTEX_POINT('',#4485);
#1424=VERTEX_POINT('',#4486);
#1425=VERTEX_POINT('',#4488);
#1426=VERTEX_POINT('',#4490);
#1427=VERTEX_POINT('',#4492);
#1428=VERTEX_POINT('',#4494);
#1429=VERTEX_POINT('',#4496);
#1430=VERTEX_POINT('',#4498);
#1431=VERTEX_POINT('',#4501);
#1432=VERTEX_POINT('',#4502);
#1433=VERTEX_POINT('',#4504);
#1434=VERTEX_POINT('',#4506);
#1435=VERTEX_POINT('',#4508);
#1436=VERTEX_POINT('',#4510);
#1437=VERTEX_POINT('',#4512);
#1438=VERTEX_POINT('',#4514);
#1439=VERTEX_POINT('',#4516);
#1440=VERTEX_POINT('',#4518);
#1441=VERTEX_POINT('',#4520);
#1442=VERTEX_POINT('',#4522);
#1443=VERTEX_POINT('',#4525);
#1444=VERTEX_POINT('',#4526);
#1445=VERTEX_POINT('',#4528);
#1446=VERTEX_POINT('',#4530);
#1447=VERTEX_POINT('',#4532);
#1448=VERTEX_POINT('',#4534);
#1449=VERTEX_POINT('',#4536);
#1450=VERTEX_POINT('',#4538);
#1451=VERTEX_POINT('',#4540);
#1452=VERTEX_POINT('',#4542);
#1453=VERTEX_POINT('',#4544);
#1454=VERTEX_POINT('',#4546);
#1455=VERTEX_POINT('',#4549);
#1456=VERTEX_POINT('',#4550);
#1457=VERTEX_POINT('',#4556);
#1458=VERTEX_POINT('',#4562);
#1459=VERTEX_POINT('',#4564);
#1460=VERTEX_POINT('',#4570);
#1461=VERTEX_POINT('',#4576);
#1462=VERTEX_POINT('',#4582);
#1463=VERTEX_POINT('',#4588);
#1464=VERTEX_POINT('',#4594);
#1465=VERTEX_POINT('',#4600);
#1466=VERTEX_POINT('',#4606);
#1467=VERTEX_POINT('',#4612);
#1468=VERTEX_POINT('',#4618);
#1469=VERTEX_POINT('',#4624);
#1470=VERTEX_POINT('',#4630);
#1471=VERTEX_POINT('',#4636);
#1472=VERTEX_POINT('',#4642);
#1473=VERTEX_POINT('',#4648);
#1474=VERTEX_POINT('',#4654);
#1475=VERTEX_POINT('',#4660);
#1476=VERTEX_POINT('',#4666);
#1477=VERTEX_POINT('',#4672);
#1478=VERTEX_POINT('',#4674);
#1479=VERTEX_POINT('',#4680);
#1480=VERTEX_POINT('',#4686);
#1481=VERTEX_POINT('',#4692);
#1482=VERTEX_POINT('',#4698);
#1483=VERTEX_POINT('',#4704);
#1484=VERTEX_POINT('',#4710);
#1485=VERTEX_POINT('',#4716);
#1486=VERTEX_POINT('',#4722);
#1487=VERTEX_POINT('',#4728);
#1488=VERTEX_POINT('',#4734);
#1489=VERTEX_POINT('',#4740);
#1490=VERTEX_POINT('',#4751);
#1491=VERTEX_POINT('',#4753);
#1492=VERTEX_POINT('',#4755);
#1493=VERTEX_POINT('',#4757);
#1494=VERTEX_POINT('',#4759);
#1495=VERTEX_POINT('',#4767);
#1496=VERTEX_POINT('',#4768);
#1497=VERTEX_POINT('',#4770);
#1498=VERTEX_POINT('',#4772);
#1499=VERTEX_POINT('',#4785);
#1500=VERTEX_POINT('',#4791);
#1501=VERTEX_POINT('',#4808);
#1502=VERTEX_POINT('',#4814);
#1503=VERTEX_POINT('',#4831);
#1504=VERTEX_POINT('',#4837);
#1505=VERTEX_POINT('',#4854);
#1506=VERTEX_POINT('',#4860);
#1507=VERTEX_POINT('',#4877);
#1508=VERTEX_POINT('',#4883);
#1509=VERTEX_POINT('',#4891);
#1510=VERTEX_POINT('',#4893);
#1511=VERTEX_POINT('',#4900);
#1512=VERTEX_POINT('',#4902);
#1513=VERTEX_POINT('',#4906);
#1514=VERTEX_POINT('',#4919);
#1515=VERTEX_POINT('',#4936);
#1516=VERTEX_POINT('',#4953);
#1517=VERTEX_POINT('',#4970);
#1518=VERTEX_POINT('',#4978);
#1519=VERTEX_POINT('',#4982);
#1520=VERTEX_POINT('',#4986);
#1521=VERTEX_POINT('',#4999);
#1522=VERTEX_POINT('',#5016);
#1523=VERTEX_POINT('',#5033);
#1524=VERTEX_POINT('',#5050);
#1525=VERTEX_POINT('',#5067);
#1526=VERTEX_POINT('',#5084);
#1527=VERTEX_POINT('',#5101);
#1528=VERTEX_POINT('',#5109);
#1529=VERTEX_POINT('',#5113);
#1530=VERTEX_POINT('',#5120);
#1531=VERTEX_POINT('',#5121);
#1532=VERTEX_POINT('',#5123);
#1533=VERTEX_POINT('',#5125);
#1534=VERTEX_POINT('',#5138);
#1535=VERTEX_POINT('',#5144);
#1536=VERTEX_POINT('',#5161);
#1537=VERTEX_POINT('',#5167);
#1538=VERTEX_POINT('',#5184);
#1539=VERTEX_POINT('',#5190);
#1540=VERTEX_POINT('',#5207);
#1541=VERTEX_POINT('',#5213);
#1542=VERTEX_POINT('',#5230);
#1543=VERTEX_POINT('',#5236);
#1544=VERTEX_POINT('',#5244);
#1545=VERTEX_POINT('',#5246);
#1546=VERTEX_POINT('',#5253);
#1547=VERTEX_POINT('',#5255);
#1548=VERTEX_POINT('',#5259);
#1549=VERTEX_POINT('',#5272);
#1550=VERTEX_POINT('',#5289);
#1551=VERTEX_POINT('',#5306);
#1552=VERTEX_POINT('',#5323);
#1553=VERTEX_POINT('',#5331);
#1554=VERTEX_POINT('',#5335);
#1555=VERTEX_POINT('',#5339);
#1556=VERTEX_POINT('',#5352);
#1557=VERTEX_POINT('',#5369);
#1558=VERTEX_POINT('',#5386);
#1559=VERTEX_POINT('',#5403);
#1560=VERTEX_POINT('',#5420);
#1561=VERTEX_POINT('',#5437);
#1562=VERTEX_POINT('',#5454);
#1563=VERTEX_POINT('',#5462);
#1564=VERTEX_POINT('',#5466);
#1565=VERTEX_POINT('',#5473);
#1566=VERTEX_POINT('',#5475);
#1567=VERTEX_POINT('',#5479);
#1568=VERTEX_POINT('',#5483);
#1569=VERTEX_POINT('',#5487);
#1570=VERTEX_POINT('',#5491);
#1571=VERTEX_POINT('',#5495);
#1572=VERTEX_POINT('',#5499);
#1573=VERTEX_POINT('',#5503);
#1574=VERTEX_POINT('',#5507);
#1575=VERTEX_POINT('',#5511);
#1576=VERTEX_POINT('',#5515);
#1577=VERTEX_POINT('',#5531);
#1578=VERTEX_POINT('',#5532);
#1579=VERTEX_POINT('',#5538);
#1580=VERTEX_POINT('',#5540);
#1581=VERTEX_POINT('',#5557);
#1582=VERTEX_POINT('',#5563);
#1583=VERTEX_POINT('',#5571);
#1584=VERTEX_POINT('',#5573);
#1585=VERTEX_POINT('',#5577);
#1586=VERTEX_POINT('',#5579);
#1587=VERTEX_POINT('',#5586);
#1588=VERTEX_POINT('',#5588);
#1589=VERTEX_POINT('',#5592);
#1590=VERTEX_POINT('',#5596);
#1591=VERTEX_POINT('',#5600);
#1592=VERTEX_POINT('',#5604);
#1593=VERTEX_POINT('',#5608);
#1594=VERTEX_POINT('',#5612);
#1595=VERTEX_POINT('',#5619);
#1596=VERTEX_POINT('',#5621);
#1597=VERTEX_POINT('',#5625);
#1598=VERTEX_POINT('',#5629);
#1599=VERTEX_POINT('',#5633);
#1600=VERTEX_POINT('',#5637);
#1601=VERTEX_POINT('',#5641);
#1602=VERTEX_POINT('',#5645);
#1603=VERTEX_POINT('',#5649);
#1604=VERTEX_POINT('',#5653);
#1605=VERTEX_POINT('',#5657);
#1606=VERTEX_POINT('',#5661);
#1607=VERTEX_POINT('',#5668);
#1608=VERTEX_POINT('',#5670);
#1609=VERTEX_POINT('',#5674);
#1610=VERTEX_POINT('',#5678);
#1611=VERTEX_POINT('',#5682);
#1612=VERTEX_POINT('',#5686);
#1613=VERTEX_POINT('',#5690);
#1614=VERTEX_POINT('',#5694);
#1615=VERTEX_POINT('',#5698);
#1616=VERTEX_POINT('',#5702);
#1617=VERTEX_POINT('',#5706);
#1618=VERTEX_POINT('',#5710);
#1619=VERTEX_POINT('',#5726);
#1620=VERTEX_POINT('',#5728);
#1621=VERTEX_POINT('',#5745);
#1622=VERTEX_POINT('',#5762);
#1623=VERTEX_POINT('',#5779);
#1624=VERTEX_POINT('',#5796);
#1625=VERTEX_POINT('',#5813);
#1626=VERTEX_POINT('',#5830);
#1627=VERTEX_POINT('',#5847);
#1628=VERTEX_POINT('',#5864);
#1629=VERTEX_POINT('',#5881);
#1630=VERTEX_POINT('',#5898);
#1631=VERTEX_POINT('',#5915);
#1632=VERTEX_POINT('',#5932);
#1633=VERTEX_POINT('',#5949);
#1634=VERTEX_POINT('',#5957);
#1635=VERTEX_POINT('',#5970);
#1636=VERTEX_POINT('',#5987);
#1637=VERTEX_POINT('',#6004);
#1638=VERTEX_POINT('',#6021);
#1639=VERTEX_POINT('',#6038);
#1640=VERTEX_POINT('',#6055);
#1641=VERTEX_POINT('',#6072);
#1642=VERTEX_POINT('',#6089);
#1643=VERTEX_POINT('',#6106);
#1644=VERTEX_POINT('',#6123);
#1645=VERTEX_POINT('',#6140);
#1646=VERTEX_POINT('',#6157);
#1647=VERTEX_POINT('',#6174);
#1648=VERTEX_POINT('',#6191);
#1649=VERTEX_POINT('',#6208);
#1650=VERTEX_POINT('',#6225);
#1651=VERTEX_POINT('',#6242);
#1652=VERTEX_POINT('',#6259);
#1653=VERTEX_POINT('',#6267);
#1654=VERTEX_POINT('',#6289);
#1655=VERTEX_POINT('',#6293);
#1656=VERTEX_POINT('',#6295);
#1657=VERTEX_POINT('',#6300);
#1658=VERTEX_POINT('',#6302);
#1659=VERTEX_POINT('',#6307);
#1660=VERTEX_POINT('',#6309);
#1661=VERTEX_POINT('',#6314);
#1662=VERTEX_POINT('',#6316);
#1663=VERTEX_POINT('',#6321);
#1664=VERTEX_POINT('',#6323);
#1665=VERTEX_POINT('',#6328);
#1666=VERTEX_POINT('',#6330);
#1667=VERTEX_POINT('',#6335);
#1668=VERTEX_POINT('',#6336);
#1669=VERTEX_POINT('',#6341);
#1670=VERTEX_POINT('',#6345);
#1671=EDGE_CURVE('',#1341,#1342,#679,.T.);
#1672=EDGE_CURVE('',#1343,#1341,#680,.T.);
#1673=EDGE_CURVE('',#1343,#1344,#681,.T.);
#1674=EDGE_CURVE('',#1342,#1344,#682,.T.);
#1675=EDGE_CURVE('',#1345,#1346,#683,.T.);
#1676=EDGE_CURVE('',#1347,#1345,#684,.T.);
#1677=EDGE_CURVE('',#1347,#1348,#685,.T.);
#1678=EDGE_CURVE('',#1346,#1348,#686,.T.);
#1679=EDGE_CURVE('',#1344,#1347,#687,.T.);
#1680=EDGE_CURVE('',#1348,#1343,#688,.T.);
#1681=EDGE_CURVE('',#1346,#1349,#689,.T.);
#1682=EDGE_CURVE('',#1350,#1349,#257,.T.);
#1683=EDGE_CURVE('',#1350,#1351,#690,.T.);
#1684=EDGE_CURVE('',#1352,#1351,#258,.T.);
#1685=EDGE_CURVE('',#1352,#1353,#691,.T.);
#1686=EDGE_CURVE('',#1354,#1353,#259,.T.);
#1687=EDGE_CURVE('',#1354,#1355,#692,.T.);
#1688=EDGE_CURVE('',#1356,#1355,#260,.T.);
#1689=EDGE_CURVE('',#1356,#1341,#693,.T.);
#1690=EDGE_CURVE('',#1342,#1357,#694,.T.);
#1691=EDGE_CURVE('',#1357,#1358,#695,.T.);
#1692=EDGE_CURVE('',#1358,#1359,#696,.T.);
#1693=EDGE_CURVE('',#1359,#1360,#697,.T.);
#1694=EDGE_CURVE('',#1360,#1345,#698,.T.);
#1695=EDGE_CURVE('',#1361,#1361,#261,.T.);
#1696=EDGE_CURVE('',#1362,#1362,#262,.T.);
#1697=EDGE_CURVE('',#1363,#1363,#263,.T.);
#1698=EDGE_CURVE('',#1364,#1364,#264,.T.);
#1699=EDGE_CURVE('',#1365,#1356,#699,.T.);
#1700=EDGE_CURVE('',#1366,#1365,#700,.T.);
#1701=EDGE_CURVE('',#1349,#1366,#701,.T.);
#1702=EDGE_CURVE('',#1366,#1367,#265,.T.);
#1703=EDGE_CURVE('',#1367,#1350,#702,.T.);
#1704=EDGE_CURVE('',#1351,#1368,#703,.T.);
#1705=EDGE_CURVE('',#1368,#1369,#266,.T.);
#1706=EDGE_CURVE('',#1369,#1352,#704,.T.);
#1707=EDGE_CURVE('',#1370,#1369,#705,.T.);
#1708=EDGE_CURVE('',#1353,#1370,#706,.T.);
#1709=EDGE_CURVE('',#1371,#1365,#267,.T.);
#1710=EDGE_CURVE('',#1371,#1372,#707,.T.);
#1711=EDGE_CURVE('',#1370,#1372,#268,.T.);
#1712=EDGE_CURVE('',#1368,#1367,#708,.T.);
#1713=EDGE_CURVE('',#1373,#1374,#709,.T.);
#1714=EDGE_CURVE('',#1374,#1375,#710,.T.);
#1715=EDGE_CURVE('',#1375,#1376,#711,.T.);
#1716=EDGE_CURVE('',#1376,#1377,#712,.T.);
#1717=EDGE_CURVE('',#1377,#1378,#82,.T.);
#1718=EDGE_CURVE('',#1378,#1379,#83,.T.);
#1719=EDGE_CURVE('',#1379,#1380,#84,.T.);
#1720=EDGE_CURVE('',#1380,#1381,#85,.T.);
#1721=EDGE_CURVE('',#1381,#1382,#86,.T.);
#1722=EDGE_CURVE('',#1382,#1383,#87,.T.);
#1723=EDGE_CURVE('',#1383,#1384,#88,.T.);
#1724=EDGE_CURVE('',#1384,#1385,#713,.T.);
#1725=EDGE_CURVE('',#1385,#1386,#714,.T.);
#1726=EDGE_CURVE('',#1386,#1387,#715,.T.);
#1727=EDGE_CURVE('',#1387,#1388,#89,.T.);
#1728=EDGE_CURVE('',#1388,#1389,#90,.T.);
#1729=EDGE_CURVE('',#1389,#1390,#91,.T.);
#1730=EDGE_CURVE('',#1390,#1391,#92,.T.);
#1731=EDGE_CURVE('',#1391,#1373,#716,.T.);
#1732=EDGE_CURVE('',#1392,#1393,#717,.T.);
#1733=EDGE_CURVE('',#1393,#1394,#718,.T.);
#1734=EDGE_CURVE('',#1394,#1395,#719,.T.);
#1735=EDGE_CURVE('',#1395,#1396,#720,.T.);
#1736=EDGE_CURVE('',#1396,#1397,#93,.T.);
#1737=EDGE_CURVE('',#1397,#1398,#94,.T.);
#1738=EDGE_CURVE('',#1398,#1399,#95,.T.);
#1739=EDGE_CURVE('',#1399,#1400,#96,.T.);
#1740=EDGE_CURVE('',#1400,#1401,#97,.T.);
#1741=EDGE_CURVE('',#1401,#1402,#98,.T.);
#1742=EDGE_CURVE('',#1402,#1403,#99,.T.);
#1743=EDGE_CURVE('',#1403,#1404,#721,.T.);
#1744=EDGE_CURVE('',#1404,#1405,#722,.T.);
#1745=EDGE_CURVE('',#1405,#1406,#723,.T.);
#1746=EDGE_CURVE('',#1406,#1407,#100,.T.);
#1747=EDGE_CURVE('',#1407,#1408,#101,.T.);
#1748=EDGE_CURVE('',#1408,#1409,#102,.T.);
#1749=EDGE_CURVE('',#1409,#1410,#103,.T.);
#1750=EDGE_CURVE('',#1410,#1392,#724,.T.);
#1751=EDGE_CURVE('',#1411,#1412,#725,.T.);
#1752=EDGE_CURVE('',#1412,#1413,#726,.T.);
#1753=EDGE_CURVE('',#1413,#1414,#727,.T.);
#1754=EDGE_CURVE('',#1414,#1415,#728,.T.);
#1755=EDGE_CURVE('',#1415,#1416,#729,.T.);
#1756=EDGE_CURVE('',#1416,#1417,#730,.T.);
#1757=EDGE_CURVE('',#1417,#1418,#731,.T.);
#1758=EDGE_CURVE('',#1418,#1419,#732,.T.);
#1759=EDGE_CURVE('',#1419,#1420,#733,.T.);
#1760=EDGE_CURVE('',#1420,#1421,#734,.T.);
#1761=EDGE_CURVE('',#1421,#1422,#735,.T.);
#1762=EDGE_CURVE('',#1422,#1411,#736,.T.);
#1763=EDGE_CURVE('',#1423,#1424,#737,.T.);
#1764=EDGE_CURVE('',#1424,#1425,#738,.T.);
#1765=EDGE_CURVE('',#1425,#1426,#739,.T.);
#1766=EDGE_CURVE('',#1426,#1427,#740,.T.);
#1767=EDGE_CURVE('',#1427,#1428,#741,.T.);
#1768=EDGE_CURVE('',#1428,#1429,#742,.T.);
#1769=EDGE_CURVE('',#1429,#1430,#743,.T.);
#1770=EDGE_CURVE('',#1430,#1423,#744,.T.);
#1771=EDGE_CURVE('',#1431,#1432,#745,.T.);
#1772=EDGE_CURVE('',#1432,#1433,#746,.T.);
#1773=EDGE_CURVE('',#1433,#1434,#747,.T.);
#1774=EDGE_CURVE('',#1434,#1435,#748,.T.);
#1775=EDGE_CURVE('',#1435,#1436,#749,.T.);
#1776=EDGE_CURVE('',#1436,#1437,#750,.T.);
#1777=EDGE_CURVE('',#1437,#1438,#751,.T.);
#1778=EDGE_CURVE('',#1438,#1439,#752,.T.);
#1779=EDGE_CURVE('',#1439,#1440,#753,.T.);
#1780=EDGE_CURVE('',#1440,#1441,#754,.T.);
#1781=EDGE_CURVE('',#1441,#1442,#755,.T.);
#1782=EDGE_CURVE('',#1442,#1431,#756,.T.);
#1783=EDGE_CURVE('',#1443,#1444,#757,.T.);
#1784=EDGE_CURVE('',#1444,#1445,#758,.T.);
#1785=EDGE_CURVE('',#1445,#1446,#759,.T.);
#1786=EDGE_CURVE('',#1446,#1447,#760,.T.);
#1787=EDGE_CURVE('',#1447,#1448,#761,.T.);
#1788=EDGE_CURVE('',#1448,#1449,#762,.T.);
#1789=EDGE_CURVE('',#1449,#1450,#763,.T.);
#1790=EDGE_CURVE('',#1450,#1451,#764,.T.);
#1791=EDGE_CURVE('',#1451,#1452,#765,.T.);
#1792=EDGE_CURVE('',#1452,#1453,#766,.T.);
#1793=EDGE_CURVE('',#1453,#1454,#767,.T.);
#1794=EDGE_CURVE('',#1454,#1443,#768,.T.);
#1795=EDGE_CURVE('',#1455,#1456,#104,.T.);
#1796=EDGE_CURVE('',#1456,#1457,#105,.T.);
#1797=EDGE_CURVE('',#1457,#1458,#769,.T.);
#1798=EDGE_CURVE('',#1458,#1459,#106,.T.);
#1799=EDGE_CURVE('',#1459,#1460,#107,.T.);
#1800=EDGE_CURVE('',#1460,#1461,#108,.T.);
#1801=EDGE_CURVE('',#1461,#1462,#109,.T.);
#1802=EDGE_CURVE('',#1462,#1463,#110,.T.);
#1803=EDGE_CURVE('',#1463,#1464,#111,.T.);
#1804=EDGE_CURVE('',#1464,#1465,#112,.T.);
#1805=EDGE_CURVE('',#1465,#1466,#113,.T.);
#1806=EDGE_CURVE('',#1466,#1467,#114,.T.);
#1807=EDGE_CURVE('',#1467,#1468,#115,.T.);
#1808=EDGE_CURVE('',#1468,#1469,#116,.T.);
#1809=EDGE_CURVE('',#1469,#1470,#117,.T.);
#1810=EDGE_CURVE('',#1470,#1471,#118,.T.);
#1811=EDGE_CURVE('',#1471,#1472,#119,.T.);
#1812=EDGE_CURVE('',#1472,#1473,#120,.T.);
#1813=EDGE_CURVE('',#1473,#1474,#121,.T.);
#1814=EDGE_CURVE('',#1474,#1475,#122,.T.);
#1815=EDGE_CURVE('',#1475,#1476,#123,.T.);
#1816=EDGE_CURVE('',#1476,#1477,#770,.T.);
#1817=EDGE_CURVE('',#1477,#1478,#124,.T.);
#1818=EDGE_CURVE('',#1478,#1479,#125,.T.);
#1819=EDGE_CURVE('',#1479,#1480,#126,.T.);
#1820=EDGE_CURVE('',#1480,#1481,#127,.T.);
#1821=EDGE_CURVE('',#1481,#1482,#128,.T.);
#1822=EDGE_CURVE('',#1482,#1483,#129,.T.);
#1823=EDGE_CURVE('',#1483,#1484,#130,.T.);
#1824=EDGE_CURVE('',#1484,#1485,#131,.T.);
#1825=EDGE_CURVE('',#1485,#1486,#132,.T.);
#1826=EDGE_CURVE('',#1486,#1487,#133,.T.);
#1827=EDGE_CURVE('',#1487,#1488,#134,.T.);
#1828=EDGE_CURVE('',#1488,#1489,#135,.T.);
#1829=EDGE_CURVE('',#1489,#1455,#136,.T.);
#1830=EDGE_CURVE('',#1490,#1490,#269,.T.);
#1831=EDGE_CURVE('',#1491,#1491,#270,.T.);
#1832=EDGE_CURVE('',#1492,#1492,#271,.T.);
#1833=EDGE_CURVE('',#1493,#1493,#272,.T.);
#1834=EDGE_CURVE('',#1494,#1494,#273,.T.);
#1835=EDGE_CURVE('',#1372,#1354,#771,.T.);
#1836=EDGE_CURVE('',#1355,#1371,#772,.T.);
#1837=EDGE_CURVE('',#1495,#1496,#773,.T.);
#1838=EDGE_CURVE('',#1495,#1497,#774,.T.);
#1839=EDGE_CURVE('',#1497,#1498,#775,.T.);
#1840=EDGE_CURVE('',#1496,#1498,#776,.T.);
#1841=EDGE_CURVE('',#1499,#1495,#137,.T.);
#1842=EDGE_CURVE('',#1499,#1500,#777,.T.);
#1843=EDGE_CURVE('',#1500,#1497,#138,.T.);
#1844=EDGE_CURVE('',#1501,#1499,#139,.T.);
#1845=EDGE_CURVE('',#1501,#1502,#778,.T.);
#1846=EDGE_CURVE('',#1502,#1500,#140,.T.);
#1847=EDGE_CURVE('',#1503,#1501,#141,.T.);
#1848=EDGE_CURVE('',#1503,#1504,#779,.T.);
#1849=EDGE_CURVE('',#1504,#1502,#142,.T.);
#1850=EDGE_CURVE('',#1505,#1503,#143,.T.);
#1851=EDGE_CURVE('',#1505,#1506,#780,.T.);
#1852=EDGE_CURVE('',#1506,#1504,#144,.T.);
#1853=EDGE_CURVE('',#1507,#1505,#145,.T.);
#1854=EDGE_CURVE('',#1507,#1508,#781,.T.);
#1855=EDGE_CURVE('',#1508,#1506,#146,.T.);
#1856=EDGE_CURVE('',#1509,#1507,#782,.T.);
#1857=EDGE_CURVE('',#1509,#1510,#783,.T.);
#1858=EDGE_CURVE('',#1510,#1508,#784,.T.);
#1859=EDGE_CURVE('',#1496,#1509,#785,.T.);
#1860=EDGE_CURVE('',#1498,#1510,#786,.T.);
#1861=EDGE_CURVE('',#1373,#1511,#787,.T.);
#1862=EDGE_CURVE('',#1511,#1512,#788,.T.);
#1863=EDGE_CURVE('',#1374,#1512,#789,.T.);
#1864=EDGE_CURVE('',#1391,#1513,#790,.T.);
#1865=EDGE_CURVE('',#1513,#1511,#791,.T.);
#1866=EDGE_CURVE('',#1390,#1514,#792,.T.);
#1867=EDGE_CURVE('',#1514,#1513,#147,.T.);
#1868=EDGE_CURVE('',#1389,#1515,#793,.T.);
#1869=EDGE_CURVE('',#1515,#1514,#148,.T.);
#1870=EDGE_CURVE('',#1388,#1516,#794,.T.);
#1871=EDGE_CURVE('',#1516,#1515,#149,.T.);
#1872=EDGE_CURVE('',#1387,#1517,#795,.T.);
#1873=EDGE_CURVE('',#1517,#1516,#150,.T.);
#1874=EDGE_CURVE('',#1386,#1518,#796,.T.);
#1875=EDGE_CURVE('',#1518,#1517,#797,.T.);
#1876=EDGE_CURVE('',#1385,#1519,#798,.T.);
#1877=EDGE_CURVE('',#1519,#1518,#799,.T.);
#1878=EDGE_CURVE('',#1384,#1520,#800,.T.);
#1879=EDGE_CURVE('',#1520,#1519,#801,.T.);
#1880=EDGE_CURVE('',#1383,#1521,#802,.T.);
#1881=EDGE_CURVE('',#1521,#1520,#151,.T.);
#1882=EDGE_CURVE('',#1382,#1522,#803,.T.);
#1883=EDGE_CURVE('',#1522,#1521,#152,.T.);
#1884=EDGE_CURVE('',#1381,#1523,#804,.T.);
#1885=EDGE_CURVE('',#1523,#1522,#153,.T.);
#1886=EDGE_CURVE('',#1380,#1524,#805,.T.);
#1887=EDGE_CURVE('',#1524,#1523,#154,.T.);
#1888=EDGE_CURVE('',#1379,#1525,#806,.T.);
#1889=EDGE_CURVE('',#1525,#1524,#155,.T.);
#1890=EDGE_CURVE('',#1378,#1526,#807,.T.);
#1891=EDGE_CURVE('',#1526,#1525,#156,.T.);
#1892=EDGE_CURVE('',#1377,#1527,#808,.T.);
#1893=EDGE_CURVE('',#1527,#1526,#157,.T.);
#1894=EDGE_CURVE('',#1376,#1528,#809,.T.);
#1895=EDGE_CURVE('',#1528,#1527,#810,.T.);
#1896=EDGE_CURVE('',#1375,#1529,#811,.T.);
#1897=EDGE_CURVE('',#1529,#1528,#812,.T.);
#1898=EDGE_CURVE('',#1512,#1529,#813,.T.);
#1899=EDGE_CURVE('',#1530,#1531,#814,.T.);
#1900=EDGE_CURVE('',#1530,#1532,#815,.T.);
#1901=EDGE_CURVE('',#1532,#1533,#816,.T.);
#1902=EDGE_CURVE('',#1531,#1533,#817,.T.);
#1903=EDGE_CURVE('',#1534,#1530,#158,.T.);
#1904=EDGE_CURVE('',#1534,#1535,#818,.T.);
#1905=EDGE_CURVE('',#1535,#1532,#159,.T.);
#1906=EDGE_CURVE('',#1536,#1534,#160,.T.);
#1907=EDGE_CURVE('',#1536,#1537,#819,.T.);
#1908=EDGE_CURVE('',#1537,#1535,#161,.T.);
#1909=EDGE_CURVE('',#1538,#1536,#162,.T.);
#1910=EDGE_CURVE('',#1538,#1539,#820,.T.);
#1911=EDGE_CURVE('',#1539,#1537,#163,.T.);
#1912=EDGE_CURVE('',#1540,#1538,#164,.T.);
#1913=EDGE_CURVE('',#1540,#1541,#821,.T.);
#1914=EDGE_CURVE('',#1541,#1539,#165,.T.);
#1915=EDGE_CURVE('',#1542,#1540,#166,.T.);
#1916=EDGE_CURVE('',#1542,#1543,#822,.T.);
#1917=EDGE_CURVE('',#1543,#1541,#167,.T.);
#1918=EDGE_CURVE('',#1544,#1542,#823,.T.);
#1919=EDGE_CURVE('',#1544,#1545,#824,.T.);
#1920=EDGE_CURVE('',#1545,#1543,#825,.T.);
#1921=EDGE_CURVE('',#1531,#1544,#826,.T.);
#1922=EDGE_CURVE('',#1533,#1545,#827,.T.);
#1923=EDGE_CURVE('',#1392,#1546,#828,.T.);
#1924=EDGE_CURVE('',#1546,#1547,#829,.T.);
#1925=EDGE_CURVE('',#1393,#1547,#830,.T.);
#1926=EDGE_CURVE('',#1410,#1548,#831,.T.);
#1927=EDGE_CURVE('',#1548,#1546,#832,.T.);
#1928=EDGE_CURVE('',#1409,#1549,#833,.T.);
#1929=EDGE_CURVE('',#1549,#1548,#168,.T.);
#1930=EDGE_CURVE('',#1408,#1550,#834,.T.);
#1931=EDGE_CURVE('',#1550,#1549,#169,.T.);
#1932=EDGE_CURVE('',#1407,#1551,#835,.T.);
#1933=EDGE_CURVE('',#1551,#1550,#170,.T.);
#1934=EDGE_CURVE('',#1406,#1552,#836,.T.);
#1935=EDGE_CURVE('',#1552,#1551,#171,.T.);
#1936=EDGE_CURVE('',#1405,#1553,#837,.T.);
#1937=EDGE_CURVE('',#1553,#1552,#838,.T.);
#1938=EDGE_CURVE('',#1404,#1554,#839,.T.);
#1939=EDGE_CURVE('',#1554,#1553,#840,.T.);
#1940=EDGE_CURVE('',#1403,#1555,#841,.T.);
#1941=EDGE_CURVE('',#1555,#1554,#842,.T.);
#1942=EDGE_CURVE('',#1402,#1556,#843,.T.);
#1943=EDGE_CURVE('',#1556,#1555,#172,.T.);
#1944=EDGE_CURVE('',#1401,#1557,#844,.T.);
#1945=EDGE_CURVE('',#1557,#1556,#173,.T.);
#1946=EDGE_CURVE('',#1400,#1558,#845,.T.);
#1947=EDGE_CURVE('',#1558,#1557,#174,.T.);
#1948=EDGE_CURVE('',#1399,#1559,#846,.T.);
#1949=EDGE_CURVE('',#1559,#1558,#175,.T.);
#1950=EDGE_CURVE('',#1398,#1560,#847,.T.);
#1951=EDGE_CURVE('',#1560,#1559,#176,.T.);
#1952=EDGE_CURVE('',#1397,#1561,#848,.T.);
#1953=EDGE_CURVE('',#1561,#1560,#177,.T.);
#1954=EDGE_CURVE('',#1396,#1562,#849,.T.);
#1955=EDGE_CURVE('',#1562,#1561,#178,.T.);
#1956=EDGE_CURVE('',#1395,#1563,#850,.T.);
#1957=EDGE_CURVE('',#1563,#1562,#851,.T.);
#1958=EDGE_CURVE('',#1394,#1564,#852,.T.);
#1959=EDGE_CURVE('',#1564,#1563,#853,.T.);
#1960=EDGE_CURVE('',#1547,#1564,#854,.T.);
#1961=EDGE_CURVE('',#1411,#1565,#855,.T.);
#1962=EDGE_CURVE('',#1565,#1566,#856,.T.);
#1963=EDGE_CURVE('',#1412,#1566,#857,.T.);
#1964=EDGE_CURVE('',#1422,#1567,#858,.T.);
#1965=EDGE_CURVE('',#1567,#1565,#859,.T.);
#1966=EDGE_CURVE('',#1421,#1568,#860,.T.);
#1967=EDGE_CURVE('',#1568,#1567,#861,.T.);
#1968=EDGE_CURVE('',#1420,#1569,#862,.T.);
#1969=EDGE_CURVE('',#1569,#1568,#863,.T.);
#1970=EDGE_CURVE('',#1419,#1570,#864,.T.);
#1971=EDGE_CURVE('',#1570,#1569,#865,.T.);
#1972=EDGE_CURVE('',#1418,#1571,#866,.T.);
#1973=EDGE_CURVE('',#1571,#1570,#867,.T.);
#1974=EDGE_CURVE('',#1417,#1572,#868,.T.);
#1975=EDGE_CURVE('',#1572,#1571,#869,.T.);
#1976=EDGE_CURVE('',#1416,#1573,#870,.T.);
#1977=EDGE_CURVE('',#1573,#1572,#871,.T.);
#1978=EDGE_CURVE('',#1415,#1574,#872,.T.);
#1979=EDGE_CURVE('',#1574,#1573,#873,.T.);
#1980=EDGE_CURVE('',#1414,#1575,#874,.T.);
#1981=EDGE_CURVE('',#1575,#1574,#875,.T.);
#1982=EDGE_CURVE('',#1413,#1576,#876,.T.);
#1983=EDGE_CURVE('',#1576,#1575,#877,.T.);
#1984=EDGE_CURVE('',#1566,#1576,#878,.T.);
#1985=EDGE_CURVE('',#1577,#1578,#179,.T.);
#1986=EDGE_CURVE('',#1577,#1579,#879,.T.);
#1987=EDGE_CURVE('',#1579,#1580,#180,.T.);
#1988=EDGE_CURVE('',#1578,#1580,#880,.T.);
#1989=EDGE_CURVE('',#1581,#1577,#181,.T.);
#1990=EDGE_CURVE('',#1581,#1582,#881,.T.);
#1991=EDGE_CURVE('',#1582,#1579,#182,.T.);
#1992=EDGE_CURVE('',#1583,#1581,#882,.T.);
#1993=EDGE_CURVE('',#1583,#1584,#883,.T.);
#1994=EDGE_CURVE('',#1584,#1582,#884,.T.);
#1995=EDGE_CURVE('',#1585,#1583,#885,.T.);
#1996=EDGE_CURVE('',#1585,#1586,#886,.T.);
#1997=EDGE_CURVE('',#1586,#1584,#887,.T.);
#1998=EDGE_CURVE('',#1578,#1585,#888,.T.);
#1999=EDGE_CURVE('',#1580,#1586,#889,.T.);
#2000=EDGE_CURVE('',#1423,#1587,#890,.T.);
#2001=EDGE_CURVE('',#1587,#1588,#891,.T.);
#2002=EDGE_CURVE('',#1424,#1588,#892,.T.);
#2003=EDGE_CURVE('',#1430,#1589,#893,.T.);
#2004=EDGE_CURVE('',#1589,#1587,#894,.T.);
#2005=EDGE_CURVE('',#1429,#1590,#895,.T.);
#2006=EDGE_CURVE('',#1590,#1589,#896,.T.);
#2007=EDGE_CURVE('',#1428,#1591,#897,.T.);
#2008=EDGE_CURVE('',#1591,#1590,#898,.T.);
#2009=EDGE_CURVE('',#1427,#1592,#899,.T.);
#2010=EDGE_CURVE('',#1592,#1591,#900,.T.);
#2011=EDGE_CURVE('',#1426,#1593,#901,.T.);
#2012=EDGE_CURVE('',#1593,#1592,#902,.T.);
#2013=EDGE_CURVE('',#1425,#1594,#903,.T.);
#2014=EDGE_CURVE('',#1594,#1593,#904,.T.);
#2015=EDGE_CURVE('',#1588,#1594,#905,.T.);
#2016=EDGE_CURVE('',#1431,#1595,#906,.T.);
#2017=EDGE_CURVE('',#1595,#1596,#907,.T.);
#2018=EDGE_CURVE('',#1432,#1596,#908,.T.);
#2019=EDGE_CURVE('',#1442,#1597,#909,.T.);
#2020=EDGE_CURVE('',#1597,#1595,#910,.T.);
#2021=EDGE_CURVE('',#1441,#1598,#911,.T.);
#2022=EDGE_CURVE('',#1598,#1597,#912,.T.);
#2023=EDGE_CURVE('',#1440,#1599,#913,.T.);
#2024=EDGE_CURVE('',#1599,#1598,#914,.T.);
#2025=EDGE_CURVE('',#1439,#1600,#915,.T.);
#2026=EDGE_CURVE('',#1600,#1599,#916,.T.);
#2027=EDGE_CURVE('',#1438,#1601,#917,.T.);
#2028=EDGE_CURVE('',#1601,#1600,#918,.T.);
#2029=EDGE_CURVE('',#1437,#1602,#919,.T.);
#2030=EDGE_CURVE('',#1602,#1601,#920,.T.);
#2031=EDGE_CURVE('',#1436,#1603,#921,.T.);
#2032=EDGE_CURVE('',#1603,#1602,#922,.T.);
#2033=EDGE_CURVE('',#1435,#1604,#923,.T.);
#2034=EDGE_CURVE('',#1604,#1603,#924,.T.);
#2035=EDGE_CURVE('',#1434,#1605,#925,.T.);
#2036=EDGE_CURVE('',#1605,#1604,#926,.T.);
#2037=EDGE_CURVE('',#1433,#1606,#927,.T.);
#2038=EDGE_CURVE('',#1606,#1605,#928,.T.);
#2039=EDGE_CURVE('',#1596,#1606,#929,.T.);
#2040=EDGE_CURVE('',#1443,#1607,#930,.T.);
#2041=EDGE_CURVE('',#1607,#1608,#931,.T.);
#2042=EDGE_CURVE('',#1444,#1608,#932,.T.);
#2043=EDGE_CURVE('',#1454,#1609,#933,.T.);
#2044=EDGE_CURVE('',#1609,#1607,#934,.T.);
#2045=EDGE_CURVE('',#1453,#1610,#935,.T.);
#2046=EDGE_CURVE('',#1610,#1609,#936,.T.);
#2047=EDGE_CURVE('',#1452,#1611,#937,.T.);
#2048=EDGE_CURVE('',#1611,#1610,#938,.T.);
#2049=EDGE_CURVE('',#1451,#1612,#939,.T.);
#2050=EDGE_CURVE('',#1612,#1611,#940,.T.);
#2051=EDGE_CURVE('',#1450,#1613,#941,.T.);
#2052=EDGE_CURVE('',#1613,#1612,#942,.T.);
#2053=EDGE_CURVE('',#1449,#1614,#943,.T.);
#2054=EDGE_CURVE('',#1614,#1613,#944,.T.);
#2055=EDGE_CURVE('',#1448,#1615,#945,.T.);
#2056=EDGE_CURVE('',#1615,#1614,#946,.T.);
#2057=EDGE_CURVE('',#1447,#1616,#947,.T.);
#2058=EDGE_CURVE('',#1616,#1615,#948,.T.);
#2059=EDGE_CURVE('',#1446,#1617,#949,.T.);
#2060=EDGE_CURVE('',#1617,#1616,#950,.T.);
#2061=EDGE_CURVE('',#1445,#1618,#951,.T.);
#2062=EDGE_CURVE('',#1618,#1617,#952,.T.);
#2063=EDGE_CURVE('',#1608,#1618,#953,.T.);
#2064=EDGE_CURVE('',#1455,#1619,#954,.T.);
#2065=EDGE_CURVE('',#1619,#1620,#183,.T.);
#2066=EDGE_CURVE('',#1456,#1620,#955,.T.);
#2067=EDGE_CURVE('',#1489,#1621,#956,.T.);
#2068=EDGE_CURVE('',#1621,#1619,#184,.T.);
#2069=EDGE_CURVE('',#1488,#1622,#957,.T.);
#2070=EDGE_CURVE('',#1622,#1621,#185,.T.);
#2071=EDGE_CURVE('',#1487,#1623,#958,.T.);
#2072=EDGE_CURVE('',#1623,#1622,#186,.T.);
#2073=EDGE_CURVE('',#1486,#1624,#959,.T.);
#2074=EDGE_CURVE('',#1624,#1623,#187,.T.);
#2075=EDGE_CURVE('',#1485,#1625,#960,.T.);
#2076=EDGE_CURVE('',#1625,#1624,#188,.T.);
#2077=EDGE_CURVE('',#1484,#1626,#961,.T.);
#2078=EDGE_CURVE('',#1626,#1625,#189,.T.);
#2079=EDGE_CURVE('',#1483,#1627,#962,.T.);
#2080=EDGE_CURVE('',#1627,#1626,#190,.T.);
#2081=EDGE_CURVE('',#1482,#1628,#963,.T.);
#2082=EDGE_CURVE('',#1628,#1627,#191,.T.);
#2083=EDGE_CURVE('',#1481,#1629,#964,.T.);
#2084=EDGE_CURVE('',#1629,#1628,#192,.T.);
#2085=EDGE_CURVE('',#1480,#1630,#965,.T.);
#2086=EDGE_CURVE('',#1630,#1629,#193,.T.);
#2087=EDGE_CURVE('',#1479,#1631,#966,.T.);
#2088=EDGE_CURVE('',#1631,#1630,#194,.T.);
#2089=EDGE_CURVE('',#1478,#1632,#967,.T.);
#2090=EDGE_CURVE('',#1632,#1631,#195,.T.);
#2091=EDGE_CURVE('',#1477,#1633,#968,.T.);
#2092=EDGE_CURVE('',#1633,#1632,#196,.T.);
#2093=EDGE_CURVE('',#1476,#1634,#969,.T.);
#2094=EDGE_CURVE('',#1634,#1633,#970,.T.);
#2095=EDGE_CURVE('',#1475,#1635,#971,.T.);
#2096=EDGE_CURVE('',#1635,#1634,#197,.T.);
#2097=EDGE_CURVE('',#1474,#1636,#972,.T.);
#2098=EDGE_CURVE('',#1636,#1635,#198,.T.);
#2099=EDGE_CURVE('',#1473,#1637,#973,.T.);
#2100=EDGE_CURVE('',#1637,#1636,#199,.T.);
#2101=EDGE_CURVE('',#1472,#1638,#974,.T.);
#2102=EDGE_CURVE('',#1638,#1637,#200,.T.);
#2103=EDGE_CURVE('',#1471,#1639,#975,.T.);
#2104=EDGE_CURVE('',#1639,#1638,#201,.T.);
#2105=EDGE_CURVE('',#1470,#1640,#976,.T.);
#2106=EDGE_CURVE('',#1640,#1639,#202,.T.);
#2107=EDGE_CURVE('',#1469,#1641,#977,.T.);
#2108=EDGE_CURVE('',#1641,#1640,#203,.T.);
#2109=EDGE_CURVE('',#1468,#1642,#978,.T.);
#2110=EDGE_CURVE('',#1642,#1641,#204,.T.);
#2111=EDGE_CURVE('',#1467,#1643,#979,.T.);
#2112=EDGE_CURVE('',#1643,#1642,#205,.T.);
#2113=EDGE_CURVE('',#1466,#1644,#980,.T.);
#2114=EDGE_CURVE('',#1644,#1643,#206,.T.);
#2115=EDGE_CURVE('',#1465,#1645,#981,.T.);
#2116=EDGE_CURVE('',#1645,#1644,#207,.T.);
#2117=EDGE_CURVE('',#1464,#1646,#982,.T.);
#2118=EDGE_CURVE('',#1646,#1645,#208,.T.);
#2119=EDGE_CURVE('',#1463,#1647,#983,.T.);
#2120=EDGE_CURVE('',#1647,#1646,#209,.T.);
#2121=EDGE_CURVE('',#1462,#1648,#984,.T.);
#2122=EDGE_CURVE('',#1648,#1647,#210,.T.);
#2123=EDGE_CURVE('',#1461,#1649,#985,.T.);
#2124=EDGE_CURVE('',#1649,#1648,#211,.T.);
#2125=EDGE_CURVE('',#1460,#1650,#986,.T.);
#2126=EDGE_CURVE('',#1650,#1649,#212,.T.);
#2127=EDGE_CURVE('',#1459,#1651,#987,.T.);
#2128=EDGE_CURVE('',#1651,#1650,#213,.T.);
#2129=EDGE_CURVE('',#1458,#1652,#988,.T.);
#2130=EDGE_CURVE('',#1652,#1651,#214,.T.);
#2131=EDGE_CURVE('',#1457,#1653,#989,.T.);
#2132=EDGE_CURVE('',#1653,#1652,#990,.T.);
#2133=EDGE_CURVE('',#1620,#1653,#215,.T.);
#2134=EDGE_CURVE('',#1654,#1654,#274,.T.);
#2135=EDGE_CURVE('',#1654,#1490,#991,.T.);
#2136=EDGE_CURVE('',#1655,#1655,#275,.T.);
#2137=EDGE_CURVE('',#1655,#1656,#992,.T.);
#2138=EDGE_CURVE('',#1656,#1656,#276,.T.);
#2139=EDGE_CURVE('',#1657,#1657,#277,.T.);
#2140=EDGE_CURVE('',#1657,#1658,#993,.T.);
#2141=EDGE_CURVE('',#1658,#1658,#278,.T.);
#2142=EDGE_CURVE('',#1659,#1659,#279,.T.);
#2143=EDGE_CURVE('',#1659,#1660,#994,.T.);
#2144=EDGE_CURVE('',#1660,#1660,#280,.T.);
#2145=EDGE_CURVE('',#1661,#1661,#281,.T.);
#2146=EDGE_CURVE('',#1661,#1662,#995,.T.);
#2147=EDGE_CURVE('',#1662,#1662,#282,.T.);
#2148=EDGE_CURVE('',#1663,#1663,#283,.T.);
#2149=EDGE_CURVE('',#1663,#1664,#996,.T.);
#2150=EDGE_CURVE('',#1664,#1664,#284,.T.);
#2151=EDGE_CURVE('',#1665,#1665,#285,.T.);
#2152=EDGE_CURVE('',#1665,#1666,#997,.T.);
#2153=EDGE_CURVE('',#1666,#1666,#286,.T.);
#2154=EDGE_CURVE('',#1667,#1668,#998,.T.);
#2155=EDGE_CURVE('',#1667,#1358,#999,.T.);
#2156=EDGE_CURVE('',#1668,#1357,#1000,.T.);
#2157=EDGE_CURVE('',#1669,#1667,#1001,.T.);
#2158=EDGE_CURVE('',#1669,#1359,#1002,.T.);
#2159=EDGE_CURVE('',#1670,#1360,#1003,.T.);
#2160=EDGE_CURVE('',#1668,#1670,#1004,.T.);
#2161=EDGE_CURVE('',#1670,#1669,#1005,.T.);
#2162=EDGE_CURVE('',#1362,#1494,#1006,.T.);
#2163=EDGE_CURVE('',#1363,#1493,#1007,.T.);
#2164=EDGE_CURVE('',#1364,#1492,#1008,.T.);
#2165=EDGE_CURVE('',#1361,#1491,#1009,.T.);
#2166=ORIENTED_EDGE('',*,*,#1671,.F.);
#2167=ORIENTED_EDGE('',*,*,#1672,.F.);
#2168=ORIENTED_EDGE('',*,*,#1673,.T.);
#2169=ORIENTED_EDGE('',*,*,#1674,.F.);
#2170=ORIENTED_EDGE('',*,*,#1675,.F.);
#2171=ORIENTED_EDGE('',*,*,#1676,.F.);
#2172=ORIENTED_EDGE('',*,*,#1677,.T.);
#2173=ORIENTED_EDGE('',*,*,#1678,.F.);
#2174=ORIENTED_EDGE('',*,*,#1677,.F.);
#2175=ORIENTED_EDGE('',*,*,#1679,.F.);
#2176=ORIENTED_EDGE('',*,*,#1673,.F.);
#2177=ORIENTED_EDGE('',*,*,#1680,.F.);
#2178=ORIENTED_EDGE('',*,*,#1675,.T.);
#2179=ORIENTED_EDGE('',*,*,#1681,.T.);
#2180=ORIENTED_EDGE('',*,*,#1682,.F.);
#2181=ORIENTED_EDGE('',*,*,#1683,.T.);
#2182=ORIENTED_EDGE('',*,*,#1684,.F.);
#2183=ORIENTED_EDGE('',*,*,#1685,.T.);
#2184=ORIENTED_EDGE('',*,*,#1686,.F.);
#2185=ORIENTED_EDGE('',*,*,#1687,.T.);
#2186=ORIENTED_EDGE('',*,*,#1688,.F.);
#2187=ORIENTED_EDGE('',*,*,#1689,.T.);
#2188=ORIENTED_EDGE('',*,*,#1671,.T.);
#2189=ORIENTED_EDGE('',*,*,#1690,.T.);
#2190=ORIENTED_EDGE('',*,*,#1691,.T.);
#2191=ORIENTED_EDGE('',*,*,#1692,.T.);
#2192=ORIENTED_EDGE('',*,*,#1693,.T.);
#2193=ORIENTED_EDGE('',*,*,#1694,.T.);
#2194=ORIENTED_EDGE('',*,*,#1695,.T.);
#2195=ORIENTED_EDGE('',*,*,#1696,.T.);
#2196=ORIENTED_EDGE('',*,*,#1697,.T.);
#2197=ORIENTED_EDGE('',*,*,#1698,.T.);
#2198=ORIENTED_EDGE('',*,*,#1678,.T.);
#2199=ORIENTED_EDGE('',*,*,#1680,.T.);
#2200=ORIENTED_EDGE('',*,*,#1672,.T.);
#2201=ORIENTED_EDGE('',*,*,#1689,.F.);
#2202=ORIENTED_EDGE('',*,*,#1699,.F.);
#2203=ORIENTED_EDGE('',*,*,#1700,.F.);
#2204=ORIENTED_EDGE('',*,*,#1701,.F.);
#2205=ORIENTED_EDGE('',*,*,#1681,.F.);
#2206=ORIENTED_EDGE('',*,*,#1682,.T.);
#2207=ORIENTED_EDGE('',*,*,#1701,.T.);
#2208=ORIENTED_EDGE('',*,*,#1702,.T.);
#2209=ORIENTED_EDGE('',*,*,#1703,.T.);
#2210=ORIENTED_EDGE('',*,*,#1684,.T.);
#2211=ORIENTED_EDGE('',*,*,#1704,.T.);
#2212=ORIENTED_EDGE('',*,*,#1705,.T.);
#2213=ORIENTED_EDGE('',*,*,#1706,.T.);
#2214=ORIENTED_EDGE('',*,*,#1706,.F.);
#2215=ORIENTED_EDGE('',*,*,#1707,.F.);
#2216=ORIENTED_EDGE('',*,*,#1708,.F.);
#2217=ORIENTED_EDGE('',*,*,#1685,.F.);
#2218=ORIENTED_EDGE('',*,*,#1702,.F.);
#2219=ORIENTED_EDGE('',*,*,#1700,.T.);
#2220=ORIENTED_EDGE('',*,*,#1709,.F.);
#2221=ORIENTED_EDGE('',*,*,#1710,.T.);
#2222=ORIENTED_EDGE('',*,*,#1711,.F.);
#2223=ORIENTED_EDGE('',*,*,#1707,.T.);
#2224=ORIENTED_EDGE('',*,*,#1705,.F.);
#2225=ORIENTED_EDGE('',*,*,#1712,.T.);
#2226=ORIENTED_EDGE('',*,*,#1713,.T.);
#2227=ORIENTED_EDGE('',*,*,#1714,.T.);
#2228=ORIENTED_EDGE('',*,*,#1715,.T.);
#2229=ORIENTED_EDGE('',*,*,#1716,.T.);
#2230=ORIENTED_EDGE('',*,*,#1717,.T.);
#2231=ORIENTED_EDGE('',*,*,#1718,.T.);
#2232=ORIENTED_EDGE('',*,*,#1719,.T.);
#2233=ORIENTED_EDGE('',*,*,#1720,.T.);
#2234=ORIENTED_EDGE('',*,*,#1721,.T.);
#2235=ORIENTED_EDGE('',*,*,#1722,.T.);
#2236=ORIENTED_EDGE('',*,*,#1723,.T.);
#2237=ORIENTED_EDGE('',*,*,#1724,.T.);
#2238=ORIENTED_EDGE('',*,*,#1725,.T.);
#2239=ORIENTED_EDGE('',*,*,#1726,.T.);
#2240=ORIENTED_EDGE('',*,*,#1727,.T.);
#2241=ORIENTED_EDGE('',*,*,#1728,.T.);
#2242=ORIENTED_EDGE('',*,*,#1729,.T.);
#2243=ORIENTED_EDGE('',*,*,#1730,.T.);
#2244=ORIENTED_EDGE('',*,*,#1731,.T.);
#2245=ORIENTED_EDGE('',*,*,#1732,.T.);
#2246=ORIENTED_EDGE('',*,*,#1733,.T.);
#2247=ORIENTED_EDGE('',*,*,#1734,.T.);
#2248=ORIENTED_EDGE('',*,*,#1735,.T.);
#2249=ORIENTED_EDGE('',*,*,#1736,.T.);
#2250=ORIENTED_EDGE('',*,*,#1737,.T.);
#2251=ORIENTED_EDGE('',*,*,#1738,.T.);
#2252=ORIENTED_EDGE('',*,*,#1739,.T.);
#2253=ORIENTED_EDGE('',*,*,#1740,.T.);
#2254=ORIENTED_EDGE('',*,*,#1741,.T.);
#2255=ORIENTED_EDGE('',*,*,#1742,.T.);
#2256=ORIENTED_EDGE('',*,*,#1743,.T.);
#2257=ORIENTED_EDGE('',*,*,#1744,.T.);
#2258=ORIENTED_EDGE('',*,*,#1745,.T.);
#2259=ORIENTED_EDGE('',*,*,#1746,.T.);
#2260=ORIENTED_EDGE('',*,*,#1747,.T.);
#2261=ORIENTED_EDGE('',*,*,#1748,.T.);
#2262=ORIENTED_EDGE('',*,*,#1749,.T.);
#2263=ORIENTED_EDGE('',*,*,#1750,.T.);
#2264=ORIENTED_EDGE('',*,*,#1751,.T.);
#2265=ORIENTED_EDGE('',*,*,#1752,.T.);
#2266=ORIENTED_EDGE('',*,*,#1753,.T.);
#2267=ORIENTED_EDGE('',*,*,#1754,.T.);
#2268=ORIENTED_EDGE('',*,*,#1755,.T.);
#2269=ORIENTED_EDGE('',*,*,#1756,.T.);
#2270=ORIENTED_EDGE('',*,*,#1757,.T.);
#2271=ORIENTED_EDGE('',*,*,#1758,.T.);
#2272=ORIENTED_EDGE('',*,*,#1759,.T.);
#2273=ORIENTED_EDGE('',*,*,#1760,.T.);
#2274=ORIENTED_EDGE('',*,*,#1761,.T.);
#2275=ORIENTED_EDGE('',*,*,#1762,.T.);
#2276=ORIENTED_EDGE('',*,*,#1763,.T.);
#2277=ORIENTED_EDGE('',*,*,#1764,.T.);
#2278=ORIENTED_EDGE('',*,*,#1765,.T.);
#2279=ORIENTED_EDGE('',*,*,#1766,.T.);
#2280=ORIENTED_EDGE('',*,*,#1767,.T.);
#2281=ORIENTED_EDGE('',*,*,#1768,.T.);
#2282=ORIENTED_EDGE('',*,*,#1769,.T.);
#2283=ORIENTED_EDGE('',*,*,#1770,.T.);
#2284=ORIENTED_EDGE('',*,*,#1771,.T.);
#2285=ORIENTED_EDGE('',*,*,#1772,.T.);
#2286=ORIENTED_EDGE('',*,*,#1773,.T.);
#2287=ORIENTED_EDGE('',*,*,#1774,.T.);
#2288=ORIENTED_EDGE('',*,*,#1775,.T.);
#2289=ORIENTED_EDGE('',*,*,#1776,.T.);
#2290=ORIENTED_EDGE('',*,*,#1777,.T.);
#2291=ORIENTED_EDGE('',*,*,#1778,.T.);
#2292=ORIENTED_EDGE('',*,*,#1779,.T.);
#2293=ORIENTED_EDGE('',*,*,#1780,.T.);
#2294=ORIENTED_EDGE('',*,*,#1781,.T.);
#2295=ORIENTED_EDGE('',*,*,#1782,.T.);
#2296=ORIENTED_EDGE('',*,*,#1783,.T.);
#2297=ORIENTED_EDGE('',*,*,#1784,.T.);
#2298=ORIENTED_EDGE('',*,*,#1785,.T.);
#2299=ORIENTED_EDGE('',*,*,#1786,.T.);
#2300=ORIENTED_EDGE('',*,*,#1787,.T.);
#2301=ORIENTED_EDGE('',*,*,#1788,.T.);
#2302=ORIENTED_EDGE('',*,*,#1789,.T.);
#2303=ORIENTED_EDGE('',*,*,#1790,.T.);
#2304=ORIENTED_EDGE('',*,*,#1791,.T.);
#2305=ORIENTED_EDGE('',*,*,#1792,.T.);
#2306=ORIENTED_EDGE('',*,*,#1793,.T.);
#2307=ORIENTED_EDGE('',*,*,#1794,.T.);
#2308=ORIENTED_EDGE('',*,*,#1795,.T.);
#2309=ORIENTED_EDGE('',*,*,#1796,.T.);
#2310=ORIENTED_EDGE('',*,*,#1797,.T.);
#2311=ORIENTED_EDGE('',*,*,#1798,.T.);
#2312=ORIENTED_EDGE('',*,*,#1799,.T.);
#2313=ORIENTED_EDGE('',*,*,#1800,.T.);
#2314=ORIENTED_EDGE('',*,*,#1801,.T.);
#2315=ORIENTED_EDGE('',*,*,#1802,.T.);
#2316=ORIENTED_EDGE('',*,*,#1803,.T.);
#2317=ORIENTED_EDGE('',*,*,#1804,.T.);
#2318=ORIENTED_EDGE('',*,*,#1805,.T.);
#2319=ORIENTED_EDGE('',*,*,#1806,.T.);
#2320=ORIENTED_EDGE('',*,*,#1807,.T.);
#2321=ORIENTED_EDGE('',*,*,#1808,.T.);
#2322=ORIENTED_EDGE('',*,*,#1809,.T.);
#2323=ORIENTED_EDGE('',*,*,#1810,.T.);
#2324=ORIENTED_EDGE('',*,*,#1811,.T.);
#2325=ORIENTED_EDGE('',*,*,#1812,.T.);
#2326=ORIENTED_EDGE('',*,*,#1813,.T.);
#2327=ORIENTED_EDGE('',*,*,#1814,.T.);
#2328=ORIENTED_EDGE('',*,*,#1815,.T.);
#2329=ORIENTED_EDGE('',*,*,#1816,.T.);
#2330=ORIENTED_EDGE('',*,*,#1817,.T.);
#2331=ORIENTED_EDGE('',*,*,#1818,.T.);
#2332=ORIENTED_EDGE('',*,*,#1819,.T.);
#2333=ORIENTED_EDGE('',*,*,#1820,.T.);
#2334=ORIENTED_EDGE('',*,*,#1821,.T.);
#2335=ORIENTED_EDGE('',*,*,#1822,.T.);
#2336=ORIENTED_EDGE('',*,*,#1823,.T.);
#2337=ORIENTED_EDGE('',*,*,#1824,.T.);
#2338=ORIENTED_EDGE('',*,*,#1825,.T.);
#2339=ORIENTED_EDGE('',*,*,#1826,.T.);
#2340=ORIENTED_EDGE('',*,*,#1827,.T.);
#2341=ORIENTED_EDGE('',*,*,#1828,.T.);
#2342=ORIENTED_EDGE('',*,*,#1829,.T.);
#2343=ORIENTED_EDGE('',*,*,#1830,.T.);
#2344=ORIENTED_EDGE('',*,*,#1831,.F.);
#2345=ORIENTED_EDGE('',*,*,#1832,.F.);
#2346=ORIENTED_EDGE('',*,*,#1833,.F.);
#2347=ORIENTED_EDGE('',*,*,#1834,.F.);
#2348=ORIENTED_EDGE('',*,*,#1686,.T.);
#2349=ORIENTED_EDGE('',*,*,#1708,.T.);
#2350=ORIENTED_EDGE('',*,*,#1711,.T.);
#2351=ORIENTED_EDGE('',*,*,#1835,.T.);
#2352=ORIENTED_EDGE('',*,*,#1835,.F.);
#2353=ORIENTED_EDGE('',*,*,#1710,.F.);
#2354=ORIENTED_EDGE('',*,*,#1836,.F.);
#2355=ORIENTED_EDGE('',*,*,#1687,.F.);
#2356=ORIENTED_EDGE('',*,*,#1688,.T.);
#2357=ORIENTED_EDGE('',*,*,#1836,.T.);
#2358=ORIENTED_EDGE('',*,*,#1709,.T.);
#2359=ORIENTED_EDGE('',*,*,#1699,.T.);
#2360=ORIENTED_EDGE('',*,*,#1837,.F.);
#2361=ORIENTED_EDGE('',*,*,#1838,.T.);
#2362=ORIENTED_EDGE('',*,*,#1839,.T.);
#2363=ORIENTED_EDGE('',*,*,#1840,.F.);
#2364=ORIENTED_EDGE('',*,*,#1841,.F.);
#2365=ORIENTED_EDGE('',*,*,#1842,.T.);
#2366=ORIENTED_EDGE('',*,*,#1843,.T.);
#2367=ORIENTED_EDGE('',*,*,#1838,.F.);
#2368=ORIENTED_EDGE('',*,*,#1844,.F.);
#2369=ORIENTED_EDGE('',*,*,#1845,.T.);
#2370=ORIENTED_EDGE('',*,*,#1846,.T.);
#2371=ORIENTED_EDGE('',*,*,#1842,.F.);
#2372=ORIENTED_EDGE('',*,*,#1847,.F.);
#2373=ORIENTED_EDGE('',*,*,#1848,.T.);
#2374=ORIENTED_EDGE('',*,*,#1849,.T.);
#2375=ORIENTED_EDGE('',*,*,#1845,.F.);
#2376=ORIENTED_EDGE('',*,*,#1850,.F.);
#2377=ORIENTED_EDGE('',*,*,#1851,.T.);
#2378=ORIENTED_EDGE('',*,*,#1852,.T.);
#2379=ORIENTED_EDGE('',*,*,#1848,.F.);
#2380=ORIENTED_EDGE('',*,*,#1853,.F.);
#2381=ORIENTED_EDGE('',*,*,#1854,.T.);
#2382=ORIENTED_EDGE('',*,*,#1855,.T.);
#2383=ORIENTED_EDGE('',*,*,#1851,.F.);
#2384=ORIENTED_EDGE('',*,*,#1856,.F.);
#2385=ORIENTED_EDGE('',*,*,#1857,.T.);
#2386=ORIENTED_EDGE('',*,*,#1858,.T.);
#2387=ORIENTED_EDGE('',*,*,#1854,.F.);
#2388=ORIENTED_EDGE('',*,*,#1859,.F.);
#2389=ORIENTED_EDGE('',*,*,#1840,.T.);
#2390=ORIENTED_EDGE('',*,*,#1860,.T.);
#2391=ORIENTED_EDGE('',*,*,#1857,.F.);
#2392=ORIENTED_EDGE('',*,*,#1713,.F.);
#2393=ORIENTED_EDGE('',*,*,#1861,.T.);
#2394=ORIENTED_EDGE('',*,*,#1862,.T.);
#2395=ORIENTED_EDGE('',*,*,#1863,.F.);
#2396=ORIENTED_EDGE('',*,*,#1731,.F.);
#2397=ORIENTED_EDGE('',*,*,#1864,.T.);
#2398=ORIENTED_EDGE('',*,*,#1865,.T.);
#2399=ORIENTED_EDGE('',*,*,#1861,.F.);
#2400=ORIENTED_EDGE('',*,*,#1730,.F.);
#2401=ORIENTED_EDGE('',*,*,#1866,.T.);
#2402=ORIENTED_EDGE('',*,*,#1867,.T.);
#2403=ORIENTED_EDGE('',*,*,#1864,.F.);
#2404=ORIENTED_EDGE('',*,*,#1729,.F.);
#2405=ORIENTED_EDGE('',*,*,#1868,.T.);
#2406=ORIENTED_EDGE('',*,*,#1869,.T.);
#2407=ORIENTED_EDGE('',*,*,#1866,.F.);
#2408=ORIENTED_EDGE('',*,*,#1728,.F.);
#2409=ORIENTED_EDGE('',*,*,#1870,.T.);
#2410=ORIENTED_EDGE('',*,*,#1871,.T.);
#2411=ORIENTED_EDGE('',*,*,#1868,.F.);
#2412=ORIENTED_EDGE('',*,*,#1727,.F.);
#2413=ORIENTED_EDGE('',*,*,#1872,.T.);
#2414=ORIENTED_EDGE('',*,*,#1873,.T.);
#2415=ORIENTED_EDGE('',*,*,#1870,.F.);
#2416=ORIENTED_EDGE('',*,*,#1726,.F.);
#2417=ORIENTED_EDGE('',*,*,#1874,.T.);
#2418=ORIENTED_EDGE('',*,*,#1875,.T.);
#2419=ORIENTED_EDGE('',*,*,#1872,.F.);
#2420=ORIENTED_EDGE('',*,*,#1725,.F.);
#2421=ORIENTED_EDGE('',*,*,#1876,.T.);
#2422=ORIENTED_EDGE('',*,*,#1877,.T.);
#2423=ORIENTED_EDGE('',*,*,#1874,.F.);
#2424=ORIENTED_EDGE('',*,*,#1724,.F.);
#2425=ORIENTED_EDGE('',*,*,#1878,.T.);
#2426=ORIENTED_EDGE('',*,*,#1879,.T.);
#2427=ORIENTED_EDGE('',*,*,#1876,.F.);
#2428=ORIENTED_EDGE('',*,*,#1723,.F.);
#2429=ORIENTED_EDGE('',*,*,#1880,.T.);
#2430=ORIENTED_EDGE('',*,*,#1881,.T.);
#2431=ORIENTED_EDGE('',*,*,#1878,.F.);
#2432=ORIENTED_EDGE('',*,*,#1722,.F.);
#2433=ORIENTED_EDGE('',*,*,#1882,.T.);
#2434=ORIENTED_EDGE('',*,*,#1883,.T.);
#2435=ORIENTED_EDGE('',*,*,#1880,.F.);
#2436=ORIENTED_EDGE('',*,*,#1721,.F.);
#2437=ORIENTED_EDGE('',*,*,#1884,.T.);
#2438=ORIENTED_EDGE('',*,*,#1885,.T.);
#2439=ORIENTED_EDGE('',*,*,#1882,.F.);
#2440=ORIENTED_EDGE('',*,*,#1720,.F.);
#2441=ORIENTED_EDGE('',*,*,#1886,.T.);
#2442=ORIENTED_EDGE('',*,*,#1887,.T.);
#2443=ORIENTED_EDGE('',*,*,#1884,.F.);
#2444=ORIENTED_EDGE('',*,*,#1719,.F.);
#2445=ORIENTED_EDGE('',*,*,#1888,.T.);
#2446=ORIENTED_EDGE('',*,*,#1889,.T.);
#2447=ORIENTED_EDGE('',*,*,#1886,.F.);
#2448=ORIENTED_EDGE('',*,*,#1718,.F.);
#2449=ORIENTED_EDGE('',*,*,#1890,.T.);
#2450=ORIENTED_EDGE('',*,*,#1891,.T.);
#2451=ORIENTED_EDGE('',*,*,#1888,.F.);
#2452=ORIENTED_EDGE('',*,*,#1717,.F.);
#2453=ORIENTED_EDGE('',*,*,#1892,.T.);
#2454=ORIENTED_EDGE('',*,*,#1893,.T.);
#2455=ORIENTED_EDGE('',*,*,#1890,.F.);
#2456=ORIENTED_EDGE('',*,*,#1716,.F.);
#2457=ORIENTED_EDGE('',*,*,#1894,.T.);
#2458=ORIENTED_EDGE('',*,*,#1895,.T.);
#2459=ORIENTED_EDGE('',*,*,#1892,.F.);
#2460=ORIENTED_EDGE('',*,*,#1715,.F.);
#2461=ORIENTED_EDGE('',*,*,#1896,.T.);
#2462=ORIENTED_EDGE('',*,*,#1897,.T.);
#2463=ORIENTED_EDGE('',*,*,#1894,.F.);
#2464=ORIENTED_EDGE('',*,*,#1714,.F.);
#2465=ORIENTED_EDGE('',*,*,#1863,.T.);
#2466=ORIENTED_EDGE('',*,*,#1898,.T.);
#2467=ORIENTED_EDGE('',*,*,#1896,.F.);
#2468=ORIENTED_EDGE('',*,*,#1898,.F.);
#2469=ORIENTED_EDGE('',*,*,#1862,.F.);
#2470=ORIENTED_EDGE('',*,*,#1865,.F.);
#2471=ORIENTED_EDGE('',*,*,#1867,.F.);
#2472=ORIENTED_EDGE('',*,*,#1869,.F.);
#2473=ORIENTED_EDGE('',*,*,#1871,.F.);
#2474=ORIENTED_EDGE('',*,*,#1873,.F.);
#2475=ORIENTED_EDGE('',*,*,#1875,.F.);
#2476=ORIENTED_EDGE('',*,*,#1877,.F.);
#2477=ORIENTED_EDGE('',*,*,#1879,.F.);
#2478=ORIENTED_EDGE('',*,*,#1881,.F.);
#2479=ORIENTED_EDGE('',*,*,#1883,.F.);
#2480=ORIENTED_EDGE('',*,*,#1885,.F.);
#2481=ORIENTED_EDGE('',*,*,#1887,.F.);
#2482=ORIENTED_EDGE('',*,*,#1889,.F.);
#2483=ORIENTED_EDGE('',*,*,#1891,.F.);
#2484=ORIENTED_EDGE('',*,*,#1893,.F.);
#2485=ORIENTED_EDGE('',*,*,#1895,.F.);
#2486=ORIENTED_EDGE('',*,*,#1897,.F.);
#2487=ORIENTED_EDGE('',*,*,#1860,.F.);
#2488=ORIENTED_EDGE('',*,*,#1839,.F.);
#2489=ORIENTED_EDGE('',*,*,#1843,.F.);
#2490=ORIENTED_EDGE('',*,*,#1846,.F.);
#2491=ORIENTED_EDGE('',*,*,#1849,.F.);
#2492=ORIENTED_EDGE('',*,*,#1852,.F.);
#2493=ORIENTED_EDGE('',*,*,#1855,.F.);
#2494=ORIENTED_EDGE('',*,*,#1858,.F.);
#2495=ORIENTED_EDGE('',*,*,#1899,.F.);
#2496=ORIENTED_EDGE('',*,*,#1900,.T.);
#2497=ORIENTED_EDGE('',*,*,#1901,.T.);
#2498=ORIENTED_EDGE('',*,*,#1902,.F.);
#2499=ORIENTED_EDGE('',*,*,#1903,.F.);
#2500=ORIENTED_EDGE('',*,*,#1904,.T.);
#2501=ORIENTED_EDGE('',*,*,#1905,.T.);
#2502=ORIENTED_EDGE('',*,*,#1900,.F.);
#2503=ORIENTED_EDGE('',*,*,#1906,.F.);
#2504=ORIENTED_EDGE('',*,*,#1907,.T.);
#2505=ORIENTED_EDGE('',*,*,#1908,.T.);
#2506=ORIENTED_EDGE('',*,*,#1904,.F.);
#2507=ORIENTED_EDGE('',*,*,#1909,.F.);
#2508=ORIENTED_EDGE('',*,*,#1910,.T.);
#2509=ORIENTED_EDGE('',*,*,#1911,.T.);
#2510=ORIENTED_EDGE('',*,*,#1907,.F.);
#2511=ORIENTED_EDGE('',*,*,#1912,.F.);
#2512=ORIENTED_EDGE('',*,*,#1913,.T.);
#2513=ORIENTED_EDGE('',*,*,#1914,.T.);
#2514=ORIENTED_EDGE('',*,*,#1910,.F.);
#2515=ORIENTED_EDGE('',*,*,#1915,.F.);
#2516=ORIENTED_EDGE('',*,*,#1916,.T.);
#2517=ORIENTED_EDGE('',*,*,#1917,.T.);
#2518=ORIENTED_EDGE('',*,*,#1913,.F.);
#2519=ORIENTED_EDGE('',*,*,#1918,.F.);
#2520=ORIENTED_EDGE('',*,*,#1919,.T.);
#2521=ORIENTED_EDGE('',*,*,#1920,.T.);
#2522=ORIENTED_EDGE('',*,*,#1916,.F.);
#2523=ORIENTED_EDGE('',*,*,#1921,.F.);
#2524=ORIENTED_EDGE('',*,*,#1902,.T.);
#2525=ORIENTED_EDGE('',*,*,#1922,.T.);
#2526=ORIENTED_EDGE('',*,*,#1919,.F.);
#2527=ORIENTED_EDGE('',*,*,#1732,.F.);
#2528=ORIENTED_EDGE('',*,*,#1923,.T.);
#2529=ORIENTED_EDGE('',*,*,#1924,.T.);
#2530=ORIENTED_EDGE('',*,*,#1925,.F.);
#2531=ORIENTED_EDGE('',*,*,#1750,.F.);
#2532=ORIENTED_EDGE('',*,*,#1926,.T.);
#2533=ORIENTED_EDGE('',*,*,#1927,.T.);
#2534=ORIENTED_EDGE('',*,*,#1923,.F.);
#2535=ORIENTED_EDGE('',*,*,#1749,.F.);
#2536=ORIENTED_EDGE('',*,*,#1928,.T.);
#2537=ORIENTED_EDGE('',*,*,#1929,.T.);
#2538=ORIENTED_EDGE('',*,*,#1926,.F.);
#2539=ORIENTED_EDGE('',*,*,#1748,.F.);
#2540=ORIENTED_EDGE('',*,*,#1930,.T.);
#2541=ORIENTED_EDGE('',*,*,#1931,.T.);
#2542=ORIENTED_EDGE('',*,*,#1928,.F.);
#2543=ORIENTED_EDGE('',*,*,#1747,.F.);
#2544=ORIENTED_EDGE('',*,*,#1932,.T.);
#2545=ORIENTED_EDGE('',*,*,#1933,.T.);
#2546=ORIENTED_EDGE('',*,*,#1930,.F.);
#2547=ORIENTED_EDGE('',*,*,#1746,.F.);
#2548=ORIENTED_EDGE('',*,*,#1934,.T.);
#2549=ORIENTED_EDGE('',*,*,#1935,.T.);
#2550=ORIENTED_EDGE('',*,*,#1932,.F.);
#2551=ORIENTED_EDGE('',*,*,#1745,.F.);
#2552=ORIENTED_EDGE('',*,*,#1936,.T.);
#2553=ORIENTED_EDGE('',*,*,#1937,.T.);
#2554=ORIENTED_EDGE('',*,*,#1934,.F.);
#2555=ORIENTED_EDGE('',*,*,#1744,.F.);
#2556=ORIENTED_EDGE('',*,*,#1938,.T.);
#2557=ORIENTED_EDGE('',*,*,#1939,.T.);
#2558=ORIENTED_EDGE('',*,*,#1936,.F.);
#2559=ORIENTED_EDGE('',*,*,#1743,.F.);
#2560=ORIENTED_EDGE('',*,*,#1940,.T.);
#2561=ORIENTED_EDGE('',*,*,#1941,.T.);
#2562=ORIENTED_EDGE('',*,*,#1938,.F.);
#2563=ORIENTED_EDGE('',*,*,#1742,.F.);
#2564=ORIENTED_EDGE('',*,*,#1942,.T.);
#2565=ORIENTED_EDGE('',*,*,#1943,.T.);
#2566=ORIENTED_EDGE('',*,*,#1940,.F.);
#2567=ORIENTED_EDGE('',*,*,#1741,.F.);
#2568=ORIENTED_EDGE('',*,*,#1944,.T.);
#2569=ORIENTED_EDGE('',*,*,#1945,.T.);
#2570=ORIENTED_EDGE('',*,*,#1942,.F.);
#2571=ORIENTED_EDGE('',*,*,#1740,.F.);
#2572=ORIENTED_EDGE('',*,*,#1946,.T.);
#2573=ORIENTED_EDGE('',*,*,#1947,.T.);
#2574=ORIENTED_EDGE('',*,*,#1944,.F.);
#2575=ORIENTED_EDGE('',*,*,#1739,.F.);
#2576=ORIENTED_EDGE('',*,*,#1948,.T.);
#2577=ORIENTED_EDGE('',*,*,#1949,.T.);
#2578=ORIENTED_EDGE('',*,*,#1946,.F.);
#2579=ORIENTED_EDGE('',*,*,#1738,.F.);
#2580=ORIENTED_EDGE('',*,*,#1950,.T.);
#2581=ORIENTED_EDGE('',*,*,#1951,.T.);
#2582=ORIENTED_EDGE('',*,*,#1948,.F.);
#2583=ORIENTED_EDGE('',*,*,#1737,.F.);
#2584=ORIENTED_EDGE('',*,*,#1952,.T.);
#2585=ORIENTED_EDGE('',*,*,#1953,.T.);
#2586=ORIENTED_EDGE('',*,*,#1950,.F.);
#2587=ORIENTED_EDGE('',*,*,#1736,.F.);
#2588=ORIENTED_EDGE('',*,*,#1954,.T.);
#2589=ORIENTED_EDGE('',*,*,#1955,.T.);
#2590=ORIENTED_EDGE('',*,*,#1952,.F.);
#2591=ORIENTED_EDGE('',*,*,#1735,.F.);
#2592=ORIENTED_EDGE('',*,*,#1956,.T.);
#2593=ORIENTED_EDGE('',*,*,#1957,.T.);
#2594=ORIENTED_EDGE('',*,*,#1954,.F.);
#2595=ORIENTED_EDGE('',*,*,#1734,.F.);
#2596=ORIENTED_EDGE('',*,*,#1958,.T.);
#2597=ORIENTED_EDGE('',*,*,#1959,.T.);
#2598=ORIENTED_EDGE('',*,*,#1956,.F.);
#2599=ORIENTED_EDGE('',*,*,#1733,.F.);
#2600=ORIENTED_EDGE('',*,*,#1925,.T.);
#2601=ORIENTED_EDGE('',*,*,#1960,.T.);
#2602=ORIENTED_EDGE('',*,*,#1958,.F.);
#2603=ORIENTED_EDGE('',*,*,#1960,.F.);
#2604=ORIENTED_EDGE('',*,*,#1924,.F.);
#2605=ORIENTED_EDGE('',*,*,#1927,.F.);
#2606=ORIENTED_EDGE('',*,*,#1929,.F.);
#2607=ORIENTED_EDGE('',*,*,#1931,.F.);
#2608=ORIENTED_EDGE('',*,*,#1933,.F.);
#2609=ORIENTED_EDGE('',*,*,#1935,.F.);
#2610=ORIENTED_EDGE('',*,*,#1937,.F.);
#2611=ORIENTED_EDGE('',*,*,#1939,.F.);
#2612=ORIENTED_EDGE('',*,*,#1941,.F.);
#2613=ORIENTED_EDGE('',*,*,#1943,.F.);
#2614=ORIENTED_EDGE('',*,*,#1945,.F.);
#2615=ORIENTED_EDGE('',*,*,#1947,.F.);
#2616=ORIENTED_EDGE('',*,*,#1949,.F.);
#2617=ORIENTED_EDGE('',*,*,#1951,.F.);
#2618=ORIENTED_EDGE('',*,*,#1953,.F.);
#2619=ORIENTED_EDGE('',*,*,#1955,.F.);
#2620=ORIENTED_EDGE('',*,*,#1957,.F.);
#2621=ORIENTED_EDGE('',*,*,#1959,.F.);
#2622=ORIENTED_EDGE('',*,*,#1922,.F.);
#2623=ORIENTED_EDGE('',*,*,#1901,.F.);
#2624=ORIENTED_EDGE('',*,*,#1905,.F.);
#2625=ORIENTED_EDGE('',*,*,#1908,.F.);
#2626=ORIENTED_EDGE('',*,*,#1911,.F.);
#2627=ORIENTED_EDGE('',*,*,#1914,.F.);
#2628=ORIENTED_EDGE('',*,*,#1917,.F.);
#2629=ORIENTED_EDGE('',*,*,#1920,.F.);
#2630=ORIENTED_EDGE('',*,*,#1751,.F.);
#2631=ORIENTED_EDGE('',*,*,#1961,.T.);
#2632=ORIENTED_EDGE('',*,*,#1962,.T.);
#2633=ORIENTED_EDGE('',*,*,#1963,.F.);
#2634=ORIENTED_EDGE('',*,*,#1762,.F.);
#2635=ORIENTED_EDGE('',*,*,#1964,.T.);
#2636=ORIENTED_EDGE('',*,*,#1965,.T.);
#2637=ORIENTED_EDGE('',*,*,#1961,.F.);
#2638=ORIENTED_EDGE('',*,*,#1761,.F.);
#2639=ORIENTED_EDGE('',*,*,#1966,.T.);
#2640=ORIENTED_EDGE('',*,*,#1967,.T.);
#2641=ORIENTED_EDGE('',*,*,#1964,.F.);
#2642=ORIENTED_EDGE('',*,*,#1760,.F.);
#2643=ORIENTED_EDGE('',*,*,#1968,.T.);
#2644=ORIENTED_EDGE('',*,*,#1969,.T.);
#2645=ORIENTED_EDGE('',*,*,#1966,.F.);
#2646=ORIENTED_EDGE('',*,*,#1759,.F.);
#2647=ORIENTED_EDGE('',*,*,#1970,.T.);
#2648=ORIENTED_EDGE('',*,*,#1971,.T.);
#2649=ORIENTED_EDGE('',*,*,#1968,.F.);
#2650=ORIENTED_EDGE('',*,*,#1758,.F.);
#2651=ORIENTED_EDGE('',*,*,#1972,.T.);
#2652=ORIENTED_EDGE('',*,*,#1973,.T.);
#2653=ORIENTED_EDGE('',*,*,#1970,.F.);
#2654=ORIENTED_EDGE('',*,*,#1757,.F.);
#2655=ORIENTED_EDGE('',*,*,#1974,.T.);
#2656=ORIENTED_EDGE('',*,*,#1975,.T.);
#2657=ORIENTED_EDGE('',*,*,#1972,.F.);
#2658=ORIENTED_EDGE('',*,*,#1756,.F.);
#2659=ORIENTED_EDGE('',*,*,#1976,.T.);
#2660=ORIENTED_EDGE('',*,*,#1977,.T.);
#2661=ORIENTED_EDGE('',*,*,#1974,.F.);
#2662=ORIENTED_EDGE('',*,*,#1755,.F.);
#2663=ORIENTED_EDGE('',*,*,#1978,.T.);
#2664=ORIENTED_EDGE('',*,*,#1979,.T.);
#2665=ORIENTED_EDGE('',*,*,#1976,.F.);
#2666=ORIENTED_EDGE('',*,*,#1754,.F.);
#2667=ORIENTED_EDGE('',*,*,#1980,.T.);
#2668=ORIENTED_EDGE('',*,*,#1981,.T.);
#2669=ORIENTED_EDGE('',*,*,#1978,.F.);
#2670=ORIENTED_EDGE('',*,*,#1753,.F.);
#2671=ORIENTED_EDGE('',*,*,#1982,.T.);
#2672=ORIENTED_EDGE('',*,*,#1983,.T.);
#2673=ORIENTED_EDGE('',*,*,#1980,.F.);
#2674=ORIENTED_EDGE('',*,*,#1752,.F.);
#2675=ORIENTED_EDGE('',*,*,#1963,.T.);
#2676=ORIENTED_EDGE('',*,*,#1984,.T.);
#2677=ORIENTED_EDGE('',*,*,#1982,.F.);
#2678=ORIENTED_EDGE('',*,*,#1984,.F.);
#2679=ORIENTED_EDGE('',*,*,#1962,.F.);
#2680=ORIENTED_EDGE('',*,*,#1965,.F.);
#2681=ORIENTED_EDGE('',*,*,#1967,.F.);
#2682=ORIENTED_EDGE('',*,*,#1969,.F.);
#2683=ORIENTED_EDGE('',*,*,#1971,.F.);
#2684=ORIENTED_EDGE('',*,*,#1973,.F.);
#2685=ORIENTED_EDGE('',*,*,#1975,.F.);
#2686=ORIENTED_EDGE('',*,*,#1977,.F.);
#2687=ORIENTED_EDGE('',*,*,#1979,.F.);
#2688=ORIENTED_EDGE('',*,*,#1981,.F.);
#2689=ORIENTED_EDGE('',*,*,#1983,.F.);
#2690=ORIENTED_EDGE('',*,*,#1985,.F.);
#2691=ORIENTED_EDGE('',*,*,#1986,.T.);
#2692=ORIENTED_EDGE('',*,*,#1987,.T.);
#2693=ORIENTED_EDGE('',*,*,#1988,.F.);
#2694=ORIENTED_EDGE('',*,*,#1989,.F.);
#2695=ORIENTED_EDGE('',*,*,#1990,.T.);
#2696=ORIENTED_EDGE('',*,*,#1991,.T.);
#2697=ORIENTED_EDGE('',*,*,#1986,.F.);
#2698=ORIENTED_EDGE('',*,*,#1992,.F.);
#2699=ORIENTED_EDGE('',*,*,#1993,.T.);
#2700=ORIENTED_EDGE('',*,*,#1994,.T.);
#2701=ORIENTED_EDGE('',*,*,#1990,.F.);
#2702=ORIENTED_EDGE('',*,*,#1995,.F.);
#2703=ORIENTED_EDGE('',*,*,#1996,.T.);
#2704=ORIENTED_EDGE('',*,*,#1997,.T.);
#2705=ORIENTED_EDGE('',*,*,#1993,.F.);
#2706=ORIENTED_EDGE('',*,*,#1998,.F.);
#2707=ORIENTED_EDGE('',*,*,#1988,.T.);
#2708=ORIENTED_EDGE('',*,*,#1999,.T.);
#2709=ORIENTED_EDGE('',*,*,#1996,.F.);
#2710=ORIENTED_EDGE('',*,*,#1763,.F.);
#2711=ORIENTED_EDGE('',*,*,#2000,.T.);
#2712=ORIENTED_EDGE('',*,*,#2001,.T.);
#2713=ORIENTED_EDGE('',*,*,#2002,.F.);
#2714=ORIENTED_EDGE('',*,*,#1770,.F.);
#2715=ORIENTED_EDGE('',*,*,#2003,.T.);
#2716=ORIENTED_EDGE('',*,*,#2004,.T.);
#2717=ORIENTED_EDGE('',*,*,#2000,.F.);
#2718=ORIENTED_EDGE('',*,*,#1769,.F.);
#2719=ORIENTED_EDGE('',*,*,#2005,.T.);
#2720=ORIENTED_EDGE('',*,*,#2006,.T.);
#2721=ORIENTED_EDGE('',*,*,#2003,.F.);
#2722=ORIENTED_EDGE('',*,*,#1768,.F.);
#2723=ORIENTED_EDGE('',*,*,#2007,.T.);
#2724=ORIENTED_EDGE('',*,*,#2008,.T.);
#2725=ORIENTED_EDGE('',*,*,#2005,.F.);
#2726=ORIENTED_EDGE('',*,*,#1767,.F.);
#2727=ORIENTED_EDGE('',*,*,#2009,.T.);
#2728=ORIENTED_EDGE('',*,*,#2010,.T.);
#2729=ORIENTED_EDGE('',*,*,#2007,.F.);
#2730=ORIENTED_EDGE('',*,*,#1766,.F.);
#2731=ORIENTED_EDGE('',*,*,#2011,.T.);
#2732=ORIENTED_EDGE('',*,*,#2012,.T.);
#2733=ORIENTED_EDGE('',*,*,#2009,.F.);
#2734=ORIENTED_EDGE('',*,*,#1765,.F.);
#2735=ORIENTED_EDGE('',*,*,#2013,.T.);
#2736=ORIENTED_EDGE('',*,*,#2014,.T.);
#2737=ORIENTED_EDGE('',*,*,#2011,.F.);
#2738=ORIENTED_EDGE('',*,*,#1764,.F.);
#2739=ORIENTED_EDGE('',*,*,#2002,.T.);
#2740=ORIENTED_EDGE('',*,*,#2015,.T.);
#2741=ORIENTED_EDGE('',*,*,#2013,.F.);
#2742=ORIENTED_EDGE('',*,*,#2015,.F.);
#2743=ORIENTED_EDGE('',*,*,#2001,.F.);
#2744=ORIENTED_EDGE('',*,*,#2004,.F.);
#2745=ORIENTED_EDGE('',*,*,#2006,.F.);
#2746=ORIENTED_EDGE('',*,*,#2008,.F.);
#2747=ORIENTED_EDGE('',*,*,#2010,.F.);
#2748=ORIENTED_EDGE('',*,*,#2012,.F.);
#2749=ORIENTED_EDGE('',*,*,#2014,.F.);
#2750=ORIENTED_EDGE('',*,*,#1999,.F.);
#2751=ORIENTED_EDGE('',*,*,#1987,.F.);
#2752=ORIENTED_EDGE('',*,*,#1991,.F.);
#2753=ORIENTED_EDGE('',*,*,#1994,.F.);
#2754=ORIENTED_EDGE('',*,*,#1997,.F.);
#2755=ORIENTED_EDGE('',*,*,#1771,.F.);
#2756=ORIENTED_EDGE('',*,*,#2016,.T.);
#2757=ORIENTED_EDGE('',*,*,#2017,.T.);
#2758=ORIENTED_EDGE('',*,*,#2018,.F.);
#2759=ORIENTED_EDGE('',*,*,#1782,.F.);
#2760=ORIENTED_EDGE('',*,*,#2019,.T.);
#2761=ORIENTED_EDGE('',*,*,#2020,.T.);
#2762=ORIENTED_EDGE('',*,*,#2016,.F.);
#2763=ORIENTED_EDGE('',*,*,#1781,.F.);
#2764=ORIENTED_EDGE('',*,*,#2021,.T.);
#2765=ORIENTED_EDGE('',*,*,#2022,.T.);
#2766=ORIENTED_EDGE('',*,*,#2019,.F.);
#2767=ORIENTED_EDGE('',*,*,#1780,.F.);
#2768=ORIENTED_EDGE('',*,*,#2023,.T.);
#2769=ORIENTED_EDGE('',*,*,#2024,.T.);
#2770=ORIENTED_EDGE('',*,*,#2021,.F.);
#2771=ORIENTED_EDGE('',*,*,#1779,.F.);
#2772=ORIENTED_EDGE('',*,*,#2025,.T.);
#2773=ORIENTED_EDGE('',*,*,#2026,.T.);
#2774=ORIENTED_EDGE('',*,*,#2023,.F.);
#2775=ORIENTED_EDGE('',*,*,#1778,.F.);
#2776=ORIENTED_EDGE('',*,*,#2027,.T.);
#2777=ORIENTED_EDGE('',*,*,#2028,.T.);
#2778=ORIENTED_EDGE('',*,*,#2025,.F.);
#2779=ORIENTED_EDGE('',*,*,#1777,.F.);
#2780=ORIENTED_EDGE('',*,*,#2029,.T.);
#2781=ORIENTED_EDGE('',*,*,#2030,.T.);
#2782=ORIENTED_EDGE('',*,*,#2027,.F.);
#2783=ORIENTED_EDGE('',*,*,#1776,.F.);
#2784=ORIENTED_EDGE('',*,*,#2031,.T.);
#2785=ORIENTED_EDGE('',*,*,#2032,.T.);
#2786=ORIENTED_EDGE('',*,*,#2029,.F.);
#2787=ORIENTED_EDGE('',*,*,#1775,.F.);
#2788=ORIENTED_EDGE('',*,*,#2033,.T.);
#2789=ORIENTED_EDGE('',*,*,#2034,.T.);
#2790=ORIENTED_EDGE('',*,*,#2031,.F.);
#2791=ORIENTED_EDGE('',*,*,#1774,.F.);
#2792=ORIENTED_EDGE('',*,*,#2035,.T.);
#2793=ORIENTED_EDGE('',*,*,#2036,.T.);
#2794=ORIENTED_EDGE('',*,*,#2033,.F.);
#2795=ORIENTED_EDGE('',*,*,#1773,.F.);
#2796=ORIENTED_EDGE('',*,*,#2037,.T.);
#2797=ORIENTED_EDGE('',*,*,#2038,.T.);
#2798=ORIENTED_EDGE('',*,*,#2035,.F.);
#2799=ORIENTED_EDGE('',*,*,#1772,.F.);
#2800=ORIENTED_EDGE('',*,*,#2018,.T.);
#2801=ORIENTED_EDGE('',*,*,#2039,.T.);
#2802=ORIENTED_EDGE('',*,*,#2037,.F.);
#2803=ORIENTED_EDGE('',*,*,#2039,.F.);
#2804=ORIENTED_EDGE('',*,*,#2017,.F.);
#2805=ORIENTED_EDGE('',*,*,#2020,.F.);
#2806=ORIENTED_EDGE('',*,*,#2022,.F.);
#2807=ORIENTED_EDGE('',*,*,#2024,.F.);
#2808=ORIENTED_EDGE('',*,*,#2026,.F.);
#2809=ORIENTED_EDGE('',*,*,#2028,.F.);
#2810=ORIENTED_EDGE('',*,*,#2030,.F.);
#2811=ORIENTED_EDGE('',*,*,#2032,.F.);
#2812=ORIENTED_EDGE('',*,*,#2034,.F.);
#2813=ORIENTED_EDGE('',*,*,#2036,.F.);
#2814=ORIENTED_EDGE('',*,*,#2038,.F.);
#2815=ORIENTED_EDGE('',*,*,#1783,.F.);
#2816=ORIENTED_EDGE('',*,*,#2040,.T.);
#2817=ORIENTED_EDGE('',*,*,#2041,.T.);
#2818=ORIENTED_EDGE('',*,*,#2042,.F.);
#2819=ORIENTED_EDGE('',*,*,#1794,.F.);
#2820=ORIENTED_EDGE('',*,*,#2043,.T.);
#2821=ORIENTED_EDGE('',*,*,#2044,.T.);
#2822=ORIENTED_EDGE('',*,*,#2040,.F.);
#2823=ORIENTED_EDGE('',*,*,#1793,.F.);
#2824=ORIENTED_EDGE('',*,*,#2045,.T.);
#2825=ORIENTED_EDGE('',*,*,#2046,.T.);
#2826=ORIENTED_EDGE('',*,*,#2043,.F.);
#2827=ORIENTED_EDGE('',*,*,#1792,.F.);
#2828=ORIENTED_EDGE('',*,*,#2047,.T.);
#2829=ORIENTED_EDGE('',*,*,#2048,.T.);
#2830=ORIENTED_EDGE('',*,*,#2045,.F.);
#2831=ORIENTED_EDGE('',*,*,#1791,.F.);
#2832=ORIENTED_EDGE('',*,*,#2049,.T.);
#2833=ORIENTED_EDGE('',*,*,#2050,.T.);
#2834=ORIENTED_EDGE('',*,*,#2047,.F.);
#2835=ORIENTED_EDGE('',*,*,#1790,.F.);
#2836=ORIENTED_EDGE('',*,*,#2051,.T.);
#2837=ORIENTED_EDGE('',*,*,#2052,.T.);
#2838=ORIENTED_EDGE('',*,*,#2049,.F.);
#2839=ORIENTED_EDGE('',*,*,#1789,.F.);
#2840=ORIENTED_EDGE('',*,*,#2053,.T.);
#2841=ORIENTED_EDGE('',*,*,#2054,.T.);
#2842=ORIENTED_EDGE('',*,*,#2051,.F.);
#2843=ORIENTED_EDGE('',*,*,#1788,.F.);
#2844=ORIENTED_EDGE('',*,*,#2055,.T.);
#2845=ORIENTED_EDGE('',*,*,#2056,.T.);
#2846=ORIENTED_EDGE('',*,*,#2053,.F.);
#2847=ORIENTED_EDGE('',*,*,#1787,.F.);
#2848=ORIENTED_EDGE('',*,*,#2057,.T.);
#2849=ORIENTED_EDGE('',*,*,#2058,.T.);
#2850=ORIENTED_EDGE('',*,*,#2055,.F.);
#2851=ORIENTED_EDGE('',*,*,#1786,.F.);
#2852=ORIENTED_EDGE('',*,*,#2059,.T.);
#2853=ORIENTED_EDGE('',*,*,#2060,.T.);
#2854=ORIENTED_EDGE('',*,*,#2057,.F.);
#2855=ORIENTED_EDGE('',*,*,#1785,.F.);
#2856=ORIENTED_EDGE('',*,*,#2061,.T.);
#2857=ORIENTED_EDGE('',*,*,#2062,.T.);
#2858=ORIENTED_EDGE('',*,*,#2059,.F.);
#2859=ORIENTED_EDGE('',*,*,#1784,.F.);
#2860=ORIENTED_EDGE('',*,*,#2042,.T.);
#2861=ORIENTED_EDGE('',*,*,#2063,.T.);
#2862=ORIENTED_EDGE('',*,*,#2061,.F.);
#2863=ORIENTED_EDGE('',*,*,#2063,.F.);
#2864=ORIENTED_EDGE('',*,*,#2041,.F.);
#2865=ORIENTED_EDGE('',*,*,#2044,.F.);
#2866=ORIENTED_EDGE('',*,*,#2046,.F.);
#2867=ORIENTED_EDGE('',*,*,#2048,.F.);
#2868=ORIENTED_EDGE('',*,*,#2050,.F.);
#2869=ORIENTED_EDGE('',*,*,#2052,.F.);
#2870=ORIENTED_EDGE('',*,*,#2054,.F.);
#2871=ORIENTED_EDGE('',*,*,#2056,.F.);
#2872=ORIENTED_EDGE('',*,*,#2058,.F.);
#2873=ORIENTED_EDGE('',*,*,#2060,.F.);
#2874=ORIENTED_EDGE('',*,*,#2062,.F.);
#2875=ORIENTED_EDGE('',*,*,#1795,.F.);
#2876=ORIENTED_EDGE('',*,*,#2064,.T.);
#2877=ORIENTED_EDGE('',*,*,#2065,.T.);
#2878=ORIENTED_EDGE('',*,*,#2066,.F.);
#2879=ORIENTED_EDGE('',*,*,#1829,.F.);
#2880=ORIENTED_EDGE('',*,*,#2067,.T.);
#2881=ORIENTED_EDGE('',*,*,#2068,.T.);
#2882=ORIENTED_EDGE('',*,*,#2064,.F.);
#2883=ORIENTED_EDGE('',*,*,#1828,.F.);
#2884=ORIENTED_EDGE('',*,*,#2069,.T.);
#2885=ORIENTED_EDGE('',*,*,#2070,.T.);
#2886=ORIENTED_EDGE('',*,*,#2067,.F.);
#2887=ORIENTED_EDGE('',*,*,#1827,.F.);
#2888=ORIENTED_EDGE('',*,*,#2071,.T.);
#2889=ORIENTED_EDGE('',*,*,#2072,.T.);
#2890=ORIENTED_EDGE('',*,*,#2069,.F.);
#2891=ORIENTED_EDGE('',*,*,#1826,.F.);
#2892=ORIENTED_EDGE('',*,*,#2073,.T.);
#2893=ORIENTED_EDGE('',*,*,#2074,.T.);
#2894=ORIENTED_EDGE('',*,*,#2071,.F.);
#2895=ORIENTED_EDGE('',*,*,#1825,.F.);
#2896=ORIENTED_EDGE('',*,*,#2075,.T.);
#2897=ORIENTED_EDGE('',*,*,#2076,.T.);
#2898=ORIENTED_EDGE('',*,*,#2073,.F.);
#2899=ORIENTED_EDGE('',*,*,#1824,.F.);
#2900=ORIENTED_EDGE('',*,*,#2077,.T.);
#2901=ORIENTED_EDGE('',*,*,#2078,.T.);
#2902=ORIENTED_EDGE('',*,*,#2075,.F.);
#2903=ORIENTED_EDGE('',*,*,#1823,.F.);
#2904=ORIENTED_EDGE('',*,*,#2079,.T.);
#2905=ORIENTED_EDGE('',*,*,#2080,.T.);
#2906=ORIENTED_EDGE('',*,*,#2077,.F.);
#2907=ORIENTED_EDGE('',*,*,#1822,.F.);
#2908=ORIENTED_EDGE('',*,*,#2081,.T.);
#2909=ORIENTED_EDGE('',*,*,#2082,.T.);
#2910=ORIENTED_EDGE('',*,*,#2079,.F.);
#2911=ORIENTED_EDGE('',*,*,#1821,.F.);
#2912=ORIENTED_EDGE('',*,*,#2083,.T.);
#2913=ORIENTED_EDGE('',*,*,#2084,.T.);
#2914=ORIENTED_EDGE('',*,*,#2081,.F.);
#2915=ORIENTED_EDGE('',*,*,#1820,.F.);
#2916=ORIENTED_EDGE('',*,*,#2085,.T.);
#2917=ORIENTED_EDGE('',*,*,#2086,.T.);
#2918=ORIENTED_EDGE('',*,*,#2083,.F.);
#2919=ORIENTED_EDGE('',*,*,#1819,.F.);
#2920=ORIENTED_EDGE('',*,*,#2087,.T.);
#2921=ORIENTED_EDGE('',*,*,#2088,.T.);
#2922=ORIENTED_EDGE('',*,*,#2085,.F.);
#2923=ORIENTED_EDGE('',*,*,#1818,.F.);
#2924=ORIENTED_EDGE('',*,*,#2089,.T.);
#2925=ORIENTED_EDGE('',*,*,#2090,.T.);
#2926=ORIENTED_EDGE('',*,*,#2087,.F.);
#2927=ORIENTED_EDGE('',*,*,#1817,.F.);
#2928=ORIENTED_EDGE('',*,*,#2091,.T.);
#2929=ORIENTED_EDGE('',*,*,#2092,.T.);
#2930=ORIENTED_EDGE('',*,*,#2089,.F.);
#2931=ORIENTED_EDGE('',*,*,#1816,.F.);
#2932=ORIENTED_EDGE('',*,*,#2093,.T.);
#2933=ORIENTED_EDGE('',*,*,#2094,.T.);
#2934=ORIENTED_EDGE('',*,*,#2091,.F.);
#2935=ORIENTED_EDGE('',*,*,#1815,.F.);
#2936=ORIENTED_EDGE('',*,*,#2095,.T.);
#2937=ORIENTED_EDGE('',*,*,#2096,.T.);
#2938=ORIENTED_EDGE('',*,*,#2093,.F.);
#2939=ORIENTED_EDGE('',*,*,#1814,.F.);
#2940=ORIENTED_EDGE('',*,*,#2097,.T.);
#2941=ORIENTED_EDGE('',*,*,#2098,.T.);
#2942=ORIENTED_EDGE('',*,*,#2095,.F.);
#2943=ORIENTED_EDGE('',*,*,#1813,.F.);
#2944=ORIENTED_EDGE('',*,*,#2099,.T.);
#2945=ORIENTED_EDGE('',*,*,#2100,.T.);
#2946=ORIENTED_EDGE('',*,*,#2097,.F.);
#2947=ORIENTED_EDGE('',*,*,#1812,.F.);
#2948=ORIENTED_EDGE('',*,*,#2101,.T.);
#2949=ORIENTED_EDGE('',*,*,#2102,.T.);
#2950=ORIENTED_EDGE('',*,*,#2099,.F.);
#2951=ORIENTED_EDGE('',*,*,#1811,.F.);
#2952=ORIENTED_EDGE('',*,*,#2103,.T.);
#2953=ORIENTED_EDGE('',*,*,#2104,.T.);
#2954=ORIENTED_EDGE('',*,*,#2101,.F.);
#2955=ORIENTED_EDGE('',*,*,#1810,.F.);
#2956=ORIENTED_EDGE('',*,*,#2105,.T.);
#2957=ORIENTED_EDGE('',*,*,#2106,.T.);
#2958=ORIENTED_EDGE('',*,*,#2103,.F.);
#2959=ORIENTED_EDGE('',*,*,#1809,.F.);
#2960=ORIENTED_EDGE('',*,*,#2107,.T.);
#2961=ORIENTED_EDGE('',*,*,#2108,.T.);
#2962=ORIENTED_EDGE('',*,*,#2105,.F.);
#2963=ORIENTED_EDGE('',*,*,#1808,.F.);
#2964=ORIENTED_EDGE('',*,*,#2109,.T.);
#2965=ORIENTED_EDGE('',*,*,#2110,.T.);
#2966=ORIENTED_EDGE('',*,*,#2107,.F.);
#2967=ORIENTED_EDGE('',*,*,#1807,.F.);
#2968=ORIENTED_EDGE('',*,*,#2111,.T.);
#2969=ORIENTED_EDGE('',*,*,#2112,.T.);
#2970=ORIENTED_EDGE('',*,*,#2109,.F.);
#2971=ORIENTED_EDGE('',*,*,#1806,.F.);
#2972=ORIENTED_EDGE('',*,*,#2113,.T.);
#2973=ORIENTED_EDGE('',*,*,#2114,.T.);
#2974=ORIENTED_EDGE('',*,*,#2111,.F.);
#2975=ORIENTED_EDGE('',*,*,#1805,.F.);
#2976=ORIENTED_EDGE('',*,*,#2115,.T.);
#2977=ORIENTED_EDGE('',*,*,#2116,.T.);
#2978=ORIENTED_EDGE('',*,*,#2113,.F.);
#2979=ORIENTED_EDGE('',*,*,#1804,.F.);
#2980=ORIENTED_EDGE('',*,*,#2117,.T.);
#2981=ORIENTED_EDGE('',*,*,#2118,.T.);
#2982=ORIENTED_EDGE('',*,*,#2115,.F.);
#2983=ORIENTED_EDGE('',*,*,#1803,.F.);
#2984=ORIENTED_EDGE('',*,*,#2119,.T.);
#2985=ORIENTED_EDGE('',*,*,#2120,.T.);
#2986=ORIENTED_EDGE('',*,*,#2117,.F.);
#2987=ORIENTED_EDGE('',*,*,#1802,.F.);
#2988=ORIENTED_EDGE('',*,*,#2121,.T.);
#2989=ORIENTED_EDGE('',*,*,#2122,.T.);
#2990=ORIENTED_EDGE('',*,*,#2119,.F.);
#2991=ORIENTED_EDGE('',*,*,#1801,.F.);
#2992=ORIENTED_EDGE('',*,*,#2123,.T.);
#2993=ORIENTED_EDGE('',*,*,#2124,.T.);
#2994=ORIENTED_EDGE('',*,*,#2121,.F.);
#2995=ORIENTED_EDGE('',*,*,#1800,.F.);
#2996=ORIENTED_EDGE('',*,*,#2125,.T.);
#2997=ORIENTED_EDGE('',*,*,#2126,.T.);
#2998=ORIENTED_EDGE('',*,*,#2123,.F.);
#2999=ORIENTED_EDGE('',*,*,#1799,.F.);
#3000=ORIENTED_EDGE('',*,*,#2127,.T.);
#3001=ORIENTED_EDGE('',*,*,#2128,.T.);
#3002=ORIENTED_EDGE('',*,*,#2125,.F.);
#3003=ORIENTED_EDGE('',*,*,#1798,.F.);
#3004=ORIENTED_EDGE('',*,*,#2129,.T.);
#3005=ORIENTED_EDGE('',*,*,#2130,.T.);
#3006=ORIENTED_EDGE('',*,*,#2127,.F.);
#3007=ORIENTED_EDGE('',*,*,#1797,.F.);
#3008=ORIENTED_EDGE('',*,*,#2131,.T.);
#3009=ORIENTED_EDGE('',*,*,#2132,.T.);
#3010=ORIENTED_EDGE('',*,*,#2129,.F.);
#3011=ORIENTED_EDGE('',*,*,#1796,.F.);
#3012=ORIENTED_EDGE('',*,*,#2066,.T.);
#3013=ORIENTED_EDGE('',*,*,#2133,.T.);
#3014=ORIENTED_EDGE('',*,*,#2131,.F.);
#3015=ORIENTED_EDGE('',*,*,#2133,.F.);
#3016=ORIENTED_EDGE('',*,*,#2065,.F.);
#3017=ORIENTED_EDGE('',*,*,#2068,.F.);
#3018=ORIENTED_EDGE('',*,*,#2070,.F.);
#3019=ORIENTED_EDGE('',*,*,#2072,.F.);
#3020=ORIENTED_EDGE('',*,*,#2074,.F.);
#3021=ORIENTED_EDGE('',*,*,#2076,.F.);
#3022=ORIENTED_EDGE('',*,*,#2078,.F.);
#3023=ORIENTED_EDGE('',*,*,#2080,.F.);
#3024=ORIENTED_EDGE('',*,*,#2082,.F.);
#3025=ORIENTED_EDGE('',*,*,#2084,.F.);
#3026=ORIENTED_EDGE('',*,*,#2086,.F.);
#3027=ORIENTED_EDGE('',*,*,#2088,.F.);
#3028=ORIENTED_EDGE('',*,*,#2090,.F.);
#3029=ORIENTED_EDGE('',*,*,#2092,.F.);
#3030=ORIENTED_EDGE('',*,*,#2094,.F.);
#3031=ORIENTED_EDGE('',*,*,#2096,.F.);
#3032=ORIENTED_EDGE('',*,*,#2098,.F.);
#3033=ORIENTED_EDGE('',*,*,#2100,.F.);
#3034=ORIENTED_EDGE('',*,*,#2102,.F.);
#3035=ORIENTED_EDGE('',*,*,#2104,.F.);
#3036=ORIENTED_EDGE('',*,*,#2106,.F.);
#3037=ORIENTED_EDGE('',*,*,#2108,.F.);
#3038=ORIENTED_EDGE('',*,*,#2110,.F.);
#3039=ORIENTED_EDGE('',*,*,#2112,.F.);
#3040=ORIENTED_EDGE('',*,*,#2114,.F.);
#3041=ORIENTED_EDGE('',*,*,#2116,.F.);
#3042=ORIENTED_EDGE('',*,*,#2118,.F.);
#3043=ORIENTED_EDGE('',*,*,#2120,.F.);
#3044=ORIENTED_EDGE('',*,*,#2122,.F.);
#3045=ORIENTED_EDGE('',*,*,#2124,.F.);
#3046=ORIENTED_EDGE('',*,*,#2126,.F.);
#3047=ORIENTED_EDGE('',*,*,#2128,.F.);
#3048=ORIENTED_EDGE('',*,*,#2130,.F.);
#3049=ORIENTED_EDGE('',*,*,#2132,.F.);
#3050=ORIENTED_EDGE('',*,*,#1985,.T.);
#3051=ORIENTED_EDGE('',*,*,#1998,.T.);
#3052=ORIENTED_EDGE('',*,*,#1995,.T.);
#3053=ORIENTED_EDGE('',*,*,#1992,.T.);
#3054=ORIENTED_EDGE('',*,*,#1989,.T.);
#3055=ORIENTED_EDGE('',*,*,#1899,.T.);
#3056=ORIENTED_EDGE('',*,*,#1921,.T.);
#3057=ORIENTED_EDGE('',*,*,#1918,.T.);
#3058=ORIENTED_EDGE('',*,*,#1915,.T.);
#3059=ORIENTED_EDGE('',*,*,#1912,.T.);
#3060=ORIENTED_EDGE('',*,*,#1909,.T.);
#3061=ORIENTED_EDGE('',*,*,#1906,.T.);
#3062=ORIENTED_EDGE('',*,*,#1903,.T.);
#3063=ORIENTED_EDGE('',*,*,#2134,.F.);
#3064=ORIENTED_EDGE('',*,*,#2135,.T.);
#3065=ORIENTED_EDGE('',*,*,#1830,.F.);
#3066=ORIENTED_EDGE('',*,*,#2135,.F.);
#3067=ORIENTED_EDGE('',*,*,#2136,.F.);
#3068=ORIENTED_EDGE('',*,*,#2137,.T.);
#3069=ORIENTED_EDGE('',*,*,#2138,.F.);
#3070=ORIENTED_EDGE('',*,*,#2137,.F.);
#3071=ORIENTED_EDGE('',*,*,#2136,.T.);
#3072=ORIENTED_EDGE('',*,*,#2139,.F.);
#3073=ORIENTED_EDGE('',*,*,#2140,.T.);
#3074=ORIENTED_EDGE('',*,*,#2141,.F.);
#3075=ORIENTED_EDGE('',*,*,#2140,.F.);
#3076=ORIENTED_EDGE('',*,*,#2139,.T.);
#3077=ORIENTED_EDGE('',*,*,#2142,.F.);
#3078=ORIENTED_EDGE('',*,*,#2143,.T.);
#3079=ORIENTED_EDGE('',*,*,#2144,.F.);
#3080=ORIENTED_EDGE('',*,*,#2143,.F.);
#3081=ORIENTED_EDGE('',*,*,#2142,.T.);
#3082=ORIENTED_EDGE('',*,*,#2145,.F.);
#3083=ORIENTED_EDGE('',*,*,#2146,.T.);
#3084=ORIENTED_EDGE('',*,*,#2147,.F.);
#3085=ORIENTED_EDGE('',*,*,#2146,.F.);
#3086=ORIENTED_EDGE('',*,*,#2145,.T.);
#3087=ORIENTED_EDGE('',*,*,#2148,.F.);
#3088=ORIENTED_EDGE('',*,*,#2149,.T.);
#3089=ORIENTED_EDGE('',*,*,#2150,.F.);
#3090=ORIENTED_EDGE('',*,*,#2149,.F.);
#3091=ORIENTED_EDGE('',*,*,#2148,.T.);
#3092=ORIENTED_EDGE('',*,*,#2134,.T.);
#3093=ORIENTED_EDGE('',*,*,#2151,.F.);
#3094=ORIENTED_EDGE('',*,*,#2152,.T.);
#3095=ORIENTED_EDGE('',*,*,#2153,.F.);
#3096=ORIENTED_EDGE('',*,*,#2152,.F.);
#3097=ORIENTED_EDGE('',*,*,#2151,.T.);
#3098=ORIENTED_EDGE('',*,*,#2154,.F.);
#3099=ORIENTED_EDGE('',*,*,#2155,.T.);
#3100=ORIENTED_EDGE('',*,*,#1691,.F.);
#3101=ORIENTED_EDGE('',*,*,#2156,.F.);
#3102=ORIENTED_EDGE('',*,*,#2157,.F.);
#3103=ORIENTED_EDGE('',*,*,#2158,.T.);
#3104=ORIENTED_EDGE('',*,*,#1692,.F.);
#3105=ORIENTED_EDGE('',*,*,#2155,.F.);
#3106=ORIENTED_EDGE('',*,*,#1676,.T.);
#3107=ORIENTED_EDGE('',*,*,#1694,.F.);
#3108=ORIENTED_EDGE('',*,*,#2159,.F.);
#3109=ORIENTED_EDGE('',*,*,#2160,.F.);
#3110=ORIENTED_EDGE('',*,*,#2156,.T.);
#3111=ORIENTED_EDGE('',*,*,#1690,.F.);
#3112=ORIENTED_EDGE('',*,*,#1674,.T.);
#3113=ORIENTED_EDGE('',*,*,#1679,.T.);
#3114=ORIENTED_EDGE('',*,*,#2161,.F.);
#3115=ORIENTED_EDGE('',*,*,#2159,.T.);
#3116=ORIENTED_EDGE('',*,*,#1693,.F.);
#3117=ORIENTED_EDGE('',*,*,#2158,.F.);
#3118=ORIENTED_EDGE('',*,*,#1696,.F.);
#3119=ORIENTED_EDGE('',*,*,#2162,.T.);
#3120=ORIENTED_EDGE('',*,*,#1834,.T.);
#3121=ORIENTED_EDGE('',*,*,#2162,.F.);
#3122=ORIENTED_EDGE('',*,*,#1697,.F.);
#3123=ORIENTED_EDGE('',*,*,#2163,.T.);
#3124=ORIENTED_EDGE('',*,*,#1833,.T.);
#3125=ORIENTED_EDGE('',*,*,#2163,.F.);
#3126=ORIENTED_EDGE('',*,*,#1698,.F.);
#3127=ORIENTED_EDGE('',*,*,#2164,.T.);
#3128=ORIENTED_EDGE('',*,*,#1832,.T.);
#3129=ORIENTED_EDGE('',*,*,#2164,.F.);
#3130=ORIENTED_EDGE('',*,*,#1695,.F.);
#3131=ORIENTED_EDGE('',*,*,#2165,.T.);
#3132=ORIENTED_EDGE('',*,*,#1831,.T.);
#3133=ORIENTED_EDGE('',*,*,#2165,.F.);
#3134=ORIENTED_EDGE('',*,*,#1703,.F.);
#3135=ORIENTED_EDGE('',*,*,#1712,.F.);
#3136=ORIENTED_EDGE('',*,*,#1704,.F.);
#3137=ORIENTED_EDGE('',*,*,#1683,.F.);
#3138=ORIENTED_EDGE('',*,*,#2157,.T.);
#3139=ORIENTED_EDGE('',*,*,#2154,.T.);
#3140=ORIENTED_EDGE('',*,*,#2160,.T.);
#3141=ORIENTED_EDGE('',*,*,#2161,.T.);
#3142=ORIENTED_EDGE('',*,*,#2138,.T.);
#3143=ORIENTED_EDGE('',*,*,#2141,.T.);
#3144=ORIENTED_EDGE('',*,*,#2144,.T.);
#3145=ORIENTED_EDGE('',*,*,#2147,.T.);
#3146=ORIENTED_EDGE('',*,*,#2150,.T.);
#3147=ORIENTED_EDGE('',*,*,#2153,.T.);
#3148=ORIENTED_EDGE('',*,*,#1837,.T.);
#3149=ORIENTED_EDGE('',*,*,#1859,.T.);
#3150=ORIENTED_EDGE('',*,*,#1856,.T.);
#3151=ORIENTED_EDGE('',*,*,#1853,.T.);
#3152=ORIENTED_EDGE('',*,*,#1850,.T.);
#3153=ORIENTED_EDGE('',*,*,#1847,.T.);
#3154=ORIENTED_EDGE('',*,*,#1844,.T.);
#3155=ORIENTED_EDGE('',*,*,#1841,.T.);
#3156=PLANE('',#3442);
#3157=PLANE('',#3443);
#3158=PLANE('',#3444);
#3159=PLANE('',#3445);
#3160=PLANE('',#3454);
#3161=PLANE('',#3459);
#3162=PLANE('',#3460);
#3163=PLANE('',#3469);
#3164=PLANE('',#3471);
#3165=PLANE('',#3472);
#3166=PLANE('',#3473);
#3167=PLANE('',#3474);
#3168=PLANE('',#3475);
#3169=PLANE('',#3476);
#3170=PLANE('',#3477);
#3171=PLANE('',#3478);
#3172=PLANE('',#3479);
#3173=PLANE('',#3480);
#3174=PLANE('',#3481);
#3175=PLANE('',#3482);
#3176=PLANE('',#3483);
#3177=PLANE('',#3484);
#3178=PLANE('',#3485);
#3179=PLANE('',#3486);
#3180=PLANE('',#3487);
#3181=PLANE('',#3488);
#3182=PLANE('',#3489);
#3183=PLANE('',#3490);
#3184=PLANE('',#3491);
#3185=PLANE('',#3492);
#3186=PLANE('',#3493);
#3187=PLANE('',#3494);
#3188=PLANE('',#3495);
#3189=PLANE('',#3496);
#3190=PLANE('',#3497);
#3191=PLANE('',#3498);
#3192=PLANE('',#3499);
#3193=PLANE('',#3500);
#3194=PLANE('',#3501);
#3195=PLANE('',#3502);
#3196=PLANE('',#3503);
#3197=PLANE('',#3504);
#3198=PLANE('',#3505);
#3199=PLANE('',#3506);
#3200=PLANE('',#3507);
#3201=PLANE('',#3508);
#3202=PLANE('',#3509);
#3203=PLANE('',#3510);
#3204=PLANE('',#3511);
#3205=PLANE('',#3512);
#3206=PLANE('',#3513);
#3207=PLANE('',#3514);
#3208=PLANE('',#3515);
#3209=PLANE('',#3516);
#3210=PLANE('',#3517);
#3211=PLANE('',#3518);
#3212=PLANE('',#3519);
#3213=PLANE('',#3520);
#3214=PLANE('',#3521);
#3215=PLANE('',#3522);
#3216=PLANE('',#3523);
#3217=PLANE('',#3524);
#3218=PLANE('',#3525);
#3219=PLANE('',#3526);
#3220=PLANE('',#3527);
#3221=PLANE('',#3528);
#3222=PLANE('',#3529);
#3223=PLANE('',#3530);
#3224=PLANE('',#3531);
#3225=PLANE('',#3532);
#3226=PLANE('',#3533);
#3227=PLANE('',#3534);
#3228=PLANE('',#3535);
#3229=PLANE('',#3536);
#3230=PLANE('',#3537);
#3231=PLANE('',#3538);
#3232=PLANE('',#3539);
#3233=PLANE('',#3540);
#3234=PLANE('',#3541);
#3235=PLANE('',#3542);
#3236=PLANE('',#3543);
#3237=PLANE('',#3544);
#3238=PLANE('',#3545);
#3239=PLANE('',#3546);
#3240=PLANE('',#3547);
#3241=PLANE('',#3548);
#3242=PLANE('',#3549);
#3243=PLANE('',#3550);
#3244=PLANE('',#3556);
#3245=PLANE('',#3560);
#3246=PLANE('',#3564);
#3247=PLANE('',#3568);
#3248=PLANE('',#3572);
#3249=PLANE('',#3576);
#3250=PLANE('',#3577);
#3251=PLANE('',#3578);
#3252=PLANE('',#3579);
#3253=PLANE('',#3580);
#3254=PLANE('',#3585);
#3255=PLANE('',#3586);
#3256=PLANE('',#3587);
#3257=ADVANCED_FACE('',(#287),#3156,.F.);
#3258=ADVANCED_FACE('',(#288),#3157,.F.);
#3259=ADVANCED_FACE('',(#289),#3158,.F.);
#3260=ADVANCED_FACE('',(#290,#231,#232,#233,#234),#3159,.T.);
#3261=ADVANCED_FACE('',(#291),#3160,.T.);
#3262=ADVANCED_FACE('',(#292),#216,.T.);
#3263=ADVANCED_FACE('',(#293),#217,.T.);
#3264=ADVANCED_FACE('',(#294),#3161,.T.);
#3265=ADVANCED_FACE('',(#295,#235,#236,#237,#238,#239,#240,#241,#242,#243,
#244,#245,#246),#3162,.F.);
#3266=ADVANCED_FACE('',(#296),#218,.T.);
#3267=ADVANCED_FACE('',(#297),#3163,.T.);
#3268=ADVANCED_FACE('',(#298),#219,.T.);
#3269=ADVANCED_FACE('',(#299),#3164,.F.);
#3270=ADVANCED_FACE('',(#300),#15,.F.);
#3271=ADVANCED_FACE('',(#301),#16,.F.);
#3272=ADVANCED_FACE('',(#302),#17,.F.);
#3273=ADVANCED_FACE('',(#303),#18,.F.);
#3274=ADVANCED_FACE('',(#304),#19,.F.);
#3275=ADVANCED_FACE('',(#305),#3165,.F.);
#3276=ADVANCED_FACE('',(#306),#3166,.F.);
#3277=ADVANCED_FACE('',(#307),#3167,.F.);
#3278=ADVANCED_FACE('',(#308),#3168,.F.);
#3279=ADVANCED_FACE('',(#309),#20,.F.);
#3280=ADVANCED_FACE('',(#310),#21,.F.);
#3281=ADVANCED_FACE('',(#311),#22,.F.);
#3282=ADVANCED_FACE('',(#312),#23,.F.);
#3283=ADVANCED_FACE('',(#313),#3169,.F.);
#3284=ADVANCED_FACE('',(#314),#3170,.F.);
#3285=ADVANCED_FACE('',(#315),#3171,.F.);
#3286=ADVANCED_FACE('',(#316),#24,.F.);
#3287=ADVANCED_FACE('',(#317),#25,.F.);
#3288=ADVANCED_FACE('',(#318),#26,.F.);
#3289=ADVANCED_FACE('',(#319),#27,.F.);
#3290=ADVANCED_FACE('',(#320),#28,.F.);
#3291=ADVANCED_FACE('',(#321),#29,.F.);
#3292=ADVANCED_FACE('',(#322),#30,.F.);
#3293=ADVANCED_FACE('',(#323),#3172,.F.);
#3294=ADVANCED_FACE('',(#324),#3173,.F.);
#3295=ADVANCED_FACE('',(#325),#3174,.F.);
#3296=ADVANCED_FACE('',(#326,#247),#3175,.T.);
#3297=ADVANCED_FACE('',(#327),#3176,.F.);
#3298=ADVANCED_FACE('',(#328),#31,.F.);
#3299=ADVANCED_FACE('',(#329),#32,.F.);
#3300=ADVANCED_FACE('',(#330),#33,.F.);
#3301=ADVANCED_FACE('',(#331),#34,.F.);
#3302=ADVANCED_FACE('',(#332),#35,.F.);
#3303=ADVANCED_FACE('',(#333),#3177,.F.);
#3304=ADVANCED_FACE('',(#334),#3178,.F.);
#3305=ADVANCED_FACE('',(#335),#3179,.F.);
#3306=ADVANCED_FACE('',(#336),#3180,.F.);
#3307=ADVANCED_FACE('',(#337),#36,.F.);
#3308=ADVANCED_FACE('',(#338),#37,.F.);
#3309=ADVANCED_FACE('',(#339),#38,.F.);
#3310=ADVANCED_FACE('',(#340),#39,.F.);
#3311=ADVANCED_FACE('',(#341),#3181,.F.);
#3312=ADVANCED_FACE('',(#342),#3182,.F.);
#3313=ADVANCED_FACE('',(#343),#3183,.F.);
#3314=ADVANCED_FACE('',(#344),#40,.F.);
#3315=ADVANCED_FACE('',(#345),#41,.F.);
#3316=ADVANCED_FACE('',(#346),#42,.F.);
#3317=ADVANCED_FACE('',(#347),#43,.F.);
#3318=ADVANCED_FACE('',(#348),#44,.F.);
#3319=ADVANCED_FACE('',(#349),#45,.F.);
#3320=ADVANCED_FACE('',(#350),#46,.F.);
#3321=ADVANCED_FACE('',(#351),#3184,.F.);
#3322=ADVANCED_FACE('',(#352),#3185,.F.);
#3323=ADVANCED_FACE('',(#353),#3186,.F.);
#3324=ADVANCED_FACE('',(#354,#248),#3187,.T.);
#3325=ADVANCED_FACE('',(#355),#3188,.F.);
#3326=ADVANCED_FACE('',(#356),#3189,.F.);
#3327=ADVANCED_FACE('',(#357),#3190,.F.);
#3328=ADVANCED_FACE('',(#358),#3191,.F.);
#3329=ADVANCED_FACE('',(#359),#3192,.F.);
#3330=ADVANCED_FACE('',(#360),#3193,.F.);
#3331=ADVANCED_FACE('',(#361),#3194,.F.);
#3332=ADVANCED_FACE('',(#362),#3195,.F.);
#3333=ADVANCED_FACE('',(#363),#3196,.F.);
#3334=ADVANCED_FACE('',(#364),#3197,.F.);
#3335=ADVANCED_FACE('',(#365),#3198,.F.);
#3336=ADVANCED_FACE('',(#366),#3199,.F.);
#3337=ADVANCED_FACE('',(#367),#3200,.F.);
#3338=ADVANCED_FACE('',(#368),#47,.F.);
#3339=ADVANCED_FACE('',(#369),#48,.F.);
#3340=ADVANCED_FACE('',(#370),#3201,.F.);
#3341=ADVANCED_FACE('',(#371),#3202,.F.);
#3342=ADVANCED_FACE('',(#372),#3203,.F.);
#3343=ADVANCED_FACE('',(#373),#3204,.F.);
#3344=ADVANCED_FACE('',(#374),#3205,.F.);
#3345=ADVANCED_FACE('',(#375),#3206,.F.);
#3346=ADVANCED_FACE('',(#376),#3207,.F.);
#3347=ADVANCED_FACE('',(#377),#3208,.F.);
#3348=ADVANCED_FACE('',(#378),#3209,.F.);
#3349=ADVANCED_FACE('',(#379),#3210,.F.);
#3350=ADVANCED_FACE('',(#380),#3211,.F.);
#3351=ADVANCED_FACE('',(#381,#249),#3212,.T.);
#3352=ADVANCED_FACE('',(#382),#3213,.F.);
#3353=ADVANCED_FACE('',(#383),#3214,.F.);
#3354=ADVANCED_FACE('',(#384),#3215,.F.);
#3355=ADVANCED_FACE('',(#385),#3216,.F.);
#3356=ADVANCED_FACE('',(#386),#3217,.F.);
#3357=ADVANCED_FACE('',(#387),#3218,.F.);
#3358=ADVANCED_FACE('',(#388),#3219,.F.);
#3359=ADVANCED_FACE('',(#389),#3220,.F.);
#3360=ADVANCED_FACE('',(#390),#3221,.F.);
#3361=ADVANCED_FACE('',(#391),#3222,.F.);
#3362=ADVANCED_FACE('',(#392),#3223,.F.);
#3363=ADVANCED_FACE('',(#393),#3224,.F.);
#3364=ADVANCED_FACE('',(#394),#3225,.F.);
#3365=ADVANCED_FACE('',(#395),#3226,.F.);
#3366=ADVANCED_FACE('',(#396),#3227,.F.);
#3367=ADVANCED_FACE('',(#397),#3228,.F.);
#3368=ADVANCED_FACE('',(#398),#3229,.F.);
#3369=ADVANCED_FACE('',(#399),#3230,.F.);
#3370=ADVANCED_FACE('',(#400),#3231,.F.);
#3371=ADVANCED_FACE('',(#401),#3232,.F.);
#3372=ADVANCED_FACE('',(#402),#3233,.F.);
#3373=ADVANCED_FACE('',(#403),#3234,.F.);
#3374=ADVANCED_FACE('',(#404),#3235,.F.);
#3375=ADVANCED_FACE('',(#405),#3236,.F.);
#3376=ADVANCED_FACE('',(#406),#3237,.F.);
#3377=ADVANCED_FACE('',(#407),#3238,.F.);
#3378=ADVANCED_FACE('',(#408),#49,.F.);
#3379=ADVANCED_FACE('',(#409),#50,.F.);
#3380=ADVANCED_FACE('',(#410),#51,.F.);
#3381=ADVANCED_FACE('',(#411),#52,.F.);
#3382=ADVANCED_FACE('',(#412),#53,.F.);
#3383=ADVANCED_FACE('',(#413),#54,.F.);
#3384=ADVANCED_FACE('',(#414),#55,.F.);
#3385=ADVANCED_FACE('',(#415),#56,.F.);
#3386=ADVANCED_FACE('',(#416),#57,.F.);
#3387=ADVANCED_FACE('',(#417),#58,.F.);
#3388=ADVANCED_FACE('',(#418),#59,.F.);
#3389=ADVANCED_FACE('',(#419),#60,.F.);
#3390=ADVANCED_FACE('',(#420),#61,.F.);
#3391=ADVANCED_FACE('',(#421),#62,.F.);
#3392=ADVANCED_FACE('',(#422),#3239,.F.);
#3393=ADVANCED_FACE('',(#423),#63,.F.);
#3394=ADVANCED_FACE('',(#424),#64,.F.);
#3395=ADVANCED_FACE('',(#425),#65,.F.);
#3396=ADVANCED_FACE('',(#426),#66,.F.);
#3397=ADVANCED_FACE('',(#427),#67,.F.);
#3398=ADVANCED_FACE('',(#428),#68,.F.);
#3399=ADVANCED_FACE('',(#429),#69,.F.);
#3400=ADVANCED_FACE('',(#430),#70,.F.);
#3401=ADVANCED_FACE('',(#431),#71,.F.);
#3402=ADVANCED_FACE('',(#432),#72,.F.);
#3403=ADVANCED_FACE('',(#433),#73,.F.);
#3404=ADVANCED_FACE('',(#434),#74,.F.);
#3405=ADVANCED_FACE('',(#435),#75,.F.);
#3406=ADVANCED_FACE('',(#436),#76,.F.);
#3407=ADVANCED_FACE('',(#437),#77,.F.);
#3408=ADVANCED_FACE('',(#438),#78,.F.);
#3409=ADVANCED_FACE('',(#439),#79,.F.);
#3410=ADVANCED_FACE('',(#440),#80,.F.);
#3411=ADVANCED_FACE('',(#441),#3240,.F.);
#3412=ADVANCED_FACE('',(#442),#81,.F.);
#3413=ADVANCED_FACE('',(#443),#3241,.T.);
#3414=ADVANCED_FACE('',(#444),#3242,.F.);
#3415=ADVANCED_FACE('',(#445),#3243,.F.);
#3416=ADVANCED_FACE('',(#446),#220,.F.);
#3417=ADVANCED_FACE('',(#447),#221,.T.);
#3418=ADVANCED_FACE('',(#448),#3244,.T.);
#3419=ADVANCED_FACE('',(#449),#222,.T.);
#3420=ADVANCED_FACE('',(#450),#3245,.T.);
#3421=ADVANCED_FACE('',(#451),#223,.T.);
#3422=ADVANCED_FACE('',(#452),#3246,.T.);
#3423=ADVANCED_FACE('',(#453),#224,.T.);
#3424=ADVANCED_FACE('',(#454),#3247,.T.);
#3425=ADVANCED_FACE('',(#455),#225,.T.);
#3426=ADVANCED_FACE('',(#456,#250),#3248,.T.);
#3427=ADVANCED_FACE('',(#457),#226,.T.);
#3428=ADVANCED_FACE('',(#458),#3249,.T.);
#3429=ADVANCED_FACE('',(#459),#3250,.T.);
#3430=ADVANCED_FACE('',(#460),#3251,.T.);
#3431=ADVANCED_FACE('',(#461),#3252,.T.);
#3432=ADVANCED_FACE('',(#462),#3253,.T.);
#3433=ADVANCED_FACE('',(#463),#227,.F.);
#3434=ADVANCED_FACE('',(#464),#228,.F.);
#3435=ADVANCED_FACE('',(#465),#229,.F.);
#3436=ADVANCED_FACE('',(#466),#230,.F.);
#3437=ADVANCED_FACE('',(#467),#3254,.T.);
#3438=ADVANCED_FACE('',(#468,#251,#252,#253,#254,#255,#256),#3255,.T.);
#3439=ADVANCED_FACE('',(#469),#3256,.F.);
#3440=CLOSED_SHELL('',(#3257,#3258,#3259,#3260,#3261,#3262,#3263,#3264,
#3265,#3266,#3267,#3268,#3269,#3270,#3271,#3272,#3273,#3274,#3275,#3276,
#3277,#3278,#3279,#3280,#3281,#3282,#3283,#3284,#3285,#3286,#3287,#3288,
#3289,#3290,#3291,#3292,#3293,#3294,#3295,#3296,#3297,#3298,#3299,#3300,
#3301,#3302,#3303,#3304,#3305,#3306,#3307,#3308,#3309,#3310,#3311,#3312,
#3313,#3314,#3315,#3316,#3317,#3318,#3319,#3320,#3321,#3322,#3323,#3324,
#3325,#3326,#3327,#3328,#3329,#3330,#3331,#3332,#3333,#3334,#3335,#3336,
#3337,#3338,#3339,#3340,#3341,#3342,#3343,#3344,#3345,#3346,#3347,#3348,
#3349,#3350,#3351,#3352,#3353,#3354,#3355,#3356,#3357,#3358,#3359,#3360,
#3361,#3362,#3363,#3364,#3365,#3366,#3367,#3368,#3369,#3370,#3371,#3372,
#3373,#3374,#3375,#3376,#3377,#3378,#3379,#3380,#3381,#3382,#3383,#3384,
#3385,#3386,#3387,#3388,#3389,#3390,#3391,#3392,#3393,#3394,#3395,#3396,
#3397,#3398,#3399,#3400,#3401,#3402,#3403,#3404,#3405,#3406,#3407,#3408,
#3409,#3410,#3411,#3412,#3413,#3414,#3415,#3416,#3417,#3418,#3419,#3420,
#3421,#3422,#3423,#3424,#3425,#3426,#3427,#3428,#3429,#3430,#3431,#3432,
#3433,#3434,#3435,#3436,#3437,#3438,#3439));
#3441=AXIS2_PLACEMENT_3D('',#4213,#3588,#3589);
#3442=AXIS2_PLACEMENT_3D('',#4214,#3590,#3591);
#3443=AXIS2_PLACEMENT_3D('',#4223,#3596,#3597);
#3444=AXIS2_PLACEMENT_3D('',#4232,#3602,#3603);
#3445=AXIS2_PLACEMENT_3D('',#4235,#3606,#3607);
#3446=AXIS2_PLACEMENT_3D('',#4239,#3609,#3610);
#3447=AXIS2_PLACEMENT_3D('',#4243,#3612,#3613);
#3448=AXIS2_PLACEMENT_3D('',#4247,#3615,#3616);
#3449=AXIS2_PLACEMENT_3D('',#4251,#3618,#3619);
#3450=AXIS2_PLACEMENT_3D('',#4263,#3626,#3627);
#3451=AXIS2_PLACEMENT_3D('',#4265,#3628,#3629);
#3452=AXIS2_PLACEMENT_3D('',#4267,#3630,#3631);
#3453=AXIS2_PLACEMENT_3D('',#4269,#3632,#3633);
#3454=AXIS2_PLACEMENT_3D('',#4270,#3634,#3635);
#3455=AXIS2_PLACEMENT_3D('',#4276,#3639,#3640);
#3456=AXIS2_PLACEMENT_3D('',#4278,#3641,#3642);
#3457=AXIS2_PLACEMENT_3D('',#4280,#3644,#3645);
#3458=AXIS2_PLACEMENT_3D('',#4284,#3647,#3648);
#3459=AXIS2_PLACEMENT_3D('',#4286,#3650,#3651);
#3460=AXIS2_PLACEMENT_3D('',#4290,#3654,#3655);
#3461=AXIS2_PLACEMENT_3D('',#4292,#3656,#3657);
#3462=AXIS2_PLACEMENT_3D('',#4295,#3659,#3660);
#3463=AXIS2_PLACEMENT_3D('',#4752,#3724,#3725);
#3464=AXIS2_PLACEMENT_3D('',#4754,#3726,#3727);
#3465=AXIS2_PLACEMENT_3D('',#4756,#3728,#3729);
#3466=AXIS2_PLACEMENT_3D('',#4758,#3730,#3731);
#3467=AXIS2_PLACEMENT_3D('',#4760,#3732,#3733);
#3468=AXIS2_PLACEMENT_3D('',#4761,#3734,#3735);
#3469=AXIS2_PLACEMENT_3D('',#4763,#3737,#3738);
#3470=AXIS2_PLACEMENT_3D('',#4765,#3740,#3741);
#3471=AXIS2_PLACEMENT_3D('',#4766,#3742,#3743);
#3472=AXIS2_PLACEMENT_3D('',#4890,#3753,#3754);
#3473=AXIS2_PLACEMENT_3D('',#4896,#3758,#3759);
#3474=AXIS2_PLACEMENT_3D('',#4899,#3762,#3763);
#3475=AXIS2_PLACEMENT_3D('',#4905,#3767,#3768);
#3476=AXIS2_PLACEMENT_3D('',#4977,#3775,#3776);
#3477=AXIS2_PLACEMENT_3D('',#4981,#3779,#3780);
#3478=AXIS2_PLACEMENT_3D('',#4985,#3783,#3784);
#3479=AXIS2_PLACEMENT_3D('',#5108,#3794,#3795);
#3480=AXIS2_PLACEMENT_3D('',#5112,#3798,#3799);
#3481=AXIS2_PLACEMENT_3D('',#5116,#3802,#3803);
#3482=AXIS2_PLACEMENT_3D('',#5118,#3805,#3806);
#3483=AXIS2_PLACEMENT_3D('',#5119,#3807,#3808);
#3484=AXIS2_PLACEMENT_3D('',#5243,#3818,#3819);
#3485=AXIS2_PLACEMENT_3D('',#5249,#3823,#3824);
#3486=AXIS2_PLACEMENT_3D('',#5252,#3827,#3828);
#3487=AXIS2_PLACEMENT_3D('',#5258,#3832,#3833);
#3488=AXIS2_PLACEMENT_3D('',#5330,#3840,#3841);
#3489=AXIS2_PLACEMENT_3D('',#5334,#3844,#3845);
#3490=AXIS2_PLACEMENT_3D('',#5338,#3848,#3849);
#3491=AXIS2_PLACEMENT_3D('',#5461,#3859,#3860);
#3492=AXIS2_PLACEMENT_3D('',#5465,#3863,#3864);
#3493=AXIS2_PLACEMENT_3D('',#5469,#3867,#3868);
#3494=AXIS2_PLACEMENT_3D('',#5471,#3870,#3871);
#3495=AXIS2_PLACEMENT_3D('',#5472,#3872,#3873);
#3496=AXIS2_PLACEMENT_3D('',#5478,#3877,#3878);
#3497=AXIS2_PLACEMENT_3D('',#5482,#3881,#3882);
#3498=AXIS2_PLACEMENT_3D('',#5486,#3885,#3886);
#3499=AXIS2_PLACEMENT_3D('',#5490,#3889,#3890);
#3500=AXIS2_PLACEMENT_3D('',#5494,#3893,#3894);
#3501=AXIS2_PLACEMENT_3D('',#5498,#3897,#3898);
#3502=AXIS2_PLACEMENT_3D('',#5502,#3901,#3902);
#3503=AXIS2_PLACEMENT_3D('',#5506,#3905,#3906);
#3504=AXIS2_PLACEMENT_3D('',#5510,#3909,#3910);
#3505=AXIS2_PLACEMENT_3D('',#5514,#3913,#3914);
#3506=AXIS2_PLACEMENT_3D('',#5518,#3917,#3918);
#3507=AXIS2_PLACEMENT_3D('',#5520,#3920,#3921);
#3508=AXIS2_PLACEMENT_3D('',#5570,#3925,#3926);
#3509=AXIS2_PLACEMENT_3D('',#5576,#3930,#3931);
#3510=AXIS2_PLACEMENT_3D('',#5582,#3935,#3936);
#3511=AXIS2_PLACEMENT_3D('',#5585,#3939,#3940);
#3512=AXIS2_PLACEMENT_3D('',#5591,#3944,#3945);
#3513=AXIS2_PLACEMENT_3D('',#5595,#3948,#3949);
#3514=AXIS2_PLACEMENT_3D('',#5599,#3952,#3953);
#3515=AXIS2_PLACEMENT_3D('',#5603,#3956,#3957);
#3516=AXIS2_PLACEMENT_3D('',#5607,#3960,#3961);
#3517=AXIS2_PLACEMENT_3D('',#5611,#3964,#3965);
#3518=AXIS2_PLACEMENT_3D('',#5615,#3968,#3969);
#3519=AXIS2_PLACEMENT_3D('',#5617,#3971,#3972);
#3520=AXIS2_PLACEMENT_3D('',#5618,#3973,#3974);
#3521=AXIS2_PLACEMENT_3D('',#5624,#3978,#3979);
#3522=AXIS2_PLACEMENT_3D('',#5628,#3982,#3983);
#3523=AXIS2_PLACEMENT_3D('',#5632,#3986,#3987);
#3524=AXIS2_PLACEMENT_3D('',#5636,#3990,#3991);
#3525=AXIS2_PLACEMENT_3D('',#5640,#3994,#3995);
#3526=AXIS2_PLACEMENT_3D('',#5644,#3998,#3999);
#3527=AXIS2_PLACEMENT_3D('',#5648,#4002,#4003);
#3528=AXIS2_PLACEMENT_3D('',#5652,#4006,#4007);
#3529=AXIS2_PLACEMENT_3D('',#5656,#4010,#4011);
#3530=AXIS2_PLACEMENT_3D('',#5660,#4014,#4015);
#3531=AXIS2_PLACEMENT_3D('',#5664,#4018,#4019);
#3532=AXIS2_PLACEMENT_3D('',#5666,#4021,#4022);
#3533=AXIS2_PLACEMENT_3D('',#5667,#4023,#4024);
#3534=AXIS2_PLACEMENT_3D('',#5673,#4028,#4029);
#3535=AXIS2_PLACEMENT_3D('',#5677,#4032,#4033);
#3536=AXIS2_PLACEMENT_3D('',#5681,#4036,#4037);
#3537=AXIS2_PLACEMENT_3D('',#5685,#4040,#4041);
#3538=AXIS2_PLACEMENT_3D('',#5689,#4044,#4045);
#3539=AXIS2_PLACEMENT_3D('',#5693,#4048,#4049);
#3540=AXIS2_PLACEMENT_3D('',#5697,#4052,#4053);
#3541=AXIS2_PLACEMENT_3D('',#5701,#4056,#4057);
#3542=AXIS2_PLACEMENT_3D('',#5705,#4060,#4061);
#3543=AXIS2_PLACEMENT_3D('',#5709,#4064,#4065);
#3544=AXIS2_PLACEMENT_3D('',#5713,#4068,#4069);
#3545=AXIS2_PLACEMENT_3D('',#5715,#4071,#4072);
#3546=AXIS2_PLACEMENT_3D('',#5956,#4088,#4089);
#3547=AXIS2_PLACEMENT_3D('',#6266,#4110,#4111);
#3548=AXIS2_PLACEMENT_3D('',#6285,#4114,#4115);
#3549=AXIS2_PLACEMENT_3D('',#6286,#4116,#4117);
#3550=AXIS2_PLACEMENT_3D('',#6287,#4118,#4119);
#3551=AXIS2_PLACEMENT_3D('',#6288,#4120,#4121);
#3552=AXIS2_PLACEMENT_3D('',#6290,#4122,#4123);
#3553=AXIS2_PLACEMENT_3D('',#6292,#4125,#4126);
#3554=AXIS2_PLACEMENT_3D('',#6294,#4127,#4128);
#3555=AXIS2_PLACEMENT_3D('',#6297,#4130,#4131);
#3556=AXIS2_PLACEMENT_3D('',#6298,#4132,#4133);
#3557=AXIS2_PLACEMENT_3D('',#6299,#4134,#4135);
#3558=AXIS2_PLACEMENT_3D('',#6301,#4136,#4137);
#3559=AXIS2_PLACEMENT_3D('',#6304,#4139,#4140);
#3560=AXIS2_PLACEMENT_3D('',#6305,#4141,#4142);
#3561=AXIS2_PLACEMENT_3D('',#6306,#4143,#4144);
#3562=AXIS2_PLACEMENT_3D('',#6308,#4145,#4146);
#3563=AXIS2_PLACEMENT_3D('',#6311,#4148,#4149);
#3564=AXIS2_PLACEMENT_3D('',#6312,#4150,#4151);
#3565=AXIS2_PLACEMENT_3D('',#6313,#4152,#4153);
#3566=AXIS2_PLACEMENT_3D('',#6315,#4154,#4155);
#3567=AXIS2_PLACEMENT_3D('',#6318,#4157,#4158);
#3568=AXIS2_PLACEMENT_3D('',#6319,#4159,#4160);
#3569=AXIS2_PLACEMENT_3D('',#6320,#4161,#4162);
#3570=AXIS2_PLACEMENT_3D('',#6322,#4163,#4164);
#3571=AXIS2_PLACEMENT_3D('',#6325,#4166,#4167);
#3572=AXIS2_PLACEMENT_3D('',#6326,#4168,#4169);
#3573=AXIS2_PLACEMENT_3D('',#6327,#4170,#4171);
#3574=AXIS2_PLACEMENT_3D('',#6329,#4172,#4173);
#3575=AXIS2_PLACEMENT_3D('',#6332,#4175,#4176);
#3576=AXIS2_PLACEMENT_3D('',#6333,#4177,#4178);
#3577=AXIS2_PLACEMENT_3D('',#6334,#4179,#4180);
#3578=AXIS2_PLACEMENT_3D('',#6340,#4184,#4185);
#3579=AXIS2_PLACEMENT_3D('',#6344,#4188,#4189);
#3580=AXIS2_PLACEMENT_3D('',#6348,#4192,#4193);
#3581=AXIS2_PLACEMENT_3D('',#6350,#4195,#4196);
#3582=AXIS2_PLACEMENT_3D('',#6352,#4198,#4199);
#3583=AXIS2_PLACEMENT_3D('',#6354,#4201,#4202);
#3584=AXIS2_PLACEMENT_3D('',#6356,#4204,#4205);
#3585=AXIS2_PLACEMENT_3D('',#6358,#4207,#4208);
#3586=AXIS2_PLACEMENT_3D('',#6359,#4209,#4210);
#3587=AXIS2_PLACEMENT_3D('',#6360,#4211,#4212);
#3588=DIRECTION('axis',(0.,0.,1.));
#3589=DIRECTION('refdir',(1.,0.,0.));
#3590=DIRECTION('center_axis',(1.,0.,0.));
#3591=DIRECTION('ref_axis',(0.,-1.,0.));
#3592=DIRECTION('',(0.,-1.,0.));
#3593=DIRECTION('',(0.,0.,1.));
#3594=DIRECTION('',(0.,-1.,0.));
#3595=DIRECTION('',(0.,0.,-1.));
#3596=DIRECTION('center_axis',(-1.,0.,0.));
#3597=DIRECTION('ref_axis',(0.,1.,0.));
#3598=DIRECTION('',(0.,1.,0.));
#3599=DIRECTION('',(0.,0.,1.));
#3600=DIRECTION('',(0.,1.,0.));
#3601=DIRECTION('',(0.,0.,-1.));
#3602=DIRECTION('center_axis',(0.,0.,-1.));
#3603=DIRECTION('ref_axis',(-1.,0.,0.));
#3604=DIRECTION('',(-1.,0.,0.));
#3605=DIRECTION('',(1.,0.,0.));
#3606=DIRECTION('center_axis',(0.,0.,1.));
#3607=DIRECTION('ref_axis',(1.,0.,0.));
#3608=DIRECTION('',(-1.,0.,0.));
#3609=DIRECTION('center_axis',(0.,0.,-1.));
#3610=DIRECTION('ref_axis',(-0.707106781186547,0.707106781186547,0.));
#3611=DIRECTION('',(0.,-1.,0.));
#3612=DIRECTION('center_axis',(0.,0.,-1.));
#3613=DIRECTION('ref_axis',(-0.707106781186547,-0.707106781186547,0.));
#3614=DIRECTION('',(1.,0.,0.));
#3615=DIRECTION('center_axis',(0.,0.,-1.));
#3616=DIRECTION('ref_axis',(0.707106781186547,-0.707106781186547,0.));
#3617=DIRECTION('',(0.,1.,0.));
#3618=DIRECTION('center_axis',(0.,0.,-1.));
#3619=DIRECTION('ref_axis',(0.707106781186547,0.707106781186547,0.));
#3620=DIRECTION('',(-1.,0.,0.));
#3621=DIRECTION('',(1.,0.,0.));
#3622=DIRECTION('',(0.,-1.,0.));
#3623=DIRECTION('',(-1.,6.77396049405166E-33,0.));
#3624=DIRECTION('',(-1.14638687165907E-33,1.,0.));
#3625=DIRECTION('',(1.,0.,0.));
#3626=DIRECTION('center_axis',(0.,0.,-1.));
#3627=DIRECTION('ref_axis',(1.,0.,0.));
#3628=DIRECTION('center_axis',(0.,0.,-1.));
#3629=DIRECTION('ref_axis',(1.,0.,0.));
#3630=DIRECTION('center_axis',(0.,0.,-1.));
#3631=DIRECTION('ref_axis',(1.,0.,0.));
#3632=DIRECTION('center_axis',(0.,0.,-1.));
#3633=DIRECTION('ref_axis',(1.,0.,0.));
#3634=DIRECTION('center_axis',(0.,1.,0.));
#3635=DIRECTION('ref_axis',(-1.,0.,0.));
#3636=DIRECTION('',(0.,0.,1.));
#3637=DIRECTION('',(1.,0.,0.));
#3638=DIRECTION('',(0.,0.,-1.));
#3639=DIRECTION('center_axis',(0.,0.,1.));
#3640=DIRECTION('ref_axis',(-0.707106781186547,0.707106781186547,0.));
#3641=DIRECTION('center_axis',(0.,0.,1.));
#3642=DIRECTION('ref_axis',(-0.707106781186547,0.707106781186547,0.));
#3643=DIRECTION('',(0.,0.,1.));
#3644=DIRECTION('center_axis',(0.,0.,1.));
#3645=DIRECTION('ref_axis',(-0.707106781186547,-0.707106781186547,0.));
#3646=DIRECTION('',(0.,0.,-1.));
#3647=DIRECTION('center_axis',(0.,0.,1.));
#3648=DIRECTION('ref_axis',(-0.707106781186547,-0.707106781186547,0.));
#3649=DIRECTION('',(0.,0.,1.));
#3650=DIRECTION('center_axis',(0.,-1.,0.));
#3651=DIRECTION('ref_axis',(1.,0.,0.));
#3652=DIRECTION('',(-1.,0.,0.));
#3653=DIRECTION('',(0.,0.,-1.));
#3654=DIRECTION('center_axis',(0.,0.,1.));
#3655=DIRECTION('ref_axis',(1.,0.,0.));
#3656=DIRECTION('center_axis',(0.,0.,1.));
#3657=DIRECTION('ref_axis',(0.707106781186547,0.707106781186547,0.));
#3658=DIRECTION('',(0.,-1.,0.));
#3659=DIRECTION('center_axis',(0.,0.,1.));
#3660=DIRECTION('ref_axis',(0.707106781186547,-0.707106781186547,0.));
#3661=DIRECTION('',(0.,1.,0.));
#3662=DIRECTION('',(0.,1.,0.));
#3663=DIRECTION('',(-1.,0.,0.));
#3664=DIRECTION('',(0.,-1.,0.));
#3665=DIRECTION('',(1.,0.,0.));
#3666=DIRECTION('',(0.538513984853231,0.842616572420395,0.));
#3667=DIRECTION('',(-1.,0.,0.));
#3668=DIRECTION('',(-0.536696929861414,-0.843775091761622,0.));
#3669=DIRECTION('',(-1.,0.,0.));
#3670=DIRECTION('',(0.,1.,0.));
#3671=DIRECTION('',(-1.,0.,0.));
#3672=DIRECTION('',(0.,-1.,0.));
#3673=DIRECTION('',(1.,0.,0.));
#3674=DIRECTION('',(0.53851365730798,0.842616781753594,0.));
#3675=DIRECTION('',(-1.,0.,0.));
#3676=DIRECTION('',(-0.536696929861414,-0.843775091761622,0.));
#3677=DIRECTION('',(-1.,0.,0.));
#3678=DIRECTION('',(0.,1.,0.));
#3679=DIRECTION('',(-1.,0.,0.));
#3680=DIRECTION('',(0.,-1.,0.));
#3681=DIRECTION('',(1.,0.,0.));
#3682=DIRECTION('',(0.,1.,0.));
#3683=DIRECTION('',(0.707592684439855,-0.706620543804947,0.));
#3684=DIRECTION('',(1.,0.,0.));
#3685=DIRECTION('',(-0.719280669846357,0.694719596661398,0.));
#3686=DIRECTION('',(0.592884037201341,0.805287848183392,0.));
#3687=DIRECTION('',(-1.,0.,0.));
#3688=DIRECTION('',(-0.575383963152586,-0.817883423812235,0.));
#3689=DIRECTION('',(-0.716000742260187,0.698099518036549,0.));
#3690=DIRECTION('',(-0.340892388876064,0.940102323795857,0.));
#3691=DIRECTION('',(-1.,0.,0.));
#3692=DIRECTION('',(0.358509801102588,-0.93352596242064,0.));
#3693=DIRECTION('',(1.,0.,0.));
#3694=DIRECTION('',(0.378780434701297,0.925486565157753,0.));
#3695=DIRECTION('',(-1.,0.,0.));
#3696=DIRECTION('',(-0.359401529578064,-0.933183015563907,0.));
#3697=DIRECTION('',(-1.,0.,0.));
#3698=DIRECTION('',(0.,1.,0.));
#3699=DIRECTION('',(-1.,9.29837066917371E-17,0.));
#3700=DIRECTION('',(0.,-1.,0.));
#3701=DIRECTION('',(1.,0.,0.));
#3702=DIRECTION('',(0.,1.,0.));
#3703=DIRECTION('',(-1.,0.,0.));
#3704=DIRECTION('',(0.,1.,0.));
#3705=DIRECTION('',(1.,0.,0.));
#3706=DIRECTION('',(0.,1.,0.));
#3707=DIRECTION('',(-1.,0.,0.));
#3708=DIRECTION('',(0.,1.,0.));
#3709=DIRECTION('',(1.,-1.13026833861193E-16,0.));
#3710=DIRECTION('',(0.,1.,0.));
#3711=DIRECTION('',(-1.,9.29837252588194E-17,0.));
#3712=DIRECTION('',(0.,-1.,0.));
#3713=DIRECTION('',(1.,0.,0.));
#3714=DIRECTION('',(0.,1.,0.));
#3715=DIRECTION('',(-1.,0.,0.));
#3716=DIRECTION('',(0.,1.,0.));
#3717=DIRECTION('',(1.,0.,0.));
#3718=DIRECTION('',(0.,1.,0.));
#3719=DIRECTION('',(-1.,0.,0.));
#3720=DIRECTION('',(0.,1.,0.));
#3721=DIRECTION('',(1.,-1.13026888729707E-16,0.));
#3722=DIRECTION('',(0.996199619800988,-0.0870994690475547,0.));
#3723=DIRECTION('',(-0.997179290778196,0.0750563924199235,0.));
#3724=DIRECTION('center_axis',(0.,0.,1.));
#3725=DIRECTION('ref_axis',(-1.,0.,0.));
#3726=DIRECTION('center_axis',(0.,0.,-1.));
#3727=DIRECTION('ref_axis',(1.,0.,0.));
#3728=DIRECTION('center_axis',(0.,0.,-1.));
#3729=DIRECTION('ref_axis',(1.,0.,0.));
#3730=DIRECTION('center_axis',(0.,0.,-1.));
#3731=DIRECTION('ref_axis',(1.,0.,0.));
#3732=DIRECTION('center_axis',(0.,0.,-1.));
#3733=DIRECTION('ref_axis',(1.,0.,0.));
#3734=DIRECTION('center_axis',(0.,0.,1.));
#3735=DIRECTION('ref_axis',(0.707106781186547,-0.707106781186547,0.));
#3736=DIRECTION('',(0.,0.,1.));
#3737=DIRECTION('center_axis',(1.,0.,0.));
#3738=DIRECTION('ref_axis',(0.,1.,0.));
#3739=DIRECTION('',(0.,0.,-1.));
#3740=DIRECTION('center_axis',(0.,0.,1.));
#3741=DIRECTION('ref_axis',(0.707106781186547,0.707106781186547,0.));
#3742=DIRECTION('center_axis',(0.,1.,0.));
#3743=DIRECTION('ref_axis',(-1.,0.,0.));
#3744=DIRECTION('',(-1.,0.,0.));
#3745=DIRECTION('',(0.,0.,1.));
#3746=DIRECTION('',(-1.,0.,0.));
#3747=DIRECTION('',(0.,0.,1.));
#3748=DIRECTION('',(0.,0.,1.));
#3749=DIRECTION('',(0.,0.,1.));
#3750=DIRECTION('',(0.,0.,1.));
#3751=DIRECTION('',(0.,0.,1.));
#3752=DIRECTION('',(0.,0.,1.));
#3753=DIRECTION('center_axis',(0.,-1.,0.));
#3754=DIRECTION('ref_axis',(1.,0.,0.));
#3755=DIRECTION('',(1.,0.,0.));
#3756=DIRECTION('',(0.,0.,1.));
#3757=DIRECTION('',(1.,0.,0.));
#3758=DIRECTION('center_axis',(1.,0.,0.));
#3759=DIRECTION('ref_axis',(0.,1.,0.));
#3760=DIRECTION('',(0.,1.,0.));
#3761=DIRECTION('',(0.,1.,0.));
#3762=DIRECTION('center_axis',(1.,0.,0.));
#3763=DIRECTION('ref_axis',(0.,1.,0.));
#3764=DIRECTION('',(0.,0.,1.));
#3765=DIRECTION('',(0.,1.,0.));
#3766=DIRECTION('',(0.,0.,1.));
#3767=DIRECTION('center_axis',(0.,1.,0.));
#3768=DIRECTION('ref_axis',(-1.,0.,0.));
#3769=DIRECTION('',(0.,0.,1.));
#3770=DIRECTION('',(-1.,0.,0.));
#3771=DIRECTION('',(0.,0.,1.));
#3772=DIRECTION('',(0.,0.,1.));
#3773=DIRECTION('',(0.,0.,1.));
#3774=DIRECTION('',(0.,0.,1.));
#3775=DIRECTION('center_axis',(-0.843775091761621,0.536696929861414,0.));
#3776=DIRECTION('ref_axis',(-0.536696929861414,-0.843775091761622,0.));
#3777=DIRECTION('',(0.,0.,1.));
#3778=DIRECTION('',(-0.536696929861414,-0.843775091761622,0.));
#3779=DIRECTION('center_axis',(0.,1.,0.));
#3780=DIRECTION('ref_axis',(-1.,0.,0.));
#3781=DIRECTION('',(0.,0.,1.));
#3782=DIRECTION('',(-1.,0.,0.));
#3783=DIRECTION('center_axis',(0.842616572420395,-0.538513984853231,0.));
#3784=DIRECTION('ref_axis',(0.538513984853231,0.842616572420395,0.));
#3785=DIRECTION('',(0.,0.,1.));
#3786=DIRECTION('',(0.538513984853231,0.842616572420395,0.));
#3787=DIRECTION('',(0.,0.,1.));
#3788=DIRECTION('',(0.,0.,1.));
#3789=DIRECTION('',(0.,0.,1.));
#3790=DIRECTION('',(0.,0.,1.));
#3791=DIRECTION('',(0.,0.,1.));
#3792=DIRECTION('',(0.,0.,1.));
#3793=DIRECTION('',(0.,0.,1.));
#3794=DIRECTION('center_axis',(0.,-1.,0.));
#3795=DIRECTION('ref_axis',(1.,0.,0.));
#3796=DIRECTION('',(0.,0.,1.));
#3797=DIRECTION('',(1.,0.,0.));
#3798=DIRECTION('center_axis',(-1.,0.,0.));
#3799=DIRECTION('ref_axis',(0.,-1.,0.));
#3800=DIRECTION('',(0.,0.,1.));
#3801=DIRECTION('',(0.,-1.,0.));
#3802=DIRECTION('center_axis',(0.,1.,0.));
#3803=DIRECTION('ref_axis',(-1.,0.,0.));
#3804=DIRECTION('',(-1.,0.,0.));
#3805=DIRECTION('center_axis',(0.,0.,-1.));
#3806=DIRECTION('ref_axis',(1.,0.,0.));
#3807=DIRECTION('center_axis',(0.,1.,0.));
#3808=DIRECTION('ref_axis',(-1.,0.,0.));
#3809=DIRECTION('',(-1.,0.,0.));
#3810=DIRECTION('',(0.,0.,1.));
#3811=DIRECTION('',(-1.,0.,0.));
#3812=DIRECTION('',(0.,0.,1.));
#3813=DIRECTION('',(0.,0.,1.));
#3814=DIRECTION('',(0.,0.,1.));
#3815=DIRECTION('',(0.,0.,1.));
#3816=DIRECTION('',(0.,0.,1.));
#3817=DIRECTION('',(0.,0.,1.));
#3818=DIRECTION('center_axis',(0.,-1.,0.));
#3819=DIRECTION('ref_axis',(1.,0.,0.));
#3820=DIRECTION('',(1.,0.,0.));
#3821=DIRECTION('',(0.,0.,1.));
#3822=DIRECTION('',(1.,0.,0.));
#3823=DIRECTION('center_axis',(1.,0.,0.));
#3824=DIRECTION('ref_axis',(0.,1.,0.));
#3825=DIRECTION('',(0.,1.,0.));
#3826=DIRECTION('',(0.,1.,0.));
#3827=DIRECTION('center_axis',(1.,0.,0.));
#3828=DIRECTION('ref_axis',(0.,1.,0.));
#3829=DIRECTION('',(0.,0.,1.));
#3830=DIRECTION('',(0.,1.,0.));
#3831=DIRECTION('',(0.,0.,1.));
#3832=DIRECTION('center_axis',(0.,1.,0.));
#3833=DIRECTION('ref_axis',(-1.,0.,0.));
#3834=DIRECTION('',(0.,0.,1.));
#3835=DIRECTION('',(-1.,0.,0.));
#3836=DIRECTION('',(0.,0.,1.));
#3837=DIRECTION('',(0.,0.,1.));
#3838=DIRECTION('',(0.,0.,1.));
#3839=DIRECTION('',(0.,0.,1.));
#3840=DIRECTION('center_axis',(-0.843775091761621,0.536696929861414,0.));
#3841=DIRECTION('ref_axis',(-0.536696929861414,-0.843775091761622,0.));
#3842=DIRECTION('',(0.,0.,1.));
#3843=DIRECTION('',(-0.536696929861414,-0.843775091761622,0.));
#3844=DIRECTION('center_axis',(0.,1.,0.));
#3845=DIRECTION('ref_axis',(-1.,0.,0.));
#3846=DIRECTION('',(0.,0.,1.));
#3847=DIRECTION('',(-1.,0.,0.));
#3848=DIRECTION('center_axis',(0.842616781753594,-0.53851365730798,0.));
#3849=DIRECTION('ref_axis',(0.53851365730798,0.842616781753594,0.));
#3850=DIRECTION('',(0.,0.,1.));
#3851=DIRECTION('',(0.53851365730798,0.842616781753594,0.));
#3852=DIRECTION('',(0.,0.,1.));
#3853=DIRECTION('',(0.,0.,1.));
#3854=DIRECTION('',(0.,0.,1.));
#3855=DIRECTION('',(0.,0.,1.));
#3856=DIRECTION('',(0.,0.,1.));
#3857=DIRECTION('',(0.,0.,1.));
#3858=DIRECTION('',(0.,0.,1.));
#3859=DIRECTION('center_axis',(0.,-1.,0.));
#3860=DIRECTION('ref_axis',(1.,0.,0.));
#3861=DIRECTION('',(0.,0.,1.));
#3862=DIRECTION('',(1.,0.,0.));
#3863=DIRECTION('center_axis',(-1.,0.,0.));
#3864=DIRECTION('ref_axis',(0.,-1.,0.));
#3865=DIRECTION('',(0.,0.,1.));
#3866=DIRECTION('',(0.,-1.,0.));
#3867=DIRECTION('center_axis',(0.,1.,0.));
#3868=DIRECTION('ref_axis',(-1.,0.,0.));
#3869=DIRECTION('',(-1.,0.,0.));
#3870=DIRECTION('center_axis',(0.,0.,-1.));
#3871=DIRECTION('ref_axis',(1.,0.,0.));
#3872=DIRECTION('center_axis',(1.,0.,0.));
#3873=DIRECTION('ref_axis',(0.,1.,0.));
#3874=DIRECTION('',(0.,0.,1.));
#3875=DIRECTION('',(0.,1.,0.));
#3876=DIRECTION('',(0.,0.,1.));
#3877=DIRECTION('center_axis',(0.698099518036549,0.716000742260187,0.));
#3878=DIRECTION('ref_axis',(-0.716000742260187,0.698099518036549,0.));
#3879=DIRECTION('',(0.,0.,1.));
#3880=DIRECTION('',(-0.716000742260187,0.698099518036549,0.));
#3881=DIRECTION('center_axis',(-0.817883423812235,0.575383963152586,0.));
#3882=DIRECTION('ref_axis',(-0.575383963152586,-0.817883423812235,0.));
#3883=DIRECTION('',(0.,0.,1.));
#3884=DIRECTION('',(-0.575383963152586,-0.817883423812235,0.));
#3885=DIRECTION('center_axis',(0.,1.,0.));
#3886=DIRECTION('ref_axis',(-1.,0.,0.));
#3887=DIRECTION('',(0.,0.,1.));
#3888=DIRECTION('',(-1.,0.,0.));
#3889=DIRECTION('center_axis',(0.805287848183392,-0.592884037201341,0.));
#3890=DIRECTION('ref_axis',(0.592884037201341,0.805287848183392,0.));
#3891=DIRECTION('',(0.,0.,1.));
#3892=DIRECTION('',(0.592884037201341,0.805287848183392,0.));
#3893=DIRECTION('center_axis',(0.694719596661398,0.719280669846357,0.));
#3894=DIRECTION('ref_axis',(-0.719280669846357,0.694719596661398,0.));
#3895=DIRECTION('',(0.,0.,1.));
#3896=DIRECTION('',(-0.719280669846357,0.694719596661398,0.));
#3897=DIRECTION('center_axis',(0.,-1.,0.));
#3898=DIRECTION('ref_axis',(1.,0.,0.));
#3899=DIRECTION('',(0.,0.,1.));
#3900=DIRECTION('',(1.,0.,0.));
#3901=DIRECTION('center_axis',(-0.706620543804947,-0.707592684439855,0.));
#3902=DIRECTION('ref_axis',(0.707592684439855,-0.706620543804947,0.));
#3903=DIRECTION('',(0.,0.,1.));
#3904=DIRECTION('',(0.707592684439855,-0.706620543804947,0.));
#3905=DIRECTION('center_axis',(1.,0.,0.));
#3906=DIRECTION('ref_axis',(0.,1.,0.));
#3907=DIRECTION('',(0.,0.,1.));
#3908=DIRECTION('',(0.,1.,0.));
#3909=DIRECTION('center_axis',(0.,-1.,0.));
#3910=DIRECTION('ref_axis',(1.,0.,0.));
#3911=DIRECTION('',(0.,0.,1.));
#3912=DIRECTION('',(1.,0.,0.));
#3913=DIRECTION('center_axis',(-1.,0.,0.));
#3914=DIRECTION('ref_axis',(0.,-1.,0.));
#3915=DIRECTION('',(0.,0.,1.));
#3916=DIRECTION('',(0.,-1.,0.));
#3917=DIRECTION('center_axis',(0.,1.,0.));
#3918=DIRECTION('ref_axis',(-1.,0.,0.));
#3919=DIRECTION('',(-1.,0.,0.));
#3920=DIRECTION('center_axis',(0.,0.,1.));
#3921=DIRECTION('ref_axis',(1.,0.,0.));
#3922=DIRECTION('',(0.,0.,1.));
#3923=DIRECTION('',(0.,0.,1.));
#3924=DIRECTION('',(0.,0.,1.));
#3925=DIRECTION('center_axis',(-0.935759930676716,0.352637706633745,0.));
#3926=DIRECTION('ref_axis',(-0.352637706633745,-0.935759930676716,0.));
#3927=DIRECTION('',(-0.352637706633745,-0.935759930676716,0.));
#3928=DIRECTION('',(0.,0.,1.));
#3929=DIRECTION('',(-0.352637706633745,-0.935759930676716,0.));
#3930=DIRECTION('center_axis',(0.,-1.,0.));
#3931=DIRECTION('ref_axis',(1.,0.,0.));
#3932=DIRECTION('',(1.,0.,0.));
#3933=DIRECTION('',(0.,0.,1.));
#3934=DIRECTION('',(1.,0.,0.));
#3935=DIRECTION('center_axis',(0.936507948849727,0.350646348535497,0.));
#3936=DIRECTION('ref_axis',(-0.350646348535496,0.936507948849727,0.));
#3937=DIRECTION('',(-0.350646348535496,0.936507948849727,0.));
#3938=DIRECTION('',(-0.350646348535496,0.936507948849727,0.));
#3939=DIRECTION('center_axis',(0.940102323795857,0.340892388876064,0.));
#3940=DIRECTION('ref_axis',(-0.340892388876064,0.940102323795857,0.));
#3941=DIRECTION('',(0.,0.,1.));
#3942=DIRECTION('',(-0.340892388876064,0.940102323795857,0.));
#3943=DIRECTION('',(0.,0.,1.));
#3944=DIRECTION('center_axis',(0.,1.,0.));
#3945=DIRECTION('ref_axis',(-1.,0.,0.));
#3946=DIRECTION('',(0.,0.,1.));
#3947=DIRECTION('',(-1.,0.,0.));
#3948=DIRECTION('center_axis',(-0.933183015563908,0.359401529578064,0.));
#3949=DIRECTION('ref_axis',(-0.359401529578064,-0.933183015563907,0.));
#3950=DIRECTION('',(0.,0.,1.));
#3951=DIRECTION('',(-0.359401529578064,-0.933183015563907,0.));
#3952=DIRECTION('center_axis',(0.,1.,0.));
#3953=DIRECTION('ref_axis',(-1.,0.,0.));
#3954=DIRECTION('',(0.,0.,1.));
#3955=DIRECTION('',(-1.,0.,0.));
#3956=DIRECTION('center_axis',(0.925486565157753,-0.378780434701297,0.));
#3957=DIRECTION('ref_axis',(0.378780434701297,0.925486565157753,0.));
#3958=DIRECTION('',(0.,0.,1.));
#3959=DIRECTION('',(0.378780434701297,0.925486565157753,0.));
#3960=DIRECTION('center_axis',(0.,-1.,0.));
#3961=DIRECTION('ref_axis',(1.,0.,0.));
#3962=DIRECTION('',(0.,0.,1.));
#3963=DIRECTION('',(1.,0.,0.));
#3964=DIRECTION('center_axis',(-0.93352596242064,-0.358509801102588,0.));
#3965=DIRECTION('ref_axis',(0.358509801102588,-0.93352596242064,0.));
#3966=DIRECTION('',(0.,0.,1.));
#3967=DIRECTION('',(0.358509801102588,-0.93352596242064,0.));
#3968=DIRECTION('center_axis',(0.,1.,0.));
#3969=DIRECTION('ref_axis',(-1.,0.,0.));
#3970=DIRECTION('',(-1.,0.,0.));
#3971=DIRECTION('center_axis',(0.,0.,-1.));
#3972=DIRECTION('ref_axis',(1.,0.,0.));
#3973=DIRECTION('center_axis',(1.,0.,0.));
#3974=DIRECTION('ref_axis',(0.,1.,0.));
#3975=DIRECTION('',(0.,0.,1.));
#3976=DIRECTION('',(0.,1.,0.));
#3977=DIRECTION('',(0.,0.,1.));
#3978=DIRECTION('center_axis',(-1.13026833861193E-16,-1.,0.));
#3979=DIRECTION('ref_axis',(1.,-1.13026833861193E-16,0.));
#3980=DIRECTION('',(0.,0.,1.));
#3981=DIRECTION('',(1.,-1.13026833861193E-16,0.));
#3982=DIRECTION('center_axis',(1.,0.,0.));
#3983=DIRECTION('ref_axis',(0.,1.,0.));
#3984=DIRECTION('',(0.,0.,1.));
#3985=DIRECTION('',(0.,1.,0.));
#3986=DIRECTION('center_axis',(0.,1.,0.));
#3987=DIRECTION('ref_axis',(-1.,0.,0.));
#3988=DIRECTION('',(0.,0.,1.));
#3989=DIRECTION('',(-1.,0.,0.));
#3990=DIRECTION('center_axis',(1.,0.,0.));
#3991=DIRECTION('ref_axis',(0.,1.,0.));
#3992=DIRECTION('',(0.,0.,1.));
#3993=DIRECTION('',(0.,1.,0.));
#3994=DIRECTION('center_axis',(0.,-1.,0.));
#3995=DIRECTION('ref_axis',(1.,0.,0.));
#3996=DIRECTION('',(0.,0.,1.));
#3997=DIRECTION('',(1.,0.,0.));
#3998=DIRECTION('center_axis',(1.,0.,0.));
#3999=DIRECTION('ref_axis',(0.,1.,0.));
#4000=DIRECTION('',(0.,0.,1.));
#4001=DIRECTION('',(0.,1.,0.));
#4002=DIRECTION('center_axis',(0.,1.,0.));
#4003=DIRECTION('ref_axis',(-1.,0.,0.));
#4004=DIRECTION('',(0.,0.,1.));
#4005=DIRECTION('',(-1.,0.,0.));
#4006=DIRECTION('center_axis',(1.,0.,0.));
#4007=DIRECTION('ref_axis',(0.,1.,0.));
#4008=DIRECTION('',(0.,0.,1.));
#4009=DIRECTION('',(0.,1.,0.));
#4010=DIRECTION('center_axis',(0.,-1.,0.));
#4011=DIRECTION('ref_axis',(1.,0.,0.));
#4012=DIRECTION('',(0.,0.,1.));
#4013=DIRECTION('',(1.,0.,0.));
#4014=DIRECTION('center_axis',(-1.,0.,0.));
#4015=DIRECTION('ref_axis',(0.,-1.,0.));
#4016=DIRECTION('',(0.,0.,1.));
#4017=DIRECTION('',(0.,-1.,0.));
#4018=DIRECTION('center_axis',(9.29837066917371E-17,1.,0.));
#4019=DIRECTION('ref_axis',(-1.,9.29837066917371E-17,0.));
#4020=DIRECTION('',(-1.,9.29837066917371E-17,0.));
#4021=DIRECTION('center_axis',(0.,0.,1.));
#4022=DIRECTION('ref_axis',(1.,0.,0.));
#4023=DIRECTION('center_axis',(1.,0.,0.));
#4024=DIRECTION('ref_axis',(0.,1.,0.));
#4025=DIRECTION('',(0.,0.,1.));
#4026=DIRECTION('',(0.,1.,0.));
#4027=DIRECTION('',(0.,0.,1.));
#4028=DIRECTION('center_axis',(-1.13026888729707E-16,-1.,0.));
#4029=DIRECTION('ref_axis',(1.,-1.13026888729707E-16,0.));
#4030=DIRECTION('',(0.,0.,1.));
#4031=DIRECTION('',(1.,-1.13026888729707E-16,0.));
#4032=DIRECTION('center_axis',(1.,0.,0.));
#4033=DIRECTION('ref_axis',(0.,1.,0.));
#4034=DIRECTION('',(0.,0.,1.));
#4035=DIRECTION('',(0.,1.,0.));
#4036=DIRECTION('center_axis',(0.,1.,0.));
#4037=DIRECTION('ref_axis',(-1.,0.,0.));
#4038=DIRECTION('',(0.,0.,1.));
#4039=DIRECTION('',(-1.,0.,0.));
#4040=DIRECTION('center_axis',(1.,0.,0.));
#4041=DIRECTION('ref_axis',(0.,1.,0.));
#4042=DIRECTION('',(0.,0.,1.));
#4043=DIRECTION('',(0.,1.,0.));
#4044=DIRECTION('center_axis',(0.,-1.,0.));
#4045=DIRECTION('ref_axis',(1.,0.,0.));
#4046=DIRECTION('',(0.,0.,1.));
#4047=DIRECTION('',(1.,0.,0.));
#4048=DIRECTION('center_axis',(1.,0.,0.));
#4049=DIRECTION('ref_axis',(0.,1.,0.));
#4050=DIRECTION('',(0.,0.,1.));
#4051=DIRECTION('',(0.,1.,0.));
#4052=DIRECTION('center_axis',(0.,1.,0.));
#4053=DIRECTION('ref_axis',(-1.,0.,0.));
#4054=DIRECTION('',(0.,0.,1.));
#4055=DIRECTION('',(-1.,0.,0.));
#4056=DIRECTION('center_axis',(1.,0.,0.));
#4057=DIRECTION('ref_axis',(0.,1.,0.));
#4058=DIRECTION('',(0.,0.,1.));
#4059=DIRECTION('',(0.,1.,0.));
#4060=DIRECTION('center_axis',(0.,-1.,0.));
#4061=DIRECTION('ref_axis',(1.,0.,0.));
#4062=DIRECTION('',(0.,0.,1.));
#4063=DIRECTION('',(1.,0.,0.));
#4064=DIRECTION('center_axis',(-1.,0.,0.));
#4065=DIRECTION('ref_axis',(0.,-1.,0.));
#4066=DIRECTION('',(0.,0.,1.));
#4067=DIRECTION('',(0.,-1.,0.));
#4068=DIRECTION('center_axis',(9.29837252588194E-17,1.,0.));
#4069=DIRECTION('ref_axis',(-1.,9.29837252588194E-17,0.));
#4070=DIRECTION('',(-1.,9.29837252588194E-17,0.));
#4071=DIRECTION('center_axis',(0.,0.,1.));
#4072=DIRECTION('ref_axis',(1.,0.,0.));
#4073=DIRECTION('',(0.,0.,1.));
#4074=DIRECTION('',(0.,0.,1.));
#4075=DIRECTION('',(0.,0.,1.));
#4076=DIRECTION('',(0.,0.,1.));
#4077=DIRECTION('',(0.,0.,1.));
#4078=DIRECTION('',(0.,0.,1.));
#4079=DIRECTION('',(0.,0.,1.));
#4080=DIRECTION('',(0.,0.,1.));
#4081=DIRECTION('',(0.,0.,1.));
#4082=DIRECTION('',(0.,0.,1.));
#4083=DIRECTION('',(0.,0.,1.));
#4084=DIRECTION('',(0.,0.,1.));
#4085=DIRECTION('',(0.,0.,1.));
#4086=DIRECTION('',(0.,0.,1.));
#4087=DIRECTION('',(0.,0.,1.));
#4088=DIRECTION('center_axis',(0.0750563924199235,0.997179290778196,0.));
#4089=DIRECTION('ref_axis',(-0.997179290778196,0.0750563924199235,0.));
#4090=DIRECTION('',(0.,0.,1.));
#4091=DIRECTION('',(-0.997179290778196,0.0750563924199235,0.));
#4092=DIRECTION('',(0.,0.,1.));
#4093=DIRECTION('',(0.,0.,1.));
#4094=DIRECTION('',(0.,0.,1.));
#4095=DIRECTION('',(0.,0.,1.));
#4096=DIRECTION('',(0.,0.,1.));
#4097=DIRECTION('',(0.,0.,1.));
#4098=DIRECTION('',(0.,0.,1.));
#4099=DIRECTION('',(0.,0.,1.));
#4100=DIRECTION('',(0.,0.,1.));
#4101=DIRECTION('',(0.,0.,1.));
#4102=DIRECTION('',(0.,0.,1.));
#4103=DIRECTION('',(0.,0.,1.));
#4104=DIRECTION('',(0.,0.,1.));
#4105=DIRECTION('',(0.,0.,1.));
#4106=DIRECTION('',(0.,0.,1.));
#4107=DIRECTION('',(0.,0.,1.));
#4108=DIRECTION('',(0.,0.,1.));
#4109=DIRECTION('',(0.,0.,1.));
#4110=DIRECTION('center_axis',(-0.0870994690475547,-0.996199619800989,0.));
#4111=DIRECTION('ref_axis',(0.996199619800988,-0.0870994690475547,0.));
#4112=DIRECTION('',(0.,0.,1.));
#4113=DIRECTION('',(0.996199619800988,-0.0870994690475547,0.));
#4114=DIRECTION('center_axis',(0.,0.,-1.));
#4115=DIRECTION('ref_axis',(1.,0.,0.));
#4116=DIRECTION('center_axis',(0.,0.,1.));
#4117=DIRECTION('ref_axis',(1.,0.,0.));
#4118=DIRECTION('center_axis',(0.,0.,1.));
#4119=DIRECTION('ref_axis',(1.,0.,0.));
#4120=DIRECTION('center_axis',(0.,0.,-1.));
#4121=DIRECTION('ref_axis',(-1.,0.,0.));
#4122=DIRECTION('center_axis',(0.,0.,-1.));
#4123=DIRECTION('ref_axis',(-1.,0.,0.));
#4124=DIRECTION('',(0.,0.,-1.));
#4125=DIRECTION('center_axis',(0.,0.,1.));
#4126=DIRECTION('ref_axis',(-1.,0.,0.));
#4127=DIRECTION('center_axis',(0.,0.,1.));
#4128=DIRECTION('ref_axis',(-1.,0.,0.));
#4129=DIRECTION('',(0.,0.,-1.));
#4130=DIRECTION('center_axis',(0.,0.,-1.));
#4131=DIRECTION('ref_axis',(-1.,0.,0.));
#4132=DIRECTION('center_axis',(0.,0.,1.));
#4133=DIRECTION('ref_axis',(-1.,0.,0.));
#4134=DIRECTION('center_axis',(0.,0.,1.));
#4135=DIRECTION('ref_axis',(-1.,0.,0.));
#4136=DIRECTION('center_axis',(0.,0.,1.));
#4137=DIRECTION('ref_axis',(-1.,0.,0.));
#4138=DIRECTION('',(0.,0.,-1.));
#4139=DIRECTION('center_axis',(0.,0.,-1.));
#4140=DIRECTION('ref_axis',(-1.,0.,0.));
#4141=DIRECTION('center_axis',(0.,0.,1.));
#4142=DIRECTION('ref_axis',(-1.,0.,0.));
#4143=DIRECTION('center_axis',(0.,0.,1.));
#4144=DIRECTION('ref_axis',(-1.,0.,0.));
#4145=DIRECTION('center_axis',(0.,0.,1.));
#4146=DIRECTION('ref_axis',(-1.,0.,0.));
#4147=DIRECTION('',(0.,0.,-1.));
#4148=DIRECTION('center_axis',(0.,0.,-1.));
#4149=DIRECTION('ref_axis',(-1.,0.,0.));
#4150=DIRECTION('center_axis',(0.,0.,1.));
#4151=DIRECTION('ref_axis',(-1.,0.,0.));
#4152=DIRECTION('center_axis',(0.,0.,1.));
#4153=DIRECTION('ref_axis',(-1.,0.,0.));
#4154=DIRECTION('center_axis',(0.,0.,1.));
#4155=DIRECTION('ref_axis',(-1.,0.,0.));
#4156=DIRECTION('',(0.,0.,-1.));
#4157=DIRECTION('center_axis',(0.,0.,-1.));
#4158=DIRECTION('ref_axis',(-1.,0.,0.));
#4159=DIRECTION('center_axis',(0.,0.,1.));
#4160=DIRECTION('ref_axis',(-1.,0.,0.));
#4161=DIRECTION('center_axis',(0.,0.,1.));
#4162=DIRECTION('ref_axis',(-1.,0.,0.));
#4163=DIRECTION('center_axis',(0.,0.,1.));
#4164=DIRECTION('ref_axis',(-1.,0.,0.));
#4165=DIRECTION('',(0.,0.,-1.));
#4166=DIRECTION('center_axis',(0.,0.,-1.));
#4167=DIRECTION('ref_axis',(-1.,0.,0.));
#4168=DIRECTION('center_axis',(0.,0.,1.));
#4169=DIRECTION('ref_axis',(1.,0.,0.));
#4170=DIRECTION('center_axis',(0.,0.,1.));
#4171=DIRECTION('ref_axis',(-1.,0.,0.));
#4172=DIRECTION('center_axis',(0.,0.,1.));
#4173=DIRECTION('ref_axis',(-1.,0.,0.));
#4174=DIRECTION('',(0.,0.,-1.));
#4175=DIRECTION('center_axis',(0.,0.,-1.));
#4176=DIRECTION('ref_axis',(-1.,0.,0.));
#4177=DIRECTION('center_axis',(0.,0.,1.));
#4178=DIRECTION('ref_axis',(1.,0.,0.));
#4179=DIRECTION('center_axis',(-1.,0.,0.));
#4180=DIRECTION('ref_axis',(0.,-1.,0.));
#4181=DIRECTION('',(0.,1.,0.));
#4182=DIRECTION('',(0.,0.,1.));
#4183=DIRECTION('',(0.,0.,1.));
#4184=DIRECTION('center_axis',(6.77396049405166E-33,1.,0.));
#4185=DIRECTION('ref_axis',(-1.,6.77396049405166E-33,0.));
#4186=DIRECTION('',(1.,-6.77396049405166E-33,0.));
#4187=DIRECTION('',(0.,0.,1.));
#4188=DIRECTION('center_axis',(0.,-1.,0.));
#4189=DIRECTION('ref_axis',(1.,0.,0.));
#4190=DIRECTION('',(0.,0.,1.));
#4191=DIRECTION('',(-1.,0.,0.));
#4192=DIRECTION('center_axis',(1.,1.14638687165907E-33,0.));
#4193=DIRECTION('ref_axis',(-1.14638687165907E-33,1.,0.));
#4194=DIRECTION('',(1.14638687165907E-33,-1.,0.));
#4195=DIRECTION('center_axis',(0.,0.,1.));
#4196=DIRECTION('ref_axis',(1.,0.,0.));
#4197=DIRECTION('',(0.,0.,-1.));
#4198=DIRECTION('center_axis',(0.,0.,1.));
#4199=DIRECTION('ref_axis',(1.,0.,0.));
#4200=DIRECTION('',(0.,0.,-1.));
#4201=DIRECTION('center_axis',(0.,0.,1.));
#4202=DIRECTION('ref_axis',(1.,0.,0.));
#4203=DIRECTION('',(0.,0.,-1.));
#4204=DIRECTION('center_axis',(0.,0.,1.));
#4205=DIRECTION('ref_axis',(1.,0.,0.));
#4206=DIRECTION('',(0.,0.,-1.));
#4207=DIRECTION('center_axis',(-1.,0.,0.));
#4208=DIRECTION('ref_axis',(0.,-1.,0.));
#4209=DIRECTION('center_axis',(0.,0.,1.));
#4210=DIRECTION('ref_axis',(1.,0.,0.));
#4211=DIRECTION('center_axis',(0.,0.,1.));
#4212=DIRECTION('ref_axis',(1.,0.,0.));
#4213=CARTESIAN_POINT('',(0.,0.,0.));
#4214=CARTESIAN_POINT('Origin',(54.5,52.0000001490116,18.));
#4215=CARTESIAN_POINT('',(54.5,52.0000001490116,18.));
#4216=CARTESIAN_POINT('',(54.5,42.,18.));
#4217=CARTESIAN_POINT('',(54.5,36.5000000745058,18.));
#4218=CARTESIAN_POINT('',(54.5,52.0000001490116,11.));
#4219=CARTESIAN_POINT('',(54.5,52.,9.));
#4220=CARTESIAN_POINT('',(54.5,42.,11.));
#4221=CARTESIAN_POINT('',(54.5,42.,11.));
#4222=CARTESIAN_POINT('',(54.5,42.,9.));
#4223=CARTESIAN_POINT('Origin',(37.,42.,18.));
#4224=CARTESIAN_POINT('',(37.,42.,18.));
#4225=CARTESIAN_POINT('',(37.,52.0000001490116,18.));
#4226=CARTESIAN_POINT('',(37.,31.5,18.));
#4227=CARTESIAN_POINT('',(37.,42.,11.));
#4228=CARTESIAN_POINT('',(37.,42.,9.));
#4229=CARTESIAN_POINT('',(37.,52.0000001490116,11.));
#4230=CARTESIAN_POINT('',(37.,52.0000001490116,11.));
#4231=CARTESIAN_POINT('',(37.,52.,9.));
#4232=CARTESIAN_POINT('Origin',(45.75,47.0000000745058,11.));
#4233=CARTESIAN_POINT('',(22.875,42.,11.));
#4234=CARTESIAN_POINT('',(56.875,52.,11.));
#4235=CARTESIAN_POINT('Origin',(29.,21.,18.));
#4236=CARTESIAN_POINT('',(-5.,52.,18.));
#4237=CARTESIAN_POINT('',(-10.,52.,18.));
#4238=CARTESIAN_POINT('',(-10.,47.,18.));
#4239=CARTESIAN_POINT('Origin',(-5.,47.,18.));
#4240=CARTESIAN_POINT('',(-10.,-5.,18.));
#4241=CARTESIAN_POINT('',(-10.,-10.,18.));
#4242=CARTESIAN_POINT('',(-5.,-10.,18.));
#4243=CARTESIAN_POINT('Origin',(-5.,-5.,18.));
#4244=CARTESIAN_POINT('',(63.,-10.,18.));
#4245=CARTESIAN_POINT('',(68.,-10.,18.));
#4246=CARTESIAN_POINT('',(68.,-5.,18.));
#4247=CARTESIAN_POINT('Origin',(63.,-5.,18.));
#4248=CARTESIAN_POINT('',(68.,47.,18.));
#4249=CARTESIAN_POINT('',(68.,52.,18.));
#4250=CARTESIAN_POINT('',(63.,52.,18.));
#4251=CARTESIAN_POINT('Origin',(63.,47.,18.));
#4252=CARTESIAN_POINT('',(-10.,52.,18.));
#4253=CARTESIAN_POINT('',(58.,42.,18.));
#4254=CARTESIAN_POINT('',(58.,42.,18.));
#4255=CARTESIAN_POINT('',(58.,0.,18.));
#4256=CARTESIAN_POINT('',(58.,-3.92889708654996E-31,18.));
#4257=CARTESIAN_POINT('',(0.,0.,18.));
#4258=CARTESIAN_POINT('',(0.,0.,18.));
#4259=CARTESIAN_POINT('',(0.,42.,18.));
#4260=CARTESIAN_POINT('',(-4.81482486096809E-32,42.,18.));
#4261=CARTESIAN_POINT('',(58.,42.,18.));
#4262=CARTESIAN_POINT('',(61.55,47.,18.));
#4263=CARTESIAN_POINT('Origin',(63.,47.,18.));
#4264=CARTESIAN_POINT('',(-6.45,-5.,18.));
#4265=CARTESIAN_POINT('Origin',(-5.,-5.,18.));
#4266=CARTESIAN_POINT('',(-6.45,47.,18.));
#4267=CARTESIAN_POINT('Origin',(-5.,47.,18.));
#4268=CARTESIAN_POINT('',(61.55,-5.,18.));
#4269=CARTESIAN_POINT('Origin',(63.,-5.,18.));
#4270=CARTESIAN_POINT('Origin',(68.,52.,0.));
#4271=CARTESIAN_POINT('',(63.,52.,0.));
#4272=CARTESIAN_POINT('',(63.,52.,0.));
#4273=CARTESIAN_POINT('',(-5.,52.,0.));
#4274=CARTESIAN_POINT('',(-10.,52.,0.));
#4275=CARTESIAN_POINT('',(-5.,52.,0.));
#4276=CARTESIAN_POINT('Origin',(-5.,47.,0.));
#4277=CARTESIAN_POINT('',(-10.,47.,0.));
#4278=CARTESIAN_POINT('Origin',(-5.,47.,0.));
#4279=CARTESIAN_POINT('',(-10.,47.,0.));
#4280=CARTESIAN_POINT('Origin',(-5.,-5.,0.));
#4281=CARTESIAN_POINT('',(-10.,-5.,0.));
#4282=CARTESIAN_POINT('',(-10.,-5.,0.));
#4283=CARTESIAN_POINT('',(-5.,-10.,0.));
#4284=CARTESIAN_POINT('Origin',(-5.,-5.,0.));
#4285=CARTESIAN_POINT('',(-5.,-10.,0.));
#4286=CARTESIAN_POINT('Origin',(-10.,-10.,0.));
#4287=CARTESIAN_POINT('',(63.,-10.,0.));
#4288=CARTESIAN_POINT('',(68.,-10.,0.));
#4289=CARTESIAN_POINT('',(63.,-10.,0.));
#4290=CARTESIAN_POINT('Origin',(29.,21.,0.));
#4291=CARTESIAN_POINT('',(68.,47.,0.));
#4292=CARTESIAN_POINT('Origin',(63.,47.,0.));
#4293=CARTESIAN_POINT('',(68.,-5.,0.));
#4294=CARTESIAN_POINT('',(68.,52.,0.));
#4295=CARTESIAN_POINT('Origin',(63.,-5.,0.));
#4296=CARTESIAN_POINT('',(-10.,-10.,0.));
#4297=CARTESIAN_POINT('',(5.84674532289284,-3.66803891634673,0.));
#4298=CARTESIAN_POINT('',(5.84674532289284,-1.8917769906494,0.));
#4299=CARTESIAN_POINT('',(5.84674532289284,8.66598054182664,0.));
#4300=CARTESIAN_POINT('',(5.31741375798958,-1.8917769906494,0.));
#4301=CARTESIAN_POINT('',(17.4233726614464,-1.8917769906494,0.));
#4302=CARTESIAN_POINT('',(5.31741375798958,-5.89177705025405,0.));
#4303=CARTESIAN_POINT('',(5.31741375798958,9.5541115046753,0.));
#4304=CARTESIAN_POINT('',(7.09094728107232,-5.89177705025405,0.));
#4305=CARTESIAN_POINT('',(17.1587068789948,-5.89177705025405,0.));
#4306=CARTESIAN_POINT('',(7.9040440427758,-5.78400052761764,0.));
#4307=CARTESIAN_POINT('Ctrl Pts',(7.09094728107231,-5.89177705025405,0.));
#4308=CARTESIAN_POINT('Ctrl Pts',(7.24896681342378,-5.89056114336667,0.));
#4309=CARTESIAN_POINT('Ctrl Pts',(7.52491771072779,-5.88843779448936,0.));
#4310=CARTESIAN_POINT('Ctrl Pts',(7.79053071630174,-5.81526984490939,0.));
#4311=CARTESIAN_POINT('Ctrl Pts',(7.9040440427758,-5.78400052761764,0.));
#4312=CARTESIAN_POINT('',(8.3487918483712,-5.40337301468581,0.));
#4313=CARTESIAN_POINT('Ctrl Pts',(7.9040440427758,-5.78400052761764,0.));
#4314=CARTESIAN_POINT('Ctrl Pts',(7.99264508063887,-5.74037946326267,0.));
#4315=CARTESIAN_POINT('Ctrl Pts',(8.17319656491121,-5.65148831588129,0.));
#4316=CARTESIAN_POINT('Ctrl Pts',(8.28954065458654,-5.48709466997401,0.));
#4317=CARTESIAN_POINT('Ctrl Pts',(8.3487918483712,-5.40337301468581,0.));
#4318=CARTESIAN_POINT('',(8.51523066634911,-4.80037189697951,0.));
#4319=CARTESIAN_POINT('Ctrl Pts',(8.3487918483712,-5.40337301468581,0.));
#4320=CARTESIAN_POINT('Ctrl Pts',(8.39733563903051,-5.30957055462933,0.));
#4321=CARTESIAN_POINT('Ctrl Pts',(8.49526360249686,-5.12034174170177,0.));
#4322=CARTESIAN_POINT('Ctrl Pts',(8.50853700921621,-4.90763696355543,0.));
#4323=CARTESIAN_POINT('Ctrl Pts',(8.51523066634911,-4.80037189697951,0.));
#4324=CARTESIAN_POINT('',(8.23965097541588,-4.08277280306548,0.));
#4325=CARTESIAN_POINT('Ctrl Pts',(8.51523066634911,-4.80037189697951,0.));
#4326=CARTESIAN_POINT('Ctrl Pts',(8.50451458330151,-4.66488120334416,0.));
#4327=CARTESIAN_POINT('Ctrl Pts',(8.48342572280888,-4.39824046125291,0.));
#4328=CARTESIAN_POINT('Ctrl Pts',(8.3200225443226,-4.18678124076873,0.));
#4329=CARTESIAN_POINT('Ctrl Pts',(8.23965097541588,-4.08277280306548,0.));
#4330=CARTESIAN_POINT('',(7.38835478896874,-3.71169514631957,0.));
#4331=CARTESIAN_POINT('Ctrl Pts',(8.23965097541588,-4.08277280306548,0.));
#4332=CARTESIAN_POINT('Ctrl Pts',(8.12724357928579,-3.99340886714442,0.));
#4333=CARTESIAN_POINT('Ctrl Pts',(7.87759992460901,-3.7949420373122,0.));
#4334=CARTESIAN_POINT('Ctrl Pts',(7.56190262547442,-3.74122496026179,0.));
#4335=CARTESIAN_POINT('Ctrl Pts',(7.38835478896874,-3.71169514631957,0.));
#4336=CARTESIAN_POINT('',(7.70759130592125,-3.5125137088272,0.));
#4337=CARTESIAN_POINT('Ctrl Pts',(7.38835478896874,-3.71169514631957,0.));
#4338=CARTESIAN_POINT('Ctrl Pts',(7.45141294635677,-3.68053740502794,0.));
#4339=CARTESIAN_POINT('Ctrl Pts',(7.5645022615166,-3.62465870874896,0.));
#4340=CARTESIAN_POINT('Ctrl Pts',(7.66370404623298,-3.54691003004652,0.));
#4341=CARTESIAN_POINT('Ctrl Pts',(7.70759130592125,-3.5125137088272,0.));
#4342=CARTESIAN_POINT('',(8.14688171024101,-2.98045374130935,0.));
#4343=CARTESIAN_POINT('Ctrl Pts',(7.70759130592125,-3.5125137088272,0.));
#4344=CARTESIAN_POINT('Ctrl Pts',(7.7853767834108,-3.43480151083086,0.));
#4345=CARTESIAN_POINT('Ctrl Pts',(7.9487821827768,-3.27155005105925,0.));
#4346=CARTESIAN_POINT('Ctrl Pts',(8.07877110212846,-3.08053851652401,0.));
#4347=CARTESIAN_POINT('Ctrl Pts',(8.14688171024101,-2.98045374130935,0.));
#4348=CARTESIAN_POINT('',(8.84265209312218,-1.8917769906494,0.));
#4349=CARTESIAN_POINT('',(16.6112508687802,10.2638034714593,0.));
#4350=CARTESIAN_POINT('',(8.17689562911766,-1.8917769906494,0.));
#4351=CARTESIAN_POINT('',(18.9213260465611,-1.89177699064941,0.));
#4352=CARTESIAN_POINT('',(7.64756346816796,-2.72397346472472,0.));
#4353=CARTESIAN_POINT('',(16.3591643333287,10.9720836774127,0.));
#4354=CARTESIAN_POINT('',(7.26557220096367,-3.27513284659118,0.));
#4355=CARTESIAN_POINT('Ctrl Pts',(7.64756346816796,-2.72397346472472,0.));
#4356=CARTESIAN_POINT('Ctrl Pts',(7.57839026583253,-2.83084689675441,0.));
#4357=CARTESIAN_POINT('Ctrl Pts',(7.45685986653802,-3.01861282965949,0.));
#4358=CARTESIAN_POINT('Ctrl Pts',(7.32316852294464,-3.19789519801932,0.));
#4359=CARTESIAN_POINT('Ctrl Pts',(7.26557220096367,-3.27513284659118,0.));
#4360=CARTESIAN_POINT('',(6.99681366557854,-3.54252732968062,0.));
#4361=CARTESIAN_POINT('Ctrl Pts',(7.26557220096367,-3.27513284659118,0.));
#4362=CARTESIAN_POINT('Ctrl Pts',(7.22041935758963,-3.33156417077964,0.));
#4363=CARTESIAN_POINT('Ctrl Pts',(7.14086175098645,-3.43099403508943,0.));
#4364=CARTESIAN_POINT('Ctrl Pts',(7.04030118061847,-3.50885589411622,0.));
#4365=CARTESIAN_POINT('Ctrl Pts',(6.99681366557854,-3.54252732968062,0.));
#4366=CARTESIAN_POINT('',(6.75534034843224,-3.6489392039749,0.));
#4367=CARTESIAN_POINT('Ctrl Pts',(6.99681366557854,-3.54252732968062,0.));
#4368=CARTESIAN_POINT('Ctrl Pts',(6.95768862480138,-3.56590876006574,0.));
#4369=CARTESIAN_POINT('Ctrl Pts',(6.88158132777906,-3.61139107603985,0.));
#4370=CARTESIAN_POINT('Ctrl Pts',(6.79662335037144,-3.63666031128589,0.));
#4371=CARTESIAN_POINT('Ctrl Pts',(6.75534034843224,-3.6489392039749,0.));
#4372=CARTESIAN_POINT('',(6.46066094512718,-3.66803891634673,0.));
#4373=CARTESIAN_POINT('Ctrl Pts',(6.75534034843224,-3.6489392039749,0.));
#4374=CARTESIAN_POINT('Ctrl Pts',(6.71583186394538,-3.65446113573955,0.));
#4375=CARTESIAN_POINT('Ctrl Pts',(6.61814281674105,-3.66811471571919,0.));
#4376=CARTESIAN_POINT('Ctrl Pts',(6.51944330759599,-3.66806720954735,0.));
#4377=CARTESIAN_POINT('Ctrl Pts',(6.46066094512718,-3.66803891634673,0.));
#4378=CARTESIAN_POINT('',(17.7303304725636,-3.66803891634673,0.));
#4379=CARTESIAN_POINT('',(24.7908105957009,-3.66803891634673,0.));
#4380=CARTESIAN_POINT('',(24.7908105957009,-1.89177699064941,0.));
#4381=CARTESIAN_POINT('',(24.7908105957009,8.66598054182663,0.));
#4382=CARTESIAN_POINT('',(24.2614784347512,-1.89177699064941,0.));
#4383=CARTESIAN_POINT('',(26.8954052978505,-1.89177699064941,0.));
#4384=CARTESIAN_POINT('',(24.2614784347512,-5.89177705025405,0.));
#4385=CARTESIAN_POINT('',(24.2614784347512,9.5541115046753,0.));
#4386=CARTESIAN_POINT('',(26.0350122558572,-5.89177705025405,0.));
#4387=CARTESIAN_POINT('',(26.6307392173756,-5.89177705025405,0.));
#4388=CARTESIAN_POINT('',(26.8481078254678,-5.78400052761764,0.));
#4389=CARTESIAN_POINT('Ctrl Pts',(26.0350122558572,-5.89177705025405,0.));
#4390=CARTESIAN_POINT('Ctrl Pts',(26.1930311806778,-5.89056106914128,0.));
#4391=CARTESIAN_POINT('Ctrl Pts',(26.4689816580624,-5.88843758571078,0.));
#4392=CARTESIAN_POINT('Ctrl Pts',(26.7345943007569,-5.81526985058662,0.));
#4393=CARTESIAN_POINT('Ctrl Pts',(26.8481078254678,-5.78400052761764,0.));
#4394=CARTESIAN_POINT('',(27.2928562271096,-5.40337301468581,0.));
#4395=CARTESIAN_POINT('Ctrl Pts',(26.8481078254678,-5.78400052761764,0.));
#4396=CARTESIAN_POINT('Ctrl Pts',(26.9367090884444,-5.74037950077007,0.));
#4397=CARTESIAN_POINT('Ctrl Pts',(27.117260869819,-5.65148850939903,0.));
#4398=CARTESIAN_POINT('Ctrl Pts',(27.2336050422769,-5.48709468742212,0.));
#4399=CARTESIAN_POINT('Ctrl Pts',(27.2928562271096,-5.40337301468581,0.));
#4400=CARTESIAN_POINT('',(27.4592962371804,-4.80037189697951,0.));
#4401=CARTESIAN_POINT('Ctrl Pts',(27.2928562271096,-5.40337301468581,0.));
#4402=CARTESIAN_POINT('Ctrl Pts',(27.3414008102512,-5.30957062173143,0.));
#4403=CARTESIAN_POINT('Ctrl Pts',(27.4393302479084,-5.12034218472668,0.));
#4404=CARTESIAN_POINT('Ctrl Pts',(27.4526029458445,-4.90763702296732,0.));
#4405=CARTESIAN_POINT('Ctrl Pts',(27.4592962371804,-4.80037189697951,0.));
#4406=CARTESIAN_POINT('',(27.1837153541543,-4.08277280306548,0.));
#4407=CARTESIAN_POINT('Ctrl Pts',(27.4592962371804,-4.80037189697951,0.));
#4408=CARTESIAN_POINT('Ctrl Pts',(27.4485796682955,-4.66488121687755,0.));
#4409=CARTESIAN_POINT('Ctrl Pts',(27.427489857065,-4.39824056934022,0.));
#4410=CARTESIAN_POINT('Ctrl Pts',(27.2640868282789,-4.18678125805801,0.));
#4411=CARTESIAN_POINT('Ctrl Pts',(27.1837153541543,-4.08277280306548,0.));
#4412=CARTESIAN_POINT('',(26.3324203598,-3.71169514631957,0.));
#4413=CARTESIAN_POINT('Ctrl Pts',(27.1837153541543,-4.08277280306548,0.));
#4414=CARTESIAN_POINT('Ctrl Pts',(27.0713081631796,-3.99340886701009,0.));
#4415=CARTESIAN_POINT('Ctrl Pts',(26.8216649574411,-3.79494203156263,0.));
#4416=CARTESIAN_POINT('Ctrl Pts',(26.5059680079208,-3.7412249586404,0.));
#4417=CARTESIAN_POINT('Ctrl Pts',(26.3324203598,-3.71169514631957,0.));
#4418=CARTESIAN_POINT('',(26.6516556846597,-3.5125137088272,0.));
#4419=CARTESIAN_POINT('Ctrl Pts',(26.3324203598,-3.71169514631957,0.));
#4420=CARTESIAN_POINT('Ctrl Pts',(26.3954780842936,-3.68053734230678,0.));
#4421=CARTESIAN_POINT('Ctrl Pts',(26.5085668723824,-3.62465841036596,0.));
#4422=CARTESIAN_POINT('Ctrl Pts',(26.6077684116337,-3.54691000478158,0.));
#4423=CARTESIAN_POINT('Ctrl Pts',(26.6516556846597,-3.5125137088272,0.));
#4424=CARTESIAN_POINT('',(27.0909466850259,-2.98045374130935,0.));
#4425=CARTESIAN_POINT('Ctrl Pts',(26.6516556846597,-3.5125137088272,0.));
#4426=CARTESIAN_POINT('Ctrl Pts',(26.7294413906413,-3.43480153840554,0.));
#4427=CARTESIAN_POINT('Ctrl Pts',(26.8928471636138,-3.27155024285118,0.));
#4428=CARTESIAN_POINT('Ctrl Pts',(27.0228361054304,-3.08053854361932,0.));
#4429=CARTESIAN_POINT('Ctrl Pts',(27.0909466850259,-2.98045374130935,0.));
#4430=CARTESIAN_POINT('',(27.7867164718606,-1.89177699064941,0.));
#4431=CARTESIAN_POINT('',(32.8084495898244,5.96577042947884,0.));
#4432=CARTESIAN_POINT('',(27.120961199949,-1.89177699064941,0.));
#4433=CARTESIAN_POINT('',(28.3933582359303,-1.89177699064941,0.));
#4434=CARTESIAN_POINT('',(26.5916290389993,-2.72397346472472,0.));
#4435=CARTESIAN_POINT('',(32.5748715332124,6.68265941072386,0.));
#4436=CARTESIAN_POINT('',(26.2096371757485,-3.27513284659118,0.));
#4437=CARTESIAN_POINT('Ctrl Pts',(26.5916290389993,-2.72397346472472,0.));
#4438=CARTESIAN_POINT('Ctrl Pts',(26.5224553161557,-2.83084681176059,0.));
#4439=CARTESIAN_POINT('Ctrl Pts',(26.4009241566617,-3.01861235697576,0.));
#4440=CARTESIAN_POINT('Ctrl Pts',(26.267233224065,-3.19789514623369,0.));
#4441=CARTESIAN_POINT('Ctrl Pts',(26.2096371757485,-3.27513284659118,0.));
#4442=CARTESIAN_POINT('',(25.9408774482705,-3.54252732968063,0.));
#4443=CARTESIAN_POINT('Ctrl Pts',(26.2096371757485,-3.27513284659118,0.));
#4444=CARTESIAN_POINT('Ctrl Pts',(26.1644843873156,-3.33156423792517,0.));
#4445=CARTESIAN_POINT('Ctrl Pts',(26.0849266856346,-3.43099446035463,0.));
#4446=CARTESIAN_POINT('Ctrl Pts',(25.9843654071774,-3.50885594809764,0.));
#4447=CARTESIAN_POINT('Ctrl Pts',(25.9408774482705,-3.54252732968063,0.));
#4448=CARTESIAN_POINT('',(25.6994047271706,-3.64893920397491,0.));
#4449=CARTESIAN_POINT('Ctrl Pts',(25.9408774482705,-3.54252732968063,0.));
#4450=CARTESIAN_POINT('Ctrl Pts',(25.9017530328532,-3.56590881911833,0.));
#4451=CARTESIAN_POINT('Ctrl Pts',(25.8256462008764,-3.61139169902911,0.));
#4452=CARTESIAN_POINT('Ctrl Pts',(25.7406881809746,-3.63666042870097,0.));
#4453=CARTESIAN_POINT('Ctrl Pts',(25.6994047271706,-3.64893920397491,0.));
#4454=CARTESIAN_POINT('',(25.4047241317727,-3.66803891634673,0.));
#4455=CARTESIAN_POINT('Ctrl Pts',(25.6994047271706,-3.64893920397491,0.));
#4456=CARTESIAN_POINT('Ctrl Pts',(25.6598966399676,-3.65446113043495,0.));
#4457=CARTESIAN_POINT('Ctrl Pts',(25.5622072115186,-3.66811488788078,0.));
#4458=CARTESIAN_POINT('Ctrl Pts',(25.4635072943958,-3.66806727397758,0.));
#4459=CARTESIAN_POINT('Ctrl Pts',(25.4047241317727,-3.66803891634673,0.));
#4460=CARTESIAN_POINT('',(27.2023620658863,-3.66803891634673,0.));
#4461=CARTESIAN_POINT('',(17.3064985382058,-3.27786154722899,0.));
#4462=CARTESIAN_POINT('',(17.3064985382058,-1.8917769906494,0.));
#4463=CARTESIAN_POINT('',(17.3064985382058,8.8610692263855,0.));
#4464=CARTESIAN_POINT('',(16.777167569349,-1.8917769906494,0.));
#4465=CARTESIAN_POINT('',(23.1532492691029,-1.89177699064941,0.));
#4466=CARTESIAN_POINT('',(16.777167569349,-5.89177705025405,0.));
#4467=CARTESIAN_POINT('',(16.777167569349,9.5541115046753,0.));
#4468=CARTESIAN_POINT('',(17.3064985382058,-5.89177705025405,0.));
#4469=CARTESIAN_POINT('',(22.8885837846745,-5.89177705025405,0.));
#4470=CARTESIAN_POINT('',(17.3064985382058,-3.90814788317412,0.));
#4471=CARTESIAN_POINT('',(17.3064985382058,7.55411147487298,0.));
#4472=CARTESIAN_POINT('',(19.2928567039468,-5.89177705025405,0.));
#4473=CARTESIAN_POINT('',(14.0068619155736,-0.613044533584214,0.));
#4474=CARTESIAN_POINT('',(20.010456095884,-5.89177705025405,0.));
#4475=CARTESIAN_POINT('',(24.1464283519734,-5.89177705025405,0.));
#4476=CARTESIAN_POINT('',(18.3324196445443,-4.27104003405303,0.));
#4477=CARTESIAN_POINT('',(15.6170036863843,-1.64834661505179,0.));
#4478=CARTESIAN_POINT('',(20.0841250526406,-1.89177699064941,0.));
#4479=CARTESIAN_POINT('',(26.2400400040966,6.46952672779508,0.));
#4480=CARTESIAN_POINT('',(19.3856253730752,-1.89177699064941,0.));
#4481=CARTESIAN_POINT('',(24.5420625263203,-1.89177699064941,0.));
#4482=CARTESIAN_POINT('',(17.9613425838448,-3.91633338904113,0.));
#4483=CARTESIAN_POINT('',(26.3635258920214,8.02700687010864,0.));
#4484=CARTESIAN_POINT('',(14.5637782149498,-0.60371385049619,0.));
#4485=CARTESIAN_POINT('',(21.0882177459695,-3.10323662733764,0.));
#4486=CARTESIAN_POINT('',(20.6489279376962,-1.89177699064941,0.));
#4487=CARTESIAN_POINT('',(17.6856954052379,6.28013262251679,0.));
#4488=CARTESIAN_POINT('',(20.0868537532784,-1.89177699064941,0.));
#4489=CARTESIAN_POINT('',(24.8244639688481,-1.89177699064941,0.));
#4490=CARTESIAN_POINT('',(21.6230073081948,-5.89177705025405,0.));
#4491=CARTESIAN_POINT('',(16.8289644364766,6.59146182339102,0.));
#4492=CARTESIAN_POINT('',(22.1932664024331,-5.89177705025405,0.));
#4493=CARTESIAN_POINT('',(25.3115036540974,-5.89177705025405,0.));
#4494=CARTESIAN_POINT('',(23.8303747283913,-1.89177699064941,0.));
#4495=CARTESIAN_POINT('',(27.3951027863478,6.81803910289104,0.));
#4496=CARTESIAN_POINT('',(23.2273712264993,-1.89177699064941,0.));
#4497=CARTESIAN_POINT('',(26.4151873641957,-1.89177699064941,0.));
#4498=CARTESIAN_POINT('',(22.7607956039407,-3.10323662733764,0.));
#4499=CARTESIAN_POINT('',(27.4390017150959,9.04368576156408,0.));
#4500=CARTESIAN_POINT('',(25.8803978019703,-3.10323662733764,0.));
#4501=CARTESIAN_POINT('',(16.0677542793252,-2.36380971646041,0.));
#4502=CARTESIAN_POINT('',(16.0677542793252,-1.8917769906494,0.));
#4503=CARTESIAN_POINT('',(16.0677542793252,9.3180951417698,0.));
#4504=CARTESIAN_POINT('',(13.082760821531,-1.8917769906494,0.));
#4505=CARTESIAN_POINT('',(22.5338771396626,-1.89177699064941,0.));
#4506=CARTESIAN_POINT('',(13.082760821531,-5.89177705025405,0.));
#4507=CARTESIAN_POINT('',(13.082760821531,9.5541115046753,0.));
#4508=CARTESIAN_POINT('',(15.9749844181039,-5.89177705025405,0.));
#4509=CARTESIAN_POINT('',(21.0413804107655,-5.89177705025405,0.));
#4510=CARTESIAN_POINT('',(15.9749844181039,-5.41974432444304,0.));
#4511=CARTESIAN_POINT('',(15.9749844181039,7.55411147487298,0.));
#4512=CARTESIAN_POINT('',(13.6120917903878,-5.41974432444305,0.));
#4513=CARTESIAN_POINT('',(22.4874922090519,-5.41974432444305,0.));
#4514=CARTESIAN_POINT('',(13.6120917903878,-4.19464178061217,0.));
#4515=CARTESIAN_POINT('',(13.6120917903878,7.79012783777848,0.));
#4516=CARTESIAN_POINT('',(15.82491661186,-4.19464178061217,0.));
#4517=CARTESIAN_POINT('',(21.3060458951939,-4.19464178061217,0.));
#4518=CARTESIAN_POINT('',(15.82491661186,-3.72533745741576,0.));
#4519=CARTESIAN_POINT('',(15.82491661186,8.40267910969391,0.));
#4520=CARTESIAN_POINT('',(13.6120917903878,-3.72533745741576,0.));
#4521=CARTESIAN_POINT('',(22.41245830593,-3.72533745741576,0.));
#4522=CARTESIAN_POINT('',(13.6120917903878,-2.36380971646041,0.));
#4523=CARTESIAN_POINT('',(13.6120917903878,8.63733127129212,0.));
#4524=CARTESIAN_POINT('',(21.3060458951939,-2.36380971646041,0.));
#4525=CARTESIAN_POINT('',(12.3406055080392,-2.36380971646041,0.));
#4526=CARTESIAN_POINT('',(12.3406055080392,-1.8917769906494,0.));
#4527=CARTESIAN_POINT('',(12.3406055080392,9.3180951417698,0.));
#4528=CARTESIAN_POINT('',(9.35561264629143,-1.8917769906494,0.));
#4529=CARTESIAN_POINT('',(20.6703027540196,-1.89177699064941,0.));
#4530=CARTESIAN_POINT('',(9.35561264629143,-5.89177705025405,0.));
#4531=CARTESIAN_POINT('',(9.35561264629143,9.5541115046753,0.));
#4532=CARTESIAN_POINT('',(12.2478356468179,-5.89177705025405,0.));
#4533=CARTESIAN_POINT('',(19.1778063231457,-5.89177705025405,0.));
#4534=CARTESIAN_POINT('',(12.2478356468179,-5.41974432444304,0.));
#4535=CARTESIAN_POINT('',(12.2478356468179,7.55411147487298,0.));
#4536=CARTESIAN_POINT('',(9.88494421119469,-5.41974432444304,0.));
#4537=CARTESIAN_POINT('',(20.6239178234089,-5.41974432444305,0.));
#4538=CARTESIAN_POINT('',(9.88494421119469,-4.19464178061217,0.));
#4539=CARTESIAN_POINT('',(9.88494421119469,7.79012783777848,0.));
#4540=CARTESIAN_POINT('',(12.097767840574,-4.19464178061217,0.));
#4541=CARTESIAN_POINT('',(19.4424721055973,-4.19464178061217,0.));
#4542=CARTESIAN_POINT('',(12.097767840574,-3.72533745741576,0.));
#4543=CARTESIAN_POINT('',(12.097767840574,8.40267910969391,0.));
#4544=CARTESIAN_POINT('',(9.88494421119469,-3.72533745741576,0.));
#4545=CARTESIAN_POINT('',(20.548883920287,-3.72533745741576,0.));
#4546=CARTESIAN_POINT('',(9.88494421119469,-2.36380971646041,0.));
#4547=CARTESIAN_POINT('',(9.88494421119469,8.63733127129212,0.));
#4548=CARTESIAN_POINT('',(19.4424721055973,-2.36380971646041,0.));
#4549=CARTESIAN_POINT('',(2.19735900635498,-1.98181785320968,0.));
#4550=CARTESIAN_POINT('',(1.62164277161139,-2.45794333195418,0.));
#4551=CARTESIAN_POINT('Ctrl Pts',(2.19735900635498,-1.98181785320968,0.));
#4552=CARTESIAN_POINT('Ctrl Pts',(2.08209986780789,-2.04050200532764,0.));
#4553=CARTESIAN_POINT('Ctrl Pts',(1.85459372965582,-2.1563366800214,0.));
#4554=CARTESIAN_POINT('Ctrl Pts',(1.69860466891192,-2.35829909624865,0.));
#4555=CARTESIAN_POINT('Ctrl Pts',(1.62164277161139,-2.45794333195418,0.));
#4556=CARTESIAN_POINT('',(1.40199747631925,-3.1769064781639,0.));
#4557=CARTESIAN_POINT('Ctrl Pts',(1.62164277161139,-2.45794333195418,0.));
#4558=CARTESIAN_POINT('Ctrl Pts',(1.56028623503646,-2.56829263625784,0.));
#4559=CARTESIAN_POINT('Ctrl Pts',(1.43580470107668,-2.7921718093324,0.));
#4560=CARTESIAN_POINT('Ctrl Pts',(1.41337277844283,-3.04745269641237,0.));
#4561=CARTESIAN_POINT('Ctrl Pts',(1.40199747631925,-3.1769064781639,0.));
#4562=CARTESIAN_POINT('',(1.90131532723683,-3.22056270813674,0.));
#4563=CARTESIAN_POINT('',(14.0474186867326,-4.28251769444776,0.));
#4564=CARTESIAN_POINT('',(2.06639031643647,-2.72806621765822,0.));
#4565=CARTESIAN_POINT('Ctrl Pts',(1.90131532723683,-3.22056270813674,0.));
#4566=CARTESIAN_POINT('Ctrl Pts',(1.91540074480868,-3.12757633195821,0.));
#4567=CARTESIAN_POINT('Ctrl Pts',(1.94176320632936,-2.95354174963584,0.));
#4568=CARTESIAN_POINT('Ctrl Pts',(2.0267921774487,-2.79970722294124,0.));
#4569=CARTESIAN_POINT('Ctrl Pts',(2.06639031643647,-2.72806621765822,0.));
#4570=CARTESIAN_POINT('',(2.46884609336632,-2.41701580261916,0.));
#4571=CARTESIAN_POINT('Ctrl Pts',(2.06639031643647,-2.72806621765822,0.));
#4572=CARTESIAN_POINT('Ctrl Pts',(2.11823062122976,-2.66590016688041,0.));
#4573=CARTESIAN_POINT('Ctrl Pts',(2.22921036766837,-2.53281505906864,0.));
#4574=CARTESIAN_POINT('Ctrl Pts',(2.38554024659109,-2.45727171640818,0.));
#4575=CARTESIAN_POINT('Ctrl Pts',(2.46884609336632,-2.41701580261916,0.));
#4576=CARTESIAN_POINT('',(3.08276141757744,-2.29832537150115,0.));
#4577=CARTESIAN_POINT('Ctrl Pts',(2.46884609336632,-2.41701580261916,0.));
#4578=CARTESIAN_POINT('Ctrl Pts',(2.56450840836482,-2.3824094634732,0.));
#4579=CARTESIAN_POINT('Ctrl Pts',(2.76280529401078,-2.3106745354991,0.));
#4580=CARTESIAN_POINT('Ctrl Pts',(2.97363836419923,-2.30253713174847,0.));
#4581=CARTESIAN_POINT('Ctrl Pts',(3.08276141757744,-2.29832537150115,0.));
#4582=CARTESIAN_POINT('',(3.6175499367215,-2.38836623406142,0.));
#4583=CARTESIAN_POINT('Ctrl Pts',(3.08276141757744,-2.29832537150115,0.));
#4584=CARTESIAN_POINT('Ctrl Pts',(3.17859536933086,-2.30126247094383,0.));
#4585=CARTESIAN_POINT('Ctrl Pts',(3.36108731987298,-2.30685544709084,0.));
#4586=CARTESIAN_POINT('Ctrl Pts',(3.53497686845431,-2.36212226969834,0.));
#4587=CARTESIAN_POINT('Ctrl Pts',(3.6175499367215,-2.38836623406142,0.));
#4588=CARTESIAN_POINT('',(3.9627068745591,-2.63529665446013,0.));
#4589=CARTESIAN_POINT('Ctrl Pts',(3.6175499367215,-2.38836623406142,0.));
#4590=CARTESIAN_POINT('Ctrl Pts',(3.68843192122964,-2.41920522697241,0.));
#4591=CARTESIAN_POINT('Ctrl Pts',(3.8213576911797,-2.47703793165221,0.));
#4592=CARTESIAN_POINT('Ctrl Pts',(3.91772632162944,-2.5849350981522,0.));
#4593=CARTESIAN_POINT('Ctrl Pts',(3.9627068745591,-2.63529665446013,0.));
#4594=CARTESIAN_POINT('',(4.0759402024247,-2.97772504067153,0.));
#4595=CARTESIAN_POINT('Ctrl Pts',(3.9627068745591,-2.63529665446013,0.));
#4596=CARTESIAN_POINT('Ctrl Pts',(3.99573204717724,-2.6884304150294,0.));
#4597=CARTESIAN_POINT('Ctrl Pts',(4.06104555271165,-2.79351244458097,0.));
#4598=CARTESIAN_POINT('Ctrl Pts',(4.07101280129947,-2.91678440958958,0.));
#4599=CARTESIAN_POINT('Ctrl Pts',(4.0759402024247,-2.97772504067153,0.));
#4600=CARTESIAN_POINT('',(3.9667996274926,-3.30651081776351,0.));
#4601=CARTESIAN_POINT('Ctrl Pts',(4.0759402024247,-2.97772504067153,0.));
#4602=CARTESIAN_POINT('Ctrl Pts',(4.07167816311144,-3.03812017025286,0.));
#4603=CARTESIAN_POINT('Ctrl Pts',(4.06328278799773,-3.15708663926175,0.));
#4604=CARTESIAN_POINT('Ctrl Pts',(3.99863030059124,-3.25721442081692,0.));
#4605=CARTESIAN_POINT('Ctrl Pts',(3.9667996274926,-3.30651081776351,0.));
#4606=CARTESIAN_POINT('',(3.60663587922829,-3.54252732968062,0.));
#4607=CARTESIAN_POINT('Ctrl Pts',(3.9667996274926,-3.30651081776351,0.));
#4608=CARTESIAN_POINT('Ctrl Pts',(3.92076855943308,-3.3528113273638,0.));
#4609=CARTESIAN_POINT('Ctrl Pts',(3.81765288103345,-3.45653059043866,0.));
#4610=CARTESIAN_POINT('Ctrl Pts',(3.6818281489673,-3.51188387461093,0.));
#4611=CARTESIAN_POINT('Ctrl Pts',(3.60663587922829,-3.54252732968062,0.));
#4612=CARTESIAN_POINT('',(2.89449403757828,-3.73761601423949,0.));
#4613=CARTESIAN_POINT('Ctrl Pts',(3.60663587922829,-3.54252732968062,0.));
#4614=CARTESIAN_POINT('Ctrl Pts',(3.5206953258254,-3.57007883664603,0.));
#4615=CARTESIAN_POINT('Ctrl Pts',(3.28617339831262,-3.64526374369587,0.));
#4616=CARTESIAN_POINT('Ctrl Pts',(3.04640151888135,-3.70179844962593,0.));
#4617=CARTESIAN_POINT('Ctrl Pts',(2.89449403757828,-3.73761601423949,0.));
#4618=CARTESIAN_POINT('',(2.12232487971562,-3.9872748372528,0.));
#4619=CARTESIAN_POINT('Ctrl Pts',(2.89449403757828,-3.73761601423949,0.));
#4620=CARTESIAN_POINT('Ctrl Pts',(2.73656653121459,-3.77534868080626,0.));
#4621=CARTESIAN_POINT('Ctrl Pts',(2.4724303126149,-3.83845715439715,0.));
#4622=CARTESIAN_POINT('Ctrl Pts',(2.22272924353708,-3.94459642278556,0.));
#4623=CARTESIAN_POINT('Ctrl Pts',(2.12232487971562,-3.9872748372528,0.));
#4624=CARTESIAN_POINT('',(1.69531262243765,-4.35971714234084,0.));
#4625=CARTESIAN_POINT('Ctrl Pts',(2.12232487971562,-3.9872748372528,0.));
#4626=CARTESIAN_POINT('Ctrl Pts',(2.03436121836476,-4.0380909845893,0.));
#4627=CARTESIAN_POINT('Ctrl Pts',(1.86747558586877,-4.13449994209547,0.));
#4628=CARTESIAN_POINT('Ctrl Pts',(1.75058935200542,-4.28740617589449,0.));
#4629=CARTESIAN_POINT('Ctrl Pts',(1.69531262243765,-4.35971714234084,0.));
#4630=CARTESIAN_POINT('',(1.55479418809193,-4.85767073607177,0.));
#4631=CARTESIAN_POINT('Ctrl Pts',(1.69531262243765,-4.35971714234084,0.));
#4632=CARTESIAN_POINT('Ctrl Pts',(1.6543298561856,-4.43661255816502,0.));
#4633=CARTESIAN_POINT('Ctrl Pts',(1.57133968378624,-4.5923259079355,0.));
#4634=CARTESIAN_POINT('Ctrl Pts',(1.56035456266575,-4.76849742492282,0.));
#4635=CARTESIAN_POINT('Ctrl Pts',(1.55479418809193,-4.85767073607177,0.));
#4636=CARTESIAN_POINT('',(1.72669048185128,-5.42383707737654,0.));
#4637=CARTESIAN_POINT('Ctrl Pts',(1.55479418809193,-4.85767073607177,0.));
#4638=CARTESIAN_POINT('Ctrl Pts',(1.5622384511637,-4.95740661141477,0.));
#4639=CARTESIAN_POINT('Ctrl Pts',(1.57727719587728,-5.15889094285355,0.));
#4640=CARTESIAN_POINT('Ctrl Pts',(1.67655549713654,-5.33493554283129,0.));
#4641=CARTESIAN_POINT('Ctrl Pts',(1.72669048185128,-5.42383707737654,0.));
#4642=CARTESIAN_POINT('',(2.22873690302151,-5.82356430268019,0.));
#4643=CARTESIAN_POINT('Ctrl Pts',(1.72669048185128,-5.42383707737654,0.));
#4644=CARTESIAN_POINT('Ctrl Pts',(1.79234944629296,-5.50702961315443,0.));
#4645=CARTESIAN_POINT('Ctrl Pts',(1.92830007307602,-5.67928449836087,0.));
#4646=CARTESIAN_POINT('Ctrl Pts',(2.12634178175373,-5.77439074409069,0.));
#4647=CARTESIAN_POINT('Ctrl Pts',(2.22873690302151,-5.82356430268019,0.));
#4648=CARTESIAN_POINT('',(2.96270678515213,-5.9599897978279,0.));
#4649=CARTESIAN_POINT('Ctrl Pts',(2.22873690302151,-5.82356430268019,0.));
#4650=CARTESIAN_POINT('Ctrl Pts',(2.34385319767054,-5.8633441329742,0.));
#4651=CARTESIAN_POINT('Ctrl Pts',(2.58157504409139,-5.94549179709622,0.));
#4652=CARTESIAN_POINT('Ctrl Pts',(2.83302231584758,-5.95505668591853,0.));
#4653=CARTESIAN_POINT('Ctrl Pts',(2.96270678515213,-5.9599897978279,0.));
#4654=CARTESIAN_POINT('',(3.74715442533272,-5.81674284910888,0.));
#4655=CARTESIAN_POINT('Ctrl Pts',(2.96270678515213,-5.9599897978279,0.));
#4656=CARTESIAN_POINT('Ctrl Pts',(3.10355403002799,-5.95525868662299,0.));
#4657=CARTESIAN_POINT('Ctrl Pts',(3.37230124818215,-5.94623136786913,0.));
#4658=CARTESIAN_POINT('Ctrl Pts',(3.62628199165255,-5.85849677664703,0.));
#4659=CARTESIAN_POINT('Ctrl Pts',(3.74715442533272,-5.81674284910888,0.));
#4660=CARTESIAN_POINT('',(4.26966453666466,-5.39518750881881,0.));
#4661=CARTESIAN_POINT('Ctrl Pts',(3.74715442533272,-5.81674284910888,0.));
#4662=CARTESIAN_POINT('Ctrl Pts',(3.85296723482407,-5.7646875379438,0.));
#4663=CARTESIAN_POINT('Ctrl Pts',(4.0589984540953,-5.66332911753665,0.));
#4664=CARTESIAN_POINT('Ctrl Pts',(4.20072528650108,-5.48293529060318,0.));
#4665=CARTESIAN_POINT('Ctrl Pts',(4.26966453666466,-5.39518750881881,0.));
#4666=CARTESIAN_POINT('',(4.46611757154244,-4.76490117287368,0.));
#4667=CARTESIAN_POINT('Ctrl Pts',(4.26966453666466,-5.39518750881881,0.));
#4668=CARTESIAN_POINT('Ctrl Pts',(4.32358244675852,-5.29850126073684,0.));
#4669=CARTESIAN_POINT('Ctrl Pts',(4.43304438555926,-5.10221278902126,0.));
#4670=CARTESIAN_POINT('Ctrl Pts',(4.45498453181408,-4.87844643655998,0.));
#4671=CARTESIAN_POINT('Ctrl Pts',(4.46611757154244,-4.76490117287368,0.));
#4672=CARTESIAN_POINT('',(3.9586141216256,-4.72670204615325,0.));
#4673=CARTESIAN_POINT('',(15.6997705442156,-5.61044366821391,0.));
#4674=CARTESIAN_POINT('',(3.68167008037346,-5.29968984102935,0.));
#4675=CARTESIAN_POINT('Ctrl Pts',(3.9586141216256,-4.72670204615325,0.));
#4676=CARTESIAN_POINT('Ctrl Pts',(3.93953830524257,-4.84306173402235,0.));
#4677=CARTESIAN_POINT('Ctrl Pts',(3.90361458897037,-5.06219114524113,0.));
#4678=CARTESIAN_POINT('Ctrl Pts',(3.7525282259788,-5.22386585568442,0.));
#4679=CARTESIAN_POINT('Ctrl Pts',(3.68167008037346,-5.29968984102935,0.));
#4680=CARTESIAN_POINT('',(2.98453490013855,-5.49341417526931,0.));
#4681=CARTESIAN_POINT('Ctrl Pts',(3.68167008037346,-5.29968984102935,0.));
#4682=CARTESIAN_POINT('Ctrl Pts',(3.58659652043563,-5.35601442070013,0.));
#4683=CARTESIAN_POINT('Ctrl Pts',(3.37276409807458,-5.48269550130074,0.));
#4684=CARTESIAN_POINT('Ctrl Pts',(3.12316047457676,-5.48958684248752,0.));
#4685=CARTESIAN_POINT('Ctrl Pts',(2.98453490013855,-5.49341417526931,0.));
#4686=CARTESIAN_POINT('',(2.28467139179486,-5.31742490505904,0.));
#4687=CARTESIAN_POINT('Ctrl Pts',(2.98453490013855,-5.49341417526931,0.));
#4688=CARTESIAN_POINT('Ctrl Pts',(2.8427165700852,-5.49125989972187,0.));
#4689=CARTESIAN_POINT('Ctrl Pts',(2.59424945823556,-5.48748558773273,0.));
#4690=CARTESIAN_POINT('Ctrl Pts',(2.37764420502994,-5.36849770963669,0.));
#4691=CARTESIAN_POINT('Ctrl Pts',(2.28467139179486,-5.31742490505904,0.));
#4692=CARTESIAN_POINT('',(2.06502611512917,-4.89314116215438,0.));
#4693=CARTESIAN_POINT('Ctrl Pts',(2.28467139179486,-5.31742490505904,0.));
#4694=CARTESIAN_POINT('Ctrl Pts',(2.22063333955555,-5.25736092460378,0.));
#4695=CARTESIAN_POINT('Ctrl Pts',(2.09705505693756,-5.14145165984159,0.));
#4696=CARTESIAN_POINT('Ctrl Pts',(2.07544019365596,-4.9738782978803,0.));
#4697=CARTESIAN_POINT('Ctrl Pts',(2.06502611512917,-4.89314116215438,0.));
#4698=CARTESIAN_POINT('',(2.2205513226487,-4.53843451714248,0.));
#4699=CARTESIAN_POINT('Ctrl Pts',(2.06502611512917,-4.89314116215438,0.));
#4700=CARTESIAN_POINT('Ctrl Pts',(2.07126342767585,-4.8246924154646,0.));
#4701=CARTESIAN_POINT('Ctrl Pts',(2.08362382182677,-4.6890485012164,0.));
#4702=CARTESIAN_POINT('Ctrl Pts',(2.17519090058833,-4.5883289053755,0.));
#4703=CARTESIAN_POINT('Ctrl Pts',(2.2205513226487,-4.53843451714248,0.));
#4704=CARTESIAN_POINT('',(3.01864142293709,-4.25330497002333,0.));
#4705=CARTESIAN_POINT('Ctrl Pts',(2.2205513226487,-4.53843451714248,0.));
#4706=CARTESIAN_POINT('Ctrl Pts',(2.31114929268577,-4.48794286483153,0.));
#4707=CARTESIAN_POINT('Ctrl Pts',(2.56017361079344,-4.34915775428524,0.));
#4708=CARTESIAN_POINT('Ctrl Pts',(2.84037841537569,-4.29057477425619,0.));
#4709=CARTESIAN_POINT('Ctrl Pts',(3.01864142293709,-4.25330497002333,0.));
#4710=CARTESIAN_POINT('',(3.90404368514794,-3.99818904375762,0.));
#4711=CARTESIAN_POINT('Ctrl Pts',(3.01864142293709,-4.25330497002333,0.));
#4712=CARTESIAN_POINT('Ctrl Pts',(3.20139419167056,-4.21247573880215,0.));
#4713=CARTESIAN_POINT('Ctrl Pts',(3.50187225530105,-4.14534521912858,0.));
#4714=CARTESIAN_POINT('Ctrl Pts',(3.79083141840626,-4.03961387640952,0.));
#4715=CARTESIAN_POINT('Ctrl Pts',(3.90404368514794,-3.99818904375762,0.));
#4716=CARTESIAN_POINT('',(4.41973264093178,-3.59027631258696,0.));
#4717=CARTESIAN_POINT('Ctrl Pts',(3.90404368514794,-3.99818904375762,0.));
#4718=CARTESIAN_POINT('Ctrl Pts',(4.01063644261653,-3.94407678601471,0.));
#4719=CARTESIAN_POINT('Ctrl Pts',(4.21039677361163,-3.84266762113031,0.));
#4720=CARTESIAN_POINT('Ctrl Pts',(4.35315204376356,-3.67055096526837,0.));
#4721=CARTESIAN_POINT('Ctrl Pts',(4.41973264093178,-3.59027631258696,0.));
#4722=CARTESIAN_POINT('',(4.58617205495613,-3.02138127064437,0.));
#4723=CARTESIAN_POINT('Ctrl Pts',(4.41973264093178,-3.59027631258696,0.));
#4724=CARTESIAN_POINT('Ctrl Pts',(4.46827164287902,-3.50376450904749,0.));
#4725=CARTESIAN_POINT('Ctrl Pts',(4.56741577705229,-3.32705840645779,0.));
#4726=CARTESIAN_POINT('Ctrl Pts',(4.57983370054402,-3.1246794853753,0.));
#4727=CARTESIAN_POINT('Ctrl Pts',(4.58617205495613,-3.02138127064437,0.));
#4728=CARTESIAN_POINT('',(4.40336162919777,-2.41974420523375,0.));
#4729=CARTESIAN_POINT('Ctrl Pts',(4.58617205495613,-3.02138127064437,0.));
#4730=CARTESIAN_POINT('Ctrl Pts',(4.57813910447176,-2.91586685599919,0.));
#4731=CARTESIAN_POINT('Ctrl Pts',(4.56184618897461,-2.70185614537799,0.));
#4732=CARTESIAN_POINT('Ctrl Pts',(4.45667826218073,-2.51465098223437,0.));
#4733=CARTESIAN_POINT('Ctrl Pts',(4.40336162919777,-2.41974420523375,0.));
#4734=CARTESIAN_POINT('',(3.87812311525124,-1.98045380091399,0.));
#4735=CARTESIAN_POINT('Ctrl Pts',(4.40336162919777,-2.41974420523375,0.));
#4736=CARTESIAN_POINT('Ctrl Pts',(4.3341512668994,-2.33011107259655,0.));
#4737=CARTESIAN_POINT('Ctrl Pts',(4.1914529569283,-2.1453049811387,0.));
#4738=CARTESIAN_POINT('Ctrl Pts',(3.98463297050487,-2.03649147434511,0.));
#4739=CARTESIAN_POINT('Ctrl Pts',(3.87812311525124,-1.98045380091399,0.));
#4740=CARTESIAN_POINT('',(3.10731808419007,-1.82356424307555,0.));
#4741=CARTESIAN_POINT('Ctrl Pts',(3.87812311525124,-1.98045380091399,0.));
#4742=CARTESIAN_POINT('Ctrl Pts',(3.75817021917348,-1.93470826368838,0.));
#4743=CARTESIAN_POINT('Ctrl Pts',(3.51001292042439,-1.8400703739923,0.));
#4744=CARTESIAN_POINT('Ctrl Pts',(3.24449264457547,-1.82918691575083,0.));
#4745=CARTESIAN_POINT('Ctrl Pts',(3.10731808419007,-1.82356424307555,0.));
#4746=CARTESIAN_POINT('Ctrl Pts',(3.10731808419007,-1.82356424307555,0.));
#4747=CARTESIAN_POINT('Ctrl Pts',(2.93936712051607,-1.82782686026612,0.));
#4748=CARTESIAN_POINT('Ctrl Pts',(2.62788062322294,-1.83573242787315,0.));
#4749=CARTESIAN_POINT('Ctrl Pts',(2.33316594714821,-1.93573558014343,0.));
#4750=CARTESIAN_POINT('Ctrl Pts',(2.19735900635498,-1.98181785320968,0.));
#4751=CARTESIAN_POINT('',(23.8,23.5,0.));
#4752=CARTESIAN_POINT('Origin',(22.35,23.5,0.));
#4753=CARTESIAN_POINT('',(61.55,47.,0.));
#4754=CARTESIAN_POINT('Origin',(63.,47.,0.));
#4755=CARTESIAN_POINT('',(61.55,-5.,0.));
#4756=CARTESIAN_POINT('Origin',(63.,-5.,0.));
#4757=CARTESIAN_POINT('',(-6.45,47.,0.));
#4758=CARTESIAN_POINT('Origin',(-5.,47.,0.));
#4759=CARTESIAN_POINT('',(-6.45,-5.,0.));
#4760=CARTESIAN_POINT('Origin',(-5.,-5.,0.));
#4761=CARTESIAN_POINT('Origin',(63.,-5.,0.));
#4762=CARTESIAN_POINT('',(68.,-5.,0.));
#4763=CARTESIAN_POINT('Origin',(68.,-10.,0.));
#4764=CARTESIAN_POINT('',(68.,47.,0.));
#4765=CARTESIAN_POINT('Origin',(63.,47.,0.));
#4766=CARTESIAN_POINT('Origin',(7.11277509803551,-5.44975794529647,0.));
#4767=CARTESIAN_POINT('',(7.11277509803551,-5.44975794529647,0.));
#4768=CARTESIAN_POINT('',(5.84674532289284,-5.44975794529647,0.));
#4769=CARTESIAN_POINT('',(18.0563875490178,-5.44975794529647,0.));
#4770=CARTESIAN_POINT('',(7.11277509803551,-5.44975794529647,0.4));
#4771=CARTESIAN_POINT('',(7.11277509803551,-5.44975794529647,0.));
#4772=CARTESIAN_POINT('',(5.84674532289284,-5.44975794529647,0.4));
#4773=CARTESIAN_POINT('',(7.11277509803551,-5.44975794529647,0.4));
#4774=CARTESIAN_POINT('',(5.84674532289284,-5.44975794529647,0.));
#4775=CARTESIAN_POINT('Ctrl Pts',(7.76352549667137,-5.26694751953811,0.));
#4776=CARTESIAN_POINT('Ctrl Pts',(7.76352549667137,-5.26694751953811,0.4));
#4777=CARTESIAN_POINT('Ctrl Pts',(7.67722693260858,-5.32004175291762,0.));
#4778=CARTESIAN_POINT('Ctrl Pts',(7.67722693260858,-5.32004175291762,0.4));
#4779=CARTESIAN_POINT('Ctrl Pts',(7.47900290231175,-5.44199688670583,0.));
#4780=CARTESIAN_POINT('Ctrl Pts',(7.47900290231175,-5.44199688670583,0.4));
#4781=CARTESIAN_POINT('Ctrl Pts',(7.24493787179454,-5.44695716660444,0.));
#4782=CARTESIAN_POINT('Ctrl Pts',(7.24493787179454,-5.44695716660444,0.4));
#4783=CARTESIAN_POINT('Ctrl Pts',(7.11277509803551,-5.44975794529647,0.));
#4784=CARTESIAN_POINT('Ctrl Pts',(7.11277509803551,-5.44975794529647,0.4));
#4785=CARTESIAN_POINT('',(7.76352549667137,-5.26694751953811,0.));
#4786=CARTESIAN_POINT('Ctrl Pts',(7.76352549667137,-5.26694751953811,0.));
#4787=CARTESIAN_POINT('Ctrl Pts',(7.67722693260858,-5.32004175291762,0.));
#4788=CARTESIAN_POINT('Ctrl Pts',(7.47900290231175,-5.44199688670583,0.));
#4789=CARTESIAN_POINT('Ctrl Pts',(7.24493787179454,-5.44695716660444,0.));
#4790=CARTESIAN_POINT('Ctrl Pts',(7.11277509803551,-5.44975794529647,0.));
#4791=CARTESIAN_POINT('',(7.76352549667137,-5.26694751953811,0.4));
#4792=CARTESIAN_POINT('',(7.76352549667137,-5.26694751953811,0.));
#4793=CARTESIAN_POINT('Ctrl Pts',(7.76352549667137,-5.26694751953811,0.4));
#4794=CARTESIAN_POINT('Ctrl Pts',(7.67722693260858,-5.32004175291762,0.4));
#4795=CARTESIAN_POINT('Ctrl Pts',(7.47900290231175,-5.44199688670583,0.4));
#4796=CARTESIAN_POINT('Ctrl Pts',(7.24493787179454,-5.44695716660444,0.4));
#4797=CARTESIAN_POINT('Ctrl Pts',(7.11277509803551,-5.44975794529647,0.4));
#4798=CARTESIAN_POINT('Ctrl Pts',(7.96952868575829,-4.80037189697951,0.));
#4799=CARTESIAN_POINT('Ctrl Pts',(7.96952868575829,-4.80037189697951,0.4));
#4800=CARTESIAN_POINT('Ctrl Pts',(7.96124211036333,-4.89048864339003,0.));
#4801=CARTESIAN_POINT('Ctrl Pts',(7.96124211036333,-4.89048864339003,0.4));
#4802=CARTESIAN_POINT('Ctrl Pts',(7.94480924549322,-5.06919652278726,0.));
#4803=CARTESIAN_POINT('Ctrl Pts',(7.94480924549322,-5.06919652278726,0.4));
#4804=CARTESIAN_POINT('Ctrl Pts',(7.82360851963869,-5.2014067429555,0.));
#4805=CARTESIAN_POINT('Ctrl Pts',(7.82360851963869,-5.2014067429555,0.4));
#4806=CARTESIAN_POINT('Ctrl Pts',(7.76352549667137,-5.26694751953811,0.));
#4807=CARTESIAN_POINT('Ctrl Pts',(7.76352549667137,-5.26694751953811,0.4));
#4808=CARTESIAN_POINT('',(7.96952868575829,-4.80037189697951,0.));
#4809=CARTESIAN_POINT('Ctrl Pts',(7.96952868575829,-4.80037189697951,0.));
#4810=CARTESIAN_POINT('Ctrl Pts',(7.96124211036333,-4.89048864339003,0.));
#4811=CARTESIAN_POINT('Ctrl Pts',(7.94480924549322,-5.06919652278726,0.));
#4812=CARTESIAN_POINT('Ctrl Pts',(7.82360851963869,-5.2014067429555,0.));
#4813=CARTESIAN_POINT('Ctrl Pts',(7.76352549667137,-5.26694751953811,0.));
#4814=CARTESIAN_POINT('',(7.96952868575829,-4.80037189697951,0.4));
#4815=CARTESIAN_POINT('',(7.96952868575829,-4.80037189697951,0.));
#4816=CARTESIAN_POINT('Ctrl Pts',(7.96952868575829,-4.80037189697951,0.4));
#4817=CARTESIAN_POINT('Ctrl Pts',(7.96124211036333,-4.89048864339003,0.4));
#4818=CARTESIAN_POINT('Ctrl Pts',(7.94480924549322,-5.06919652278726,0.4));
#4819=CARTESIAN_POINT('Ctrl Pts',(7.82360851963869,-5.2014067429555,0.4));
#4820=CARTESIAN_POINT('Ctrl Pts',(7.76352549667137,-5.26694751953811,0.4));
#4821=CARTESIAN_POINT('Ctrl Pts',(7.86311651344078,-4.44157220101088,0.));
#4822=CARTESIAN_POINT('Ctrl Pts',(7.86311651344078,-4.44157220101088,0.4));
#4823=CARTESIAN_POINT('Ctrl Pts',(7.89415312922785,-4.4976723451716,0.));
#4824=CARTESIAN_POINT('Ctrl Pts',(7.89415312922785,-4.4976723451716,0.4));
#4825=CARTESIAN_POINT('Ctrl Pts',(7.95600075218209,-4.60946483529149,0.));
#4826=CARTESIAN_POINT('Ctrl Pts',(7.95600075218209,-4.60946483529149,0.4));
#4827=CARTESIAN_POINT('Ctrl Pts',(7.96503035400196,-4.73689115224774,0.));
#4828=CARTESIAN_POINT('Ctrl Pts',(7.96503035400196,-4.73689115224774,0.4));
#4829=CARTESIAN_POINT('Ctrl Pts',(7.96952868575829,-4.80037189697951,0.));
#4830=CARTESIAN_POINT('Ctrl Pts',(7.96952868575829,-4.80037189697951,0.4));
#4831=CARTESIAN_POINT('',(7.86311651344078,-4.44157220101088,0.));
#4832=CARTESIAN_POINT('Ctrl Pts',(7.86311651344078,-4.44157220101088,0.));
#4833=CARTESIAN_POINT('Ctrl Pts',(7.89415312922785,-4.4976723451716,0.));
#4834=CARTESIAN_POINT('Ctrl Pts',(7.95600075218209,-4.60946483529149,0.));
#4835=CARTESIAN_POINT('Ctrl Pts',(7.96503035400196,-4.73689115224774,0.));
#4836=CARTESIAN_POINT('Ctrl Pts',(7.96952868575829,-4.80037189697951,0.));
#4837=CARTESIAN_POINT('',(7.86311651344078,-4.44157220101088,0.4));
#4838=CARTESIAN_POINT('',(7.86311651344078,-4.44157220101088,0.));
#4839=CARTESIAN_POINT('Ctrl Pts',(7.86311651344078,-4.44157220101088,0.4));
#4840=CARTESIAN_POINT('Ctrl Pts',(7.89415312922785,-4.4976723451716,0.4));
#4841=CARTESIAN_POINT('Ctrl Pts',(7.95600075218209,-4.60946483529149,0.4));
#4842=CARTESIAN_POINT('Ctrl Pts',(7.96503035400196,-4.73689115224774,0.4));
#4843=CARTESIAN_POINT('Ctrl Pts',(7.96952868575829,-4.80037189697951,0.4));
#4844=CARTESIAN_POINT('Ctrl Pts',(7.55206609840172,-4.20146323418349,0.));
#4845=CARTESIAN_POINT('Ctrl Pts',(7.55206609840172,-4.20146323418349,0.4));
#4846=CARTESIAN_POINT('Ctrl Pts',(7.6156513901825,-4.22941323979934,0.));
#4847=CARTESIAN_POINT('Ctrl Pts',(7.6156513901825,-4.22941323979934,0.4));
#4848=CARTESIAN_POINT('Ctrl Pts',(7.73934098769613,-4.28378312390787,0.));
#4849=CARTESIAN_POINT('Ctrl Pts',(7.73934098769613,-4.28378312390787,0.4));
#4850=CARTESIAN_POINT('Ctrl Pts',(7.82263942519035,-4.3899719968475,0.));
#4851=CARTESIAN_POINT('Ctrl Pts',(7.82263942519035,-4.3899719968475,0.4));
#4852=CARTESIAN_POINT('Ctrl Pts',(7.86311651344078,-4.44157220101088,0.));
#4853=CARTESIAN_POINT('Ctrl Pts',(7.86311651344078,-4.44157220101088,0.4));
#4854=CARTESIAN_POINT('',(7.55206609840172,-4.20146323418349,0.));
#4855=CARTESIAN_POINT('Ctrl Pts',(7.55206609840172,-4.20146323418349,0.));
#4856=CARTESIAN_POINT('Ctrl Pts',(7.6156513901825,-4.22941323979934,0.));
#4857=CARTESIAN_POINT('Ctrl Pts',(7.73934098769613,-4.28378312390787,0.));
#4858=CARTESIAN_POINT('Ctrl Pts',(7.82263942519035,-4.3899719968475,0.));
#4859=CARTESIAN_POINT('Ctrl Pts',(7.86311651344078,-4.44157220101088,0.));
#4860=CARTESIAN_POINT('',(7.55206609840172,-4.20146323418349,0.4));
#4861=CARTESIAN_POINT('',(7.55206609840172,-4.20146323418349,0.));
#4862=CARTESIAN_POINT('Ctrl Pts',(7.55206609840172,-4.20146323418349,0.4));
#4863=CARTESIAN_POINT('Ctrl Pts',(7.6156513901825,-4.22941323979934,0.4));
#4864=CARTESIAN_POINT('Ctrl Pts',(7.73934098769613,-4.28378312390787,0.4));
#4865=CARTESIAN_POINT('Ctrl Pts',(7.82263942519035,-4.3899719968475,0.4));
#4866=CARTESIAN_POINT('Ctrl Pts',(7.86311651344078,-4.44157220101088,0.4));
#4867=CARTESIAN_POINT('Ctrl Pts',(6.98453510875481,-4.12642903303832,0.));
#4868=CARTESIAN_POINT('Ctrl Pts',(6.98453510875481,-4.12642903303832,0.4));
#4869=CARTESIAN_POINT('Ctrl Pts',(7.09303737068697,-4.12761068322977,0.));
#4870=CARTESIAN_POINT('Ctrl Pts',(7.09303737068697,-4.12761068322977,0.4));
#4871=CARTESIAN_POINT('Ctrl Pts',(7.28549560449329,-4.12970666081377,0.));
#4872=CARTESIAN_POINT('Ctrl Pts',(7.28549560449329,-4.12970666081377,0.4));
#4873=CARTESIAN_POINT('Ctrl Pts',(7.47109998150494,-4.17966843228182,0.));
#4874=CARTESIAN_POINT('Ctrl Pts',(7.47109998150494,-4.17966843228182,0.4));
#4875=CARTESIAN_POINT('Ctrl Pts',(7.55206609840172,-4.20146323418349,0.));
#4876=CARTESIAN_POINT('Ctrl Pts',(7.55206609840172,-4.20146323418349,0.4));
#4877=CARTESIAN_POINT('',(6.98453510875481,-4.12642903303832,0.));
#4878=CARTESIAN_POINT('Ctrl Pts',(6.98453510875481,-4.12642903303832,0.));
#4879=CARTESIAN_POINT('Ctrl Pts',(7.09303737068697,-4.12761068322977,0.));
#4880=CARTESIAN_POINT('Ctrl Pts',(7.28549560449329,-4.12970666081377,0.));
#4881=CARTESIAN_POINT('Ctrl Pts',(7.47109998150494,-4.17966843228182,0.));
#4882=CARTESIAN_POINT('Ctrl Pts',(7.55206609840172,-4.20146323418349,0.));
#4883=CARTESIAN_POINT('',(6.98453510875481,-4.12642903303832,0.4));
#4884=CARTESIAN_POINT('',(6.98453510875481,-4.12642903303832,0.));
#4885=CARTESIAN_POINT('Ctrl Pts',(6.98453510875481,-4.12642903303832,0.4));
#4886=CARTESIAN_POINT('Ctrl Pts',(7.09303737068697,-4.12761068322977,0.4));
#4887=CARTESIAN_POINT('Ctrl Pts',(7.28549560449329,-4.12970666081377,0.4));
#4888=CARTESIAN_POINT('Ctrl Pts',(7.47109998150494,-4.17966843228182,0.4));
#4889=CARTESIAN_POINT('Ctrl Pts',(7.55206609840172,-4.20146323418349,0.4));
#4890=CARTESIAN_POINT('Origin',(5.84674532289284,-4.12642903303832,0.));
#4891=CARTESIAN_POINT('',(5.84674532289284,-4.12642903303832,0.));
#4892=CARTESIAN_POINT('',(17.4233726614464,-4.12642903303832,0.));
#4893=CARTESIAN_POINT('',(5.84674532289284,-4.12642903303832,0.4));
#4894=CARTESIAN_POINT('',(5.84674532289284,-4.12642903303832,0.));
#4895=CARTESIAN_POINT('',(5.84674532289284,-4.12642903303832,0.4));
#4896=CARTESIAN_POINT('Origin',(5.84674532289284,-5.44975794529647,0.));
#4897=CARTESIAN_POINT('',(5.84674532289284,7.77512102735177,0.));
#4898=CARTESIAN_POINT('',(5.84674532289284,-5.44975794529647,0.4));
#4899=CARTESIAN_POINT('Origin',(5.84674532289284,-3.66803891634673,0.));
#4900=CARTESIAN_POINT('',(5.84674532289284,-3.66803891634673,0.4));
#4901=CARTESIAN_POINT('',(5.84674532289284,-3.66803891634673,0.));
#4902=CARTESIAN_POINT('',(5.84674532289284,-1.8917769906494,0.4));
#4903=CARTESIAN_POINT('',(5.84674532289284,-3.66803891634673,0.4));
#4904=CARTESIAN_POINT('',(5.84674532289284,-1.8917769906494,0.));
#4905=CARTESIAN_POINT('Origin',(6.46066094512718,-3.66803891634673,0.));
#4906=CARTESIAN_POINT('',(6.46066094512718,-3.66803891634673,0.4));
#4907=CARTESIAN_POINT('',(6.46066094512718,-3.66803891634673,0.));
#4908=CARTESIAN_POINT('',(6.46066094512718,-3.66803891634673,0.4));
#4909=CARTESIAN_POINT('Ctrl Pts',(6.75534034843224,-3.6489392039749,0.));
#4910=CARTESIAN_POINT('Ctrl Pts',(6.75534034843224,-3.6489392039749,0.4));
#4911=CARTESIAN_POINT('Ctrl Pts',(6.71583186394538,-3.65446113573955,0.));
#4912=CARTESIAN_POINT('Ctrl Pts',(6.71583186394538,-3.65446113573955,0.4));
#4913=CARTESIAN_POINT('Ctrl Pts',(6.61814281674105,-3.66811471571919,0.));
#4914=CARTESIAN_POINT('Ctrl Pts',(6.61814281674105,-3.66811471571919,0.4));
#4915=CARTESIAN_POINT('Ctrl Pts',(6.51944330759599,-3.66806720954735,0.));
#4916=CARTESIAN_POINT('Ctrl Pts',(6.51944330759599,-3.66806720954735,0.4));
#4917=CARTESIAN_POINT('Ctrl Pts',(6.46066094512718,-3.66803891634673,0.));
#4918=CARTESIAN_POINT('Ctrl Pts',(6.46066094512718,-3.66803891634673,0.4));
#4919=CARTESIAN_POINT('',(6.75534034843224,-3.6489392039749,0.4));
#4920=CARTESIAN_POINT('',(6.75534034843224,-3.6489392039749,0.));
#4921=CARTESIAN_POINT('Ctrl Pts',(6.75534034843224,-3.6489392039749,0.4));
#4922=CARTESIAN_POINT('Ctrl Pts',(6.71583186394538,-3.65446113573955,0.4));
#4923=CARTESIAN_POINT('Ctrl Pts',(6.61814281674105,-3.66811471571919,0.4));
#4924=CARTESIAN_POINT('Ctrl Pts',(6.51944330759599,-3.66806720954735,0.4));
#4925=CARTESIAN_POINT('Ctrl Pts',(6.46066094512718,-3.66803891634673,0.4));
#4926=CARTESIAN_POINT('Ctrl Pts',(6.99681366557854,-3.54252732968062,0.));
#4927=CARTESIAN_POINT('Ctrl Pts',(6.99681366557854,-3.54252732968062,0.4));
#4928=CARTESIAN_POINT('Ctrl Pts',(6.95768862480138,-3.56590876006574,0.));
#4929=CARTESIAN_POINT('Ctrl Pts',(6.95768862480138,-3.56590876006574,0.4));
#4930=CARTESIAN_POINT('Ctrl Pts',(6.88158132777906,-3.61139107603985,0.));
#4931=CARTESIAN_POINT('Ctrl Pts',(6.88158132777906,-3.61139107603985,0.4));
#4932=CARTESIAN_POINT('Ctrl Pts',(6.79662335037144,-3.63666031128589,0.));
#4933=CARTESIAN_POINT('Ctrl Pts',(6.79662335037144,-3.63666031128589,0.4));
#4934=CARTESIAN_POINT('Ctrl Pts',(6.75534034843224,-3.6489392039749,0.));
#4935=CARTESIAN_POINT('Ctrl Pts',(6.75534034843224,-3.6489392039749,0.4));
#4936=CARTESIAN_POINT('',(6.99681366557854,-3.54252732968062,0.4));
#4937=CARTESIAN_POINT('',(6.99681366557854,-3.54252732968062,0.));
#4938=CARTESIAN_POINT('Ctrl Pts',(6.99681366557854,-3.54252732968062,0.4));
#4939=CARTESIAN_POINT('Ctrl Pts',(6.95768862480138,-3.56590876006574,0.4));
#4940=CARTESIAN_POINT('Ctrl Pts',(6.88158132777906,-3.61139107603985,0.4));
#4941=CARTESIAN_POINT('Ctrl Pts',(6.79662335037144,-3.63666031128589,0.4));
#4942=CARTESIAN_POINT('Ctrl Pts',(6.75534034843224,-3.6489392039749,0.4));
#4943=CARTESIAN_POINT('Ctrl Pts',(7.26557220096367,-3.27513284659118,0.));
#4944=CARTESIAN_POINT('Ctrl Pts',(7.26557220096367,-3.27513284659118,0.4));
#4945=CARTESIAN_POINT('Ctrl Pts',(7.22041935758963,-3.33156417077964,0.));
#4946=CARTESIAN_POINT('Ctrl Pts',(7.22041935758963,-3.33156417077964,0.4));
#4947=CARTESIAN_POINT('Ctrl Pts',(7.14086175098645,-3.43099403508943,0.));
#4948=CARTESIAN_POINT('Ctrl Pts',(7.14086175098645,-3.43099403508943,0.4));
#4949=CARTESIAN_POINT('Ctrl Pts',(7.04030118061847,-3.50885589411622,0.));
#4950=CARTESIAN_POINT('Ctrl Pts',(7.04030118061847,-3.50885589411622,0.4));
#4951=CARTESIAN_POINT('Ctrl Pts',(6.99681366557854,-3.54252732968062,0.));
#4952=CARTESIAN_POINT('Ctrl Pts',(6.99681366557854,-3.54252732968062,0.4));
#4953=CARTESIAN_POINT('',(7.26557220096367,-3.27513284659118,0.4));
#4954=CARTESIAN_POINT('',(7.26557220096367,-3.27513284659118,0.));
#4955=CARTESIAN_POINT('Ctrl Pts',(7.26557220096367,-3.27513284659118,0.4));
#4956=CARTESIAN_POINT('Ctrl Pts',(7.22041935758963,-3.33156417077964,0.4));
#4957=CARTESIAN_POINT('Ctrl Pts',(7.14086175098645,-3.43099403508943,0.4));
#4958=CARTESIAN_POINT('Ctrl Pts',(7.04030118061847,-3.50885589411622,0.4));
#4959=CARTESIAN_POINT('Ctrl Pts',(6.99681366557854,-3.54252732968062,0.4));
#4960=CARTESIAN_POINT('Ctrl Pts',(7.64756346816796,-2.72397346472472,0.));
#4961=CARTESIAN_POINT('Ctrl Pts',(7.64756346816796,-2.72397346472472,0.4));
#4962=CARTESIAN_POINT('Ctrl Pts',(7.57839026583253,-2.83084689675441,0.));
#4963=CARTESIAN_POINT('Ctrl Pts',(7.57839026583253,-2.83084689675441,0.4));
#4964=CARTESIAN_POINT('Ctrl Pts',(7.45685986653802,-3.01861282965949,0.));
#4965=CARTESIAN_POINT('Ctrl Pts',(7.45685986653802,-3.01861282965949,0.4));
#4966=CARTESIAN_POINT('Ctrl Pts',(7.32316852294464,-3.19789519801932,0.));
#4967=CARTESIAN_POINT('Ctrl Pts',(7.32316852294464,-3.19789519801932,0.4));
#4968=CARTESIAN_POINT('Ctrl Pts',(7.26557220096367,-3.27513284659118,0.));
#4969=CARTESIAN_POINT('Ctrl Pts',(7.26557220096367,-3.27513284659118,0.4));
#4970=CARTESIAN_POINT('',(7.64756346816796,-2.72397346472472,0.4));
#4971=CARTESIAN_POINT('',(7.64756346816796,-2.72397346472472,0.));
#4972=CARTESIAN_POINT('Ctrl Pts',(7.64756346816796,-2.72397346472472,0.4));
#4973=CARTESIAN_POINT('Ctrl Pts',(7.57839026583253,-2.83084689675441,0.4));
#4974=CARTESIAN_POINT('Ctrl Pts',(7.45685986653802,-3.01861282965949,0.4));
#4975=CARTESIAN_POINT('Ctrl Pts',(7.32316852294464,-3.19789519801932,0.4));
#4976=CARTESIAN_POINT('Ctrl Pts',(7.26557220096367,-3.27513284659118,0.4));
#4977=CARTESIAN_POINT('Origin',(8.17689562911766,-1.8917769906494,0.));
#4978=CARTESIAN_POINT('',(8.17689562911766,-1.8917769906494,0.4));
#4979=CARTESIAN_POINT('',(8.17689562911766,-1.8917769906494,0.));
#4980=CARTESIAN_POINT('',(8.17689562911766,-1.8917769906494,0.4));
#4981=CARTESIAN_POINT('Origin',(8.84265209312218,-1.8917769906494,0.));
#4982=CARTESIAN_POINT('',(8.84265209312218,-1.8917769906494,0.4));
#4983=CARTESIAN_POINT('',(8.84265209312218,-1.8917769906494,0.));
#4984=CARTESIAN_POINT('',(8.84265209312218,-1.8917769906494,0.4));
#4985=CARTESIAN_POINT('Origin',(8.14688171024101,-2.98045374130935,0.));
#4986=CARTESIAN_POINT('',(8.14688171024101,-2.98045374130935,0.4));
#4987=CARTESIAN_POINT('',(8.14688171024101,-2.98045374130935,0.));
#4988=CARTESIAN_POINT('',(8.14688171024101,-2.98045374130935,0.4));
#4989=CARTESIAN_POINT('Ctrl Pts',(7.70759130592125,-3.5125137088272,0.));
#4990=CARTESIAN_POINT('Ctrl Pts',(7.70759130592125,-3.5125137088272,0.4));
#4991=CARTESIAN_POINT('Ctrl Pts',(7.7853767834108,-3.43480151083086,0.));
#4992=CARTESIAN_POINT('Ctrl Pts',(7.7853767834108,-3.43480151083086,0.4));
#4993=CARTESIAN_POINT('Ctrl Pts',(7.9487821827768,-3.27155005105925,0.));
#4994=CARTESIAN_POINT('Ctrl Pts',(7.9487821827768,-3.27155005105925,0.4));
#4995=CARTESIAN_POINT('Ctrl Pts',(8.07877110212846,-3.08053851652401,0.));
#4996=CARTESIAN_POINT('Ctrl Pts',(8.07877110212846,-3.08053851652401,0.4));
#4997=CARTESIAN_POINT('Ctrl Pts',(8.14688171024101,-2.98045374130935,0.));
#4998=CARTESIAN_POINT('Ctrl Pts',(8.14688171024101,-2.98045374130935,0.4));
#4999=CARTESIAN_POINT('',(7.70759130592125,-3.5125137088272,0.4));
#5000=CARTESIAN_POINT('',(7.70759130592125,-3.5125137088272,0.));
#5001=CARTESIAN_POINT('Ctrl Pts',(7.70759130592125,-3.5125137088272,0.4));
#5002=CARTESIAN_POINT('Ctrl Pts',(7.7853767834108,-3.43480151083086,0.4));
#5003=CARTESIAN_POINT('Ctrl Pts',(7.9487821827768,-3.27155005105925,0.4));
#5004=CARTESIAN_POINT('Ctrl Pts',(8.07877110212846,-3.08053851652401,0.4));
#5005=CARTESIAN_POINT('Ctrl Pts',(8.14688171024101,-2.98045374130935,0.4));
#5006=CARTESIAN_POINT('Ctrl Pts',(7.38835478896874,-3.71169514631957,0.));
#5007=CARTESIAN_POINT('Ctrl Pts',(7.38835478896874,-3.71169514631957,0.4));
#5008=CARTESIAN_POINT('Ctrl Pts',(7.45141294635677,-3.68053740502794,0.));
#5009=CARTESIAN_POINT('Ctrl Pts',(7.45141294635677,-3.68053740502794,0.4));
#5010=CARTESIAN_POINT('Ctrl Pts',(7.5645022615166,-3.62465870874896,0.));
#5011=CARTESIAN_POINT('Ctrl Pts',(7.5645022615166,-3.62465870874896,0.4));
#5012=CARTESIAN_POINT('Ctrl Pts',(7.66370404623298,-3.54691003004652,0.));
#5013=CARTESIAN_POINT('Ctrl Pts',(7.66370404623298,-3.54691003004652,0.4));
#5014=CARTESIAN_POINT('Ctrl Pts',(7.70759130592125,-3.5125137088272,0.));
#5015=CARTESIAN_POINT('Ctrl Pts',(7.70759130592125,-3.5125137088272,0.4));
#5016=CARTESIAN_POINT('',(7.38835478896874,-3.71169514631957,0.4));
#5017=CARTESIAN_POINT('',(7.38835478896874,-3.71169514631957,0.));
#5018=CARTESIAN_POINT('Ctrl Pts',(7.38835478896874,-3.71169514631957,0.4));
#5019=CARTESIAN_POINT('Ctrl Pts',(7.45141294635677,-3.68053740502794,0.4));
#5020=CARTESIAN_POINT('Ctrl Pts',(7.5645022615166,-3.62465870874896,0.4));
#5021=CARTESIAN_POINT('Ctrl Pts',(7.66370404623298,-3.54691003004652,0.4));
#5022=CARTESIAN_POINT('Ctrl Pts',(7.70759130592125,-3.5125137088272,0.4));
#5023=CARTESIAN_POINT('Ctrl Pts',(8.23965097541588,-4.08277280306548,0.));
#5024=CARTESIAN_POINT('Ctrl Pts',(8.23965097541588,-4.08277280306548,0.4));
#5025=CARTESIAN_POINT('Ctrl Pts',(8.12724357928579,-3.99340886714442,0.));
#5026=CARTESIAN_POINT('Ctrl Pts',(8.12724357928579,-3.99340886714442,0.4));
#5027=CARTESIAN_POINT('Ctrl Pts',(7.87759992460901,-3.7949420373122,0.));
#5028=CARTESIAN_POINT('Ctrl Pts',(7.87759992460901,-3.7949420373122,0.4));
#5029=CARTESIAN_POINT('Ctrl Pts',(7.56190262547442,-3.74122496026179,0.));
#5030=CARTESIAN_POINT('Ctrl Pts',(7.56190262547442,-3.74122496026179,0.4));
#5031=CARTESIAN_POINT('Ctrl Pts',(7.38835478896874,-3.71169514631957,0.));
#5032=CARTESIAN_POINT('Ctrl Pts',(7.38835478896874,-3.71169514631957,0.4));
#5033=CARTESIAN_POINT('',(8.23965097541588,-4.08277280306548,0.4));
#5034=CARTESIAN_POINT('',(8.23965097541588,-4.08277280306548,0.));
#5035=CARTESIAN_POINT('Ctrl Pts',(8.23965097541588,-4.08277280306548,0.4));
#5036=CARTESIAN_POINT('Ctrl Pts',(8.12724357928579,-3.99340886714442,0.4));
#5037=CARTESIAN_POINT('Ctrl Pts',(7.87759992460901,-3.7949420373122,0.4));
#5038=CARTESIAN_POINT('Ctrl Pts',(7.56190262547442,-3.74122496026179,0.4));
#5039=CARTESIAN_POINT('Ctrl Pts',(7.38835478896874,-3.71169514631957,0.4));
#5040=CARTESIAN_POINT('Ctrl Pts',(8.51523066634911,-4.80037189697951,0.));
#5041=CARTESIAN_POINT('Ctrl Pts',(8.51523066634911,-4.80037189697951,0.4));
#5042=CARTESIAN_POINT('Ctrl Pts',(8.50451458330151,-4.66488120334416,0.));
#5043=CARTESIAN_POINT('Ctrl Pts',(8.50451458330151,-4.66488120334416,0.4));
#5044=CARTESIAN_POINT('Ctrl Pts',(8.48342572280888,-4.39824046125291,0.));
#5045=CARTESIAN_POINT('Ctrl Pts',(8.48342572280888,-4.39824046125291,0.4));
#5046=CARTESIAN_POINT('Ctrl Pts',(8.3200225443226,-4.18678124076873,0.));
#5047=CARTESIAN_POINT('Ctrl Pts',(8.3200225443226,-4.18678124076873,0.4));
#5048=CARTESIAN_POINT('Ctrl Pts',(8.23965097541588,-4.08277280306548,0.));
#5049=CARTESIAN_POINT('Ctrl Pts',(8.23965097541588,-4.08277280306548,0.4));
#5050=CARTESIAN_POINT('',(8.51523066634911,-4.80037189697951,0.4));
#5051=CARTESIAN_POINT('',(8.51523066634911,-4.80037189697951,0.));
#5052=CARTESIAN_POINT('Ctrl Pts',(8.51523066634911,-4.80037189697951,0.4));
#5053=CARTESIAN_POINT('Ctrl Pts',(8.50451458330151,-4.66488120334416,0.4));
#5054=CARTESIAN_POINT('Ctrl Pts',(8.48342572280888,-4.39824046125291,0.4));
#5055=CARTESIAN_POINT('Ctrl Pts',(8.3200225443226,-4.18678124076873,0.4));
#5056=CARTESIAN_POINT('Ctrl Pts',(8.23965097541588,-4.08277280306548,0.4));
#5057=CARTESIAN_POINT('Ctrl Pts',(8.3487918483712,-5.40337301468581,0.));
#5058=CARTESIAN_POINT('Ctrl Pts',(8.3487918483712,-5.40337301468581,0.4));
#5059=CARTESIAN_POINT('Ctrl Pts',(8.39733563903051,-5.30957055462933,0.));
#5060=CARTESIAN_POINT('Ctrl Pts',(8.39733563903051,-5.30957055462933,0.4));
#5061=CARTESIAN_POINT('Ctrl Pts',(8.49526360249686,-5.12034174170177,0.));
#5062=CARTESIAN_POINT('Ctrl Pts',(8.49526360249686,-5.12034174170177,0.4));
#5063=CARTESIAN_POINT('Ctrl Pts',(8.50853700921621,-4.90763696355543,0.));
#5064=CARTESIAN_POINT('Ctrl Pts',(8.50853700921621,-4.90763696355543,0.4));
#5065=CARTESIAN_POINT('Ctrl Pts',(8.51523066634911,-4.80037189697951,0.));
#5066=CARTESIAN_POINT('Ctrl Pts',(8.51523066634911,-4.80037189697951,0.4));
#5067=CARTESIAN_POINT('',(8.3487918483712,-5.40337301468581,0.4));
#5068=CARTESIAN_POINT('',(8.3487918483712,-5.40337301468581,0.));
#5069=CARTESIAN_POINT('Ctrl Pts',(8.3487918483712,-5.40337301468581,0.4));
#5070=CARTESIAN_POINT('Ctrl Pts',(8.39733563903051,-5.30957055462933,0.4));
#5071=CARTESIAN_POINT('Ctrl Pts',(8.49526360249686,-5.12034174170177,0.4));
#5072=CARTESIAN_POINT('Ctrl Pts',(8.50853700921621,-4.90763696355543,0.4));
#5073=CARTESIAN_POINT('Ctrl Pts',(8.51523066634911,-4.80037189697951,0.4));
#5074=CARTESIAN_POINT('Ctrl Pts',(7.9040440427758,-5.78400052761764,0.));
#5075=CARTESIAN_POINT('Ctrl Pts',(7.9040440427758,-5.78400052761764,0.4));
#5076=CARTESIAN_POINT('Ctrl Pts',(7.99264508063887,-5.74037946326267,0.));
#5077=CARTESIAN_POINT('Ctrl Pts',(7.99264508063887,-5.74037946326267,0.4));
#5078=CARTESIAN_POINT('Ctrl Pts',(8.17319656491121,-5.65148831588129,0.));
#5079=CARTESIAN_POINT('Ctrl Pts',(8.17319656491121,-5.65148831588129,0.4));
#5080=CARTESIAN_POINT('Ctrl Pts',(8.28954065458654,-5.48709466997401,0.));
#5081=CARTESIAN_POINT('Ctrl Pts',(8.28954065458654,-5.48709466997401,0.4));
#5082=CARTESIAN_POINT('Ctrl Pts',(8.3487918483712,-5.40337301468581,0.));
#5083=CARTESIAN_POINT('Ctrl Pts',(8.3487918483712,-5.40337301468581,0.4));
#5084=CARTESIAN_POINT('',(7.9040440427758,-5.78400052761764,0.4));
#5085=CARTESIAN_POINT('',(7.9040440427758,-5.78400052761764,0.));
#5086=CARTESIAN_POINT('Ctrl Pts',(7.9040440427758,-5.78400052761764,0.4));
#5087=CARTESIAN_POINT('Ctrl Pts',(7.99264508063887,-5.74037946326267,0.4));
#5088=CARTESIAN_POINT('Ctrl Pts',(8.17319656491121,-5.65148831588129,0.4));
#5089=CARTESIAN_POINT('Ctrl Pts',(8.28954065458654,-5.48709466997401,0.4));
#5090=CARTESIAN_POINT('Ctrl Pts',(8.3487918483712,-5.40337301468581,0.4));
#5091=CARTESIAN_POINT('Ctrl Pts',(7.09094728107231,-5.89177705025405,0.));
#5092=CARTESIAN_POINT('Ctrl Pts',(7.09094728107231,-5.89177705025405,0.4));
#5093=CARTESIAN_POINT('Ctrl Pts',(7.24896681342378,-5.89056114336667,0.));
#5094=CARTESIAN_POINT('Ctrl Pts',(7.24896681342378,-5.89056114336667,0.4));
#5095=CARTESIAN_POINT('Ctrl Pts',(7.52491771072779,-5.88843779448936,0.));
#5096=CARTESIAN_POINT('Ctrl Pts',(7.52491771072779,-5.88843779448936,0.4));
#5097=CARTESIAN_POINT('Ctrl Pts',(7.79053071630174,-5.81526984490939,0.));
#5098=CARTESIAN_POINT('Ctrl Pts',(7.79053071630174,-5.81526984490939,0.4));
#5099=CARTESIAN_POINT('Ctrl Pts',(7.9040440427758,-5.78400052761764,0.));
#5100=CARTESIAN_POINT('Ctrl Pts',(7.9040440427758,-5.78400052761764,0.4));
#5101=CARTESIAN_POINT('',(7.09094728107232,-5.89177705025405,0.4));
#5102=CARTESIAN_POINT('',(7.09094728107232,-5.89177705025405,0.));
#5103=CARTESIAN_POINT('Ctrl Pts',(7.09094728107231,-5.89177705025405,0.4));
#5104=CARTESIAN_POINT('Ctrl Pts',(7.24896681342378,-5.89056114336667,0.4));
#5105=CARTESIAN_POINT('Ctrl Pts',(7.52491771072779,-5.88843779448936,0.4));
#5106=CARTESIAN_POINT('Ctrl Pts',(7.79053071630174,-5.81526984490939,0.4));
#5107=CARTESIAN_POINT('Ctrl Pts',(7.9040440427758,-5.78400052761764,0.4));
#5108=CARTESIAN_POINT('Origin',(5.31741375798958,-5.89177705025405,0.));
#5109=CARTESIAN_POINT('',(5.31741375798958,-5.89177705025405,0.4));
#5110=CARTESIAN_POINT('',(5.31741375798958,-5.89177705025405,0.));
#5111=CARTESIAN_POINT('',(5.31741375798958,-5.89177705025405,0.4));
#5112=CARTESIAN_POINT('Origin',(5.31741375798958,-1.8917769906494,0.));
#5113=CARTESIAN_POINT('',(5.31741375798958,-1.8917769906494,0.4));
#5114=CARTESIAN_POINT('',(5.31741375798958,-1.8917769906494,0.));
#5115=CARTESIAN_POINT('',(5.31741375798958,-1.8917769906494,0.4));
#5116=CARTESIAN_POINT('Origin',(5.84674532289284,-1.8917769906494,0.));
#5117=CARTESIAN_POINT('',(5.84674532289284,-1.8917769906494,0.4));
#5118=CARTESIAN_POINT('Origin',(14.5943569740899,-3.89177702045173,0.4));
#5119=CARTESIAN_POINT('Origin',(26.0568394767739,-5.44975794529647,0.));
#5120=CARTESIAN_POINT('',(26.0568394767739,-5.44975794529647,0.));
#5121=CARTESIAN_POINT('',(24.7908105957009,-5.44975794529647,0.));
#5122=CARTESIAN_POINT('',(27.528419738387,-5.44975794529647,0.));
#5123=CARTESIAN_POINT('',(26.0568394767739,-5.44975794529647,0.4));
#5124=CARTESIAN_POINT('',(26.0568394767739,-5.44975794529647,0.));
#5125=CARTESIAN_POINT('',(24.7908105957009,-5.44975794529647,0.4));
#5126=CARTESIAN_POINT('',(26.0568394767739,-5.44975794529647,0.4));
#5127=CARTESIAN_POINT('',(24.7908105957009,-5.44975794529647,0.));
#5128=CARTESIAN_POINT('Ctrl Pts',(26.7075910675027,-5.26694751953811,0.));
#5129=CARTESIAN_POINT('Ctrl Pts',(26.7075910675027,-5.26694751953811,0.4));
#5130=CARTESIAN_POINT('Ctrl Pts',(26.621292500463,-5.32004174798198,0.));
#5131=CARTESIAN_POINT('Ctrl Pts',(26.621292500463,-5.32004174798198,0.4));
#5132=CARTESIAN_POINT('Ctrl Pts',(26.4230681216375,-5.44199708065487,0.));
#5133=CARTESIAN_POINT('Ctrl Pts',(26.4230681216375,-5.44199708065487,0.4));
#5134=CARTESIAN_POINT('Ctrl Pts',(26.1890026661461,-5.44695723421691,0.));
#5135=CARTESIAN_POINT('Ctrl Pts',(26.1890026661461,-5.44695723421691,0.4));
#5136=CARTESIAN_POINT('Ctrl Pts',(26.0568394767739,-5.44975794529647,0.));
#5137=CARTESIAN_POINT('Ctrl Pts',(26.0568394767739,-5.44975794529647,0.4));
#5138=CARTESIAN_POINT('',(26.7075910675027,-5.26694751953811,0.));
#5139=CARTESIAN_POINT('Ctrl Pts',(26.7075910675027,-5.26694751953811,0.));
#5140=CARTESIAN_POINT('Ctrl Pts',(26.621292500463,-5.32004174798198,0.));
#5141=CARTESIAN_POINT('Ctrl Pts',(26.4230681216375,-5.44199708065487,0.));
#5142=CARTESIAN_POINT('Ctrl Pts',(26.1890026661461,-5.44695723421691,0.));
#5143=CARTESIAN_POINT('Ctrl Pts',(26.0568394767739,-5.44975794529647,0.));
#5144=CARTESIAN_POINT('',(26.7075910675027,-5.26694751953811,0.4));
#5145=CARTESIAN_POINT('',(26.7075910675027,-5.26694751953811,0.));
#5146=CARTESIAN_POINT('Ctrl Pts',(26.7075910675027,-5.26694751953811,0.4));
#5147=CARTESIAN_POINT('Ctrl Pts',(26.621292500463,-5.32004174798198,0.4));
#5148=CARTESIAN_POINT('Ctrl Pts',(26.4230681216375,-5.44199708065487,0.4));
#5149=CARTESIAN_POINT('Ctrl Pts',(26.1890026661461,-5.44695723421691,0.4));
#5150=CARTESIAN_POINT('Ctrl Pts',(26.0568394767739,-5.44975794529647,0.4));
#5151=CARTESIAN_POINT('Ctrl Pts',(26.9135942565896,-4.80037189697951,0.));
#5152=CARTESIAN_POINT('Ctrl Pts',(26.9135942565896,-4.80037189697951,0.4));
#5153=CARTESIAN_POINT('Ctrl Pts',(26.9053076811946,-4.89048864339004,0.));
#5154=CARTESIAN_POINT('Ctrl Pts',(26.9053076811946,-4.89048864339004,0.4));
#5155=CARTESIAN_POINT('Ctrl Pts',(26.8888748163245,-5.06919652278726,0.));
#5156=CARTESIAN_POINT('Ctrl Pts',(26.8888748163245,-5.06919652278726,0.4));
#5157=CARTESIAN_POINT('Ctrl Pts',(26.76767409047,-5.2014067429555,0.));
#5158=CARTESIAN_POINT('Ctrl Pts',(26.76767409047,-5.2014067429555,0.4));
#5159=CARTESIAN_POINT('Ctrl Pts',(26.7075910675027,-5.26694751953811,0.));
#5160=CARTESIAN_POINT('Ctrl Pts',(26.7075910675027,-5.26694751953811,0.4));
#5161=CARTESIAN_POINT('',(26.9135942565896,-4.80037189697951,0.));
#5162=CARTESIAN_POINT('Ctrl Pts',(26.9135942565896,-4.80037189697951,0.));
#5163=CARTESIAN_POINT('Ctrl Pts',(26.9053076811946,-4.89048864339004,0.));
#5164=CARTESIAN_POINT('Ctrl Pts',(26.8888748163245,-5.06919652278726,0.));
#5165=CARTESIAN_POINT('Ctrl Pts',(26.76767409047,-5.2014067429555,0.));
#5166=CARTESIAN_POINT('Ctrl Pts',(26.7075910675027,-5.26694751953811,0.));
#5167=CARTESIAN_POINT('',(26.9135942565896,-4.80037189697951,0.4));
#5168=CARTESIAN_POINT('',(26.9135942565896,-4.80037189697951,0.));
#5169=CARTESIAN_POINT('Ctrl Pts',(26.9135942565896,-4.80037189697951,0.4));
#5170=CARTESIAN_POINT('Ctrl Pts',(26.9053076811946,-4.89048864339004,0.4));
#5171=CARTESIAN_POINT('Ctrl Pts',(26.8888748163245,-5.06919652278726,0.4));
#5172=CARTESIAN_POINT('Ctrl Pts',(26.76767409047,-5.2014067429555,0.4));
#5173=CARTESIAN_POINT('Ctrl Pts',(26.7075910675027,-5.26694751953811,0.4));
#5174=CARTESIAN_POINT('Ctrl Pts',(26.8071808921792,-4.44157220101089,0.));
#5175=CARTESIAN_POINT('Ctrl Pts',(26.8071808921792,-4.44157220101089,0.4));
#5176=CARTESIAN_POINT('Ctrl Pts',(26.8382183036417,-4.49767227302486,0.));
#5177=CARTESIAN_POINT('Ctrl Pts',(26.8382183036417,-4.49767227302486,0.4));
#5178=CARTESIAN_POINT('Ctrl Pts',(26.9000673763817,-4.60946437395124,0.));
#5179=CARTESIAN_POINT('Ctrl Pts',(26.9000673763817,-4.60946437395124,0.4));
#5180=CARTESIAN_POINT('Ctrl Pts',(26.9090962817405,-4.73689109254556,0.));
#5181=CARTESIAN_POINT('Ctrl Pts',(26.9090962817405,-4.73689109254556,0.4));
#5182=CARTESIAN_POINT('Ctrl Pts',(26.9135942565896,-4.80037189697951,0.));
#5183=CARTESIAN_POINT('Ctrl Pts',(26.9135942565896,-4.80037189697951,0.4));
#5184=CARTESIAN_POINT('',(26.8071808921792,-4.44157220101089,0.));
#5185=CARTESIAN_POINT('Ctrl Pts',(26.8071808921792,-4.44157220101089,0.));
#5186=CARTESIAN_POINT('Ctrl Pts',(26.8382183036417,-4.49767227302486,0.));
#5187=CARTESIAN_POINT('Ctrl Pts',(26.9000673763817,-4.60946437395124,0.));
#5188=CARTESIAN_POINT('Ctrl Pts',(26.9090962817405,-4.73689109254556,0.));
#5189=CARTESIAN_POINT('Ctrl Pts',(26.9135942565896,-4.80037189697951,0.));
#5190=CARTESIAN_POINT('',(26.8071808921792,-4.44157220101089,0.4));
#5191=CARTESIAN_POINT('',(26.8071808921792,-4.44157220101089,0.));
#5192=CARTESIAN_POINT('Ctrl Pts',(26.8071808921792,-4.44157220101089,0.4));
#5193=CARTESIAN_POINT('Ctrl Pts',(26.8382183036417,-4.49767227302486,0.4));
#5194=CARTESIAN_POINT('Ctrl Pts',(26.9000673763817,-4.60946437395124,0.4));
#5195=CARTESIAN_POINT('Ctrl Pts',(26.9090962817405,-4.73689109254556,0.4));
#5196=CARTESIAN_POINT('Ctrl Pts',(26.9135942565896,-4.80037189697951,0.4));
#5197=CARTESIAN_POINT('Ctrl Pts',(26.4961304771401,-4.20146323418349,0.));
#5198=CARTESIAN_POINT('Ctrl Pts',(26.4961304771401,-4.20146323418349,0.4));
#5199=CARTESIAN_POINT('Ctrl Pts',(26.5597160256182,-4.22941316951814,0.));
#5200=CARTESIAN_POINT('Ctrl Pts',(26.5597160256182,-4.22941316951814,0.4));
#5201=CARTESIAN_POINT('Ctrl Pts',(26.6834058434703,-4.28378279427197,0.));
#5202=CARTESIAN_POINT('Ctrl Pts',(26.6834058434703,-4.28378279427197,0.4));
#5203=CARTESIAN_POINT('Ctrl Pts',(26.7667040249325,-4.38997197191683,0.));
#5204=CARTESIAN_POINT('Ctrl Pts',(26.7667040249325,-4.38997197191683,0.4));
#5205=CARTESIAN_POINT('Ctrl Pts',(26.8071808921792,-4.44157220101089,0.));
#5206=CARTESIAN_POINT('Ctrl Pts',(26.8071808921792,-4.44157220101089,0.4));
#5207=CARTESIAN_POINT('',(26.4961304771401,-4.20146323418349,0.));
#5208=CARTESIAN_POINT('Ctrl Pts',(26.4961304771401,-4.20146323418349,0.));
#5209=CARTESIAN_POINT('Ctrl Pts',(26.5597160256182,-4.22941316951814,0.));
#5210=CARTESIAN_POINT('Ctrl Pts',(26.6834058434703,-4.28378279427197,0.));
#5211=CARTESIAN_POINT('Ctrl Pts',(26.7667040249325,-4.38997197191683,0.));
#5212=CARTESIAN_POINT('Ctrl Pts',(26.8071808921792,-4.44157220101089,0.));
#5213=CARTESIAN_POINT('',(26.4961304771401,-4.20146323418349,0.4));
#5214=CARTESIAN_POINT('',(26.4961304771401,-4.20146323418349,0.));
#5215=CARTESIAN_POINT('Ctrl Pts',(26.4961304771401,-4.20146323418349,0.4));
#5216=CARTESIAN_POINT('Ctrl Pts',(26.5597160256182,-4.22941316951814,0.4));
#5217=CARTESIAN_POINT('Ctrl Pts',(26.6834058434703,-4.28378279427197,0.4));
#5218=CARTESIAN_POINT('Ctrl Pts',(26.7667040249325,-4.38997197191683,0.4));
#5219=CARTESIAN_POINT('Ctrl Pts',(26.8071808921792,-4.44157220101089,0.4));
#5220=CARTESIAN_POINT('Ctrl Pts',(25.9285988914468,-4.12642903303832,0.));
#5221=CARTESIAN_POINT('Ctrl Pts',(25.9285988914468,-4.12642903303832,0.4));
#5222=CARTESIAN_POINT('Ctrl Pts',(26.0371013541651,-4.12761066660976,0.));
#5223=CARTESIAN_POINT('Ctrl Pts',(26.0371013541651,-4.12761066660976,0.4));
#5224=CARTESIAN_POINT('Ctrl Pts',(26.2295597898689,-4.1297066130338,0.));
#5225=CARTESIAN_POINT('Ctrl Pts',(26.2295597898689,-4.1297066130338,0.4));
#5226=CARTESIAN_POINT('Ctrl Pts',(26.4151643599055,-4.17966843348789,0.));
#5227=CARTESIAN_POINT('Ctrl Pts',(26.4151643599055,-4.17966843348789,0.4));
#5228=CARTESIAN_POINT('Ctrl Pts',(26.4961304771401,-4.20146323418349,0.));
#5229=CARTESIAN_POINT('Ctrl Pts',(26.4961304771401,-4.20146323418349,0.4));
#5230=CARTESIAN_POINT('',(25.9285988914468,-4.12642903303832,0.));
#5231=CARTESIAN_POINT('Ctrl Pts',(25.9285988914468,-4.12642903303832,0.));
#5232=CARTESIAN_POINT('Ctrl Pts',(26.0371013541651,-4.12761066660976,0.));
#5233=CARTESIAN_POINT('Ctrl Pts',(26.2295597898689,-4.1297066130338,0.));
#5234=CARTESIAN_POINT('Ctrl Pts',(26.4151643599055,-4.17966843348789,0.));
#5235=CARTESIAN_POINT('Ctrl Pts',(26.4961304771401,-4.20146323418349,0.));
#5236=CARTESIAN_POINT('',(25.9285988914468,-4.12642903303832,0.4));
#5237=CARTESIAN_POINT('',(25.9285988914468,-4.12642903303832,0.));
#5238=CARTESIAN_POINT('Ctrl Pts',(25.9285988914468,-4.12642903303832,0.4));
#5239=CARTESIAN_POINT('Ctrl Pts',(26.0371013541651,-4.12761066660976,0.4));
#5240=CARTESIAN_POINT('Ctrl Pts',(26.2295597898689,-4.1297066130338,0.4));
#5241=CARTESIAN_POINT('Ctrl Pts',(26.4151643599055,-4.17966843348789,0.4));
#5242=CARTESIAN_POINT('Ctrl Pts',(26.4961304771401,-4.20146323418349,0.4));
#5243=CARTESIAN_POINT('Origin',(24.7908105957009,-4.12642903303832,0.));
#5244=CARTESIAN_POINT('',(24.7908105957009,-4.12642903303832,0.));
#5245=CARTESIAN_POINT('',(26.8954052978505,-4.12642903303832,0.));
#5246=CARTESIAN_POINT('',(24.7908105957009,-4.12642903303832,0.4));
#5247=CARTESIAN_POINT('',(24.7908105957009,-4.12642903303832,0.));
#5248=CARTESIAN_POINT('',(24.7908105957009,-4.12642903303832,0.4));
#5249=CARTESIAN_POINT('Origin',(24.7908105957009,-5.44975794529647,0.));
#5250=CARTESIAN_POINT('',(24.7908105957009,7.77512102735177,0.));
#5251=CARTESIAN_POINT('',(24.7908105957009,-5.44975794529647,0.4));
#5252=CARTESIAN_POINT('Origin',(24.7908105957009,-3.66803891634673,0.));
#5253=CARTESIAN_POINT('',(24.7908105957009,-3.66803891634673,0.4));
#5254=CARTESIAN_POINT('',(24.7908105957009,-3.66803891634673,0.));
#5255=CARTESIAN_POINT('',(24.7908105957009,-1.89177699064941,0.4));
#5256=CARTESIAN_POINT('',(24.7908105957009,-3.66803891634673,0.4));
#5257=CARTESIAN_POINT('',(24.7908105957009,-1.89177699064941,0.));
#5258=CARTESIAN_POINT('Origin',(25.4047241317727,-3.66803891634673,0.));
#5259=CARTESIAN_POINT('',(25.4047241317727,-3.66803891634673,0.4));
#5260=CARTESIAN_POINT('',(25.4047241317727,-3.66803891634673,0.));
#5261=CARTESIAN_POINT('',(25.4047241317727,-3.66803891634673,0.4));
#5262=CARTESIAN_POINT('Ctrl Pts',(25.6994047271706,-3.64893920397491,0.));
#5263=CARTESIAN_POINT('Ctrl Pts',(25.6994047271706,-3.64893920397491,0.4));
#5264=CARTESIAN_POINT('Ctrl Pts',(25.6598966399676,-3.65446113043495,0.));
#5265=CARTESIAN_POINT('Ctrl Pts',(25.6598966399676,-3.65446113043495,0.4));
#5266=CARTESIAN_POINT('Ctrl Pts',(25.5622072115186,-3.66811488788078,0.));
#5267=CARTESIAN_POINT('Ctrl Pts',(25.5622072115186,-3.66811488788078,0.4));
#5268=CARTESIAN_POINT('Ctrl Pts',(25.4635072943958,-3.66806727397758,0.));
#5269=CARTESIAN_POINT('Ctrl Pts',(25.4635072943958,-3.66806727397758,0.4));
#5270=CARTESIAN_POINT('Ctrl Pts',(25.4047241317727,-3.66803891634673,0.));
#5271=CARTESIAN_POINT('Ctrl Pts',(25.4047241317727,-3.66803891634673,0.4));
#5272=CARTESIAN_POINT('',(25.6994047271706,-3.64893920397491,0.4));
#5273=CARTESIAN_POINT('',(25.6994047271706,-3.64893920397491,0.));
#5274=CARTESIAN_POINT('Ctrl Pts',(25.6994047271706,-3.64893920397491,0.4));
#5275=CARTESIAN_POINT('Ctrl Pts',(25.6598966399676,-3.65446113043495,0.4));
#5276=CARTESIAN_POINT('Ctrl Pts',(25.5622072115186,-3.66811488788078,0.4));
#5277=CARTESIAN_POINT('Ctrl Pts',(25.4635072943958,-3.66806727397758,0.4));
#5278=CARTESIAN_POINT('Ctrl Pts',(25.4047241317727,-3.66803891634673,0.4));
#5279=CARTESIAN_POINT('Ctrl Pts',(25.9408774482705,-3.54252732968063,0.));
#5280=CARTESIAN_POINT('Ctrl Pts',(25.9408774482705,-3.54252732968063,0.4));
#5281=CARTESIAN_POINT('Ctrl Pts',(25.9017530328532,-3.56590881911833,0.));
#5282=CARTESIAN_POINT('Ctrl Pts',(25.9017530328532,-3.56590881911833,0.4));
#5283=CARTESIAN_POINT('Ctrl Pts',(25.8256462008764,-3.61139169902911,0.));
#5284=CARTESIAN_POINT('Ctrl Pts',(25.8256462008764,-3.61139169902911,0.4));
#5285=CARTESIAN_POINT('Ctrl Pts',(25.7406881809746,-3.63666042870097,0.));
#5286=CARTESIAN_POINT('Ctrl Pts',(25.7406881809746,-3.63666042870097,0.4));
#5287=CARTESIAN_POINT('Ctrl Pts',(25.6994047271706,-3.64893920397491,0.));
#5288=CARTESIAN_POINT('Ctrl Pts',(25.6994047271706,-3.64893920397491,0.4));
#5289=CARTESIAN_POINT('',(25.9408774482705,-3.54252732968063,0.4));
#5290=CARTESIAN_POINT('',(25.9408774482705,-3.54252732968063,0.));
#5291=CARTESIAN_POINT('Ctrl Pts',(25.9408774482705,-3.54252732968063,0.4));
#5292=CARTESIAN_POINT('Ctrl Pts',(25.9017530328532,-3.56590881911833,0.4));
#5293=CARTESIAN_POINT('Ctrl Pts',(25.8256462008764,-3.61139169902911,0.4));
#5294=CARTESIAN_POINT('Ctrl Pts',(25.7406881809746,-3.63666042870097,0.4));
#5295=CARTESIAN_POINT('Ctrl Pts',(25.6994047271706,-3.64893920397491,0.4));
#5296=CARTESIAN_POINT('Ctrl Pts',(26.2096371757485,-3.27513284659118,0.));
#5297=CARTESIAN_POINT('Ctrl Pts',(26.2096371757485,-3.27513284659118,0.4));
#5298=CARTESIAN_POINT('Ctrl Pts',(26.1644843873156,-3.33156423792517,0.));
#5299=CARTESIAN_POINT('Ctrl Pts',(26.1644843873156,-3.33156423792517,0.4));
#5300=CARTESIAN_POINT('Ctrl Pts',(26.0849266856346,-3.43099446035463,0.));
#5301=CARTESIAN_POINT('Ctrl Pts',(26.0849266856346,-3.43099446035463,0.4));
#5302=CARTESIAN_POINT('Ctrl Pts',(25.9843654071774,-3.50885594809764,0.));
#5303=CARTESIAN_POINT('Ctrl Pts',(25.9843654071774,-3.50885594809764,0.4));
#5304=CARTESIAN_POINT('Ctrl Pts',(25.9408774482705,-3.54252732968063,0.));
#5305=CARTESIAN_POINT('Ctrl Pts',(25.9408774482705,-3.54252732968063,0.4));
#5306=CARTESIAN_POINT('',(26.2096371757485,-3.27513284659118,0.4));
#5307=CARTESIAN_POINT('',(26.2096371757485,-3.27513284659118,0.));
#5308=CARTESIAN_POINT('Ctrl Pts',(26.2096371757485,-3.27513284659118,0.4));
#5309=CARTESIAN_POINT('Ctrl Pts',(26.1644843873156,-3.33156423792517,0.4));
#5310=CARTESIAN_POINT('Ctrl Pts',(26.0849266856346,-3.43099446035463,0.4));
#5311=CARTESIAN_POINT('Ctrl Pts',(25.9843654071774,-3.50885594809764,0.4));
#5312=CARTESIAN_POINT('Ctrl Pts',(25.9408774482705,-3.54252732968063,0.4));
#5313=CARTESIAN_POINT('Ctrl Pts',(26.5916290389993,-2.72397346472472,0.));
#5314=CARTESIAN_POINT('Ctrl Pts',(26.5916290389993,-2.72397346472472,0.4));
#5315=CARTESIAN_POINT('Ctrl Pts',(26.5224553161557,-2.83084681176059,0.));
#5316=CARTESIAN_POINT('Ctrl Pts',(26.5224553161557,-2.83084681176059,0.4));
#5317=CARTESIAN_POINT('Ctrl Pts',(26.4009241566617,-3.01861235697576,0.));
#5318=CARTESIAN_POINT('Ctrl Pts',(26.4009241566617,-3.01861235697576,0.4));
#5319=CARTESIAN_POINT('Ctrl Pts',(26.267233224065,-3.19789514623369,0.));
#5320=CARTESIAN_POINT('Ctrl Pts',(26.267233224065,-3.19789514623369,0.4));
#5321=CARTESIAN_POINT('Ctrl Pts',(26.2096371757485,-3.27513284659118,0.));
#5322=CARTESIAN_POINT('Ctrl Pts',(26.2096371757485,-3.27513284659118,0.4));
#5323=CARTESIAN_POINT('',(26.5916290389993,-2.72397346472472,0.4));
#5324=CARTESIAN_POINT('',(26.5916290389993,-2.72397346472472,0.));
#5325=CARTESIAN_POINT('Ctrl Pts',(26.5916290389993,-2.72397346472472,0.4));
#5326=CARTESIAN_POINT('Ctrl Pts',(26.5224553161557,-2.83084681176059,0.4));
#5327=CARTESIAN_POINT('Ctrl Pts',(26.4009241566617,-3.01861235697576,0.4));
#5328=CARTESIAN_POINT('Ctrl Pts',(26.267233224065,-3.19789514623369,0.4));
#5329=CARTESIAN_POINT('Ctrl Pts',(26.2096371757485,-3.27513284659118,0.4));
#5330=CARTESIAN_POINT('Origin',(27.120961199949,-1.89177699064941,0.));
#5331=CARTESIAN_POINT('',(27.120961199949,-1.89177699064941,0.4));
#5332=CARTESIAN_POINT('',(27.120961199949,-1.89177699064941,0.));
#5333=CARTESIAN_POINT('',(27.120961199949,-1.89177699064941,0.4));
#5334=CARTESIAN_POINT('Origin',(27.7867164718606,-1.89177699064941,0.));
#5335=CARTESIAN_POINT('',(27.7867164718606,-1.89177699064941,0.4));
#5336=CARTESIAN_POINT('',(27.7867164718606,-1.89177699064941,0.));
#5337=CARTESIAN_POINT('',(27.7867164718606,-1.89177699064941,0.4));
#5338=CARTESIAN_POINT('Origin',(27.0909466850259,-2.98045374130935,0.));
#5339=CARTESIAN_POINT('',(27.0909466850259,-2.98045374130935,0.4));
#5340=CARTESIAN_POINT('',(27.0909466850259,-2.98045374130935,0.));
#5341=CARTESIAN_POINT('',(27.0909466850259,-2.98045374130935,0.4));
#5342=CARTESIAN_POINT('Ctrl Pts',(26.6516556846597,-3.5125137088272,0.));
#5343=CARTESIAN_POINT('Ctrl Pts',(26.6516556846597,-3.5125137088272,0.4));
#5344=CARTESIAN_POINT('Ctrl Pts',(26.7294413906413,-3.43480153840554,0.));
#5345=CARTESIAN_POINT('Ctrl Pts',(26.7294413906413,-3.43480153840554,0.4));
#5346=CARTESIAN_POINT('Ctrl Pts',(26.8928471636138,-3.27155024285118,0.));
#5347=CARTESIAN_POINT('Ctrl Pts',(26.8928471636138,-3.27155024285118,0.4));
#5348=CARTESIAN_POINT('Ctrl Pts',(27.0228361054304,-3.08053854361932,0.));
#5349=CARTESIAN_POINT('Ctrl Pts',(27.0228361054304,-3.08053854361932,0.4));
#5350=CARTESIAN_POINT('Ctrl Pts',(27.0909466850259,-2.98045374130935,0.));
#5351=CARTESIAN_POINT('Ctrl Pts',(27.0909466850259,-2.98045374130935,0.4));
#5352=CARTESIAN_POINT('',(26.6516556846597,-3.5125137088272,0.4));
#5353=CARTESIAN_POINT('',(26.6516556846597,-3.5125137088272,0.));
#5354=CARTESIAN_POINT('Ctrl Pts',(26.6516556846597,-3.5125137088272,0.4));
#5355=CARTESIAN_POINT('Ctrl Pts',(26.7294413906413,-3.43480153840554,0.4));
#5356=CARTESIAN_POINT('Ctrl Pts',(26.8928471636138,-3.27155024285118,0.4));
#5357=CARTESIAN_POINT('Ctrl Pts',(27.0228361054304,-3.08053854361932,0.4));
#5358=CARTESIAN_POINT('Ctrl Pts',(27.0909466850259,-2.98045374130935,0.4));
#5359=CARTESIAN_POINT('Ctrl Pts',(26.3324203598,-3.71169514631957,0.));
#5360=CARTESIAN_POINT('Ctrl Pts',(26.3324203598,-3.71169514631957,0.4));
#5361=CARTESIAN_POINT('Ctrl Pts',(26.3954780842936,-3.68053734230678,0.));
#5362=CARTESIAN_POINT('Ctrl Pts',(26.3954780842936,-3.68053734230678,0.4));
#5363=CARTESIAN_POINT('Ctrl Pts',(26.5085668723824,-3.62465841036596,0.));
#5364=CARTESIAN_POINT('Ctrl Pts',(26.5085668723824,-3.62465841036596,0.4));
#5365=CARTESIAN_POINT('Ctrl Pts',(26.6077684116337,-3.54691000478158,0.));
#5366=CARTESIAN_POINT('Ctrl Pts',(26.6077684116337,-3.54691000478158,0.4));
#5367=CARTESIAN_POINT('Ctrl Pts',(26.6516556846597,-3.5125137088272,0.));
#5368=CARTESIAN_POINT('Ctrl Pts',(26.6516556846597,-3.5125137088272,0.4));
#5369=CARTESIAN_POINT('',(26.3324203598,-3.71169514631957,0.4));
#5370=CARTESIAN_POINT('',(26.3324203598,-3.71169514631957,0.));
#5371=CARTESIAN_POINT('Ctrl Pts',(26.3324203598,-3.71169514631957,0.4));
#5372=CARTESIAN_POINT('Ctrl Pts',(26.3954780842936,-3.68053734230678,0.4));
#5373=CARTESIAN_POINT('Ctrl Pts',(26.5085668723824,-3.62465841036596,0.4));
#5374=CARTESIAN_POINT('Ctrl Pts',(26.6077684116337,-3.54691000478158,0.4));
#5375=CARTESIAN_POINT('Ctrl Pts',(26.6516556846597,-3.5125137088272,0.4));
#5376=CARTESIAN_POINT('Ctrl Pts',(27.1837153541543,-4.08277280306548,0.));
#5377=CARTESIAN_POINT('Ctrl Pts',(27.1837153541543,-4.08277280306548,0.4));
#5378=CARTESIAN_POINT('Ctrl Pts',(27.0713081631796,-3.99340886701009,0.));
#5379=CARTESIAN_POINT('Ctrl Pts',(27.0713081631796,-3.99340886701009,0.4));
#5380=CARTESIAN_POINT('Ctrl Pts',(26.8216649574411,-3.79494203156263,0.));
#5381=CARTESIAN_POINT('Ctrl Pts',(26.8216649574411,-3.79494203156263,0.4));
#5382=CARTESIAN_POINT('Ctrl Pts',(26.5059680079208,-3.7412249586404,0.));
#5383=CARTESIAN_POINT('Ctrl Pts',(26.5059680079208,-3.7412249586404,0.4));
#5384=CARTESIAN_POINT('Ctrl Pts',(26.3324203598,-3.71169514631957,0.));
#5385=CARTESIAN_POINT('Ctrl Pts',(26.3324203598,-3.71169514631957,0.4));
#5386=CARTESIAN_POINT('',(27.1837153541543,-4.08277280306548,0.4));
#5387=CARTESIAN_POINT('',(27.1837153541543,-4.08277280306548,0.));
#5388=CARTESIAN_POINT('Ctrl Pts',(27.1837153541543,-4.08277280306548,0.4));
#5389=CARTESIAN_POINT('Ctrl Pts',(27.0713081631796,-3.99340886701009,0.4));
#5390=CARTESIAN_POINT('Ctrl Pts',(26.8216649574411,-3.79494203156263,0.4));
#5391=CARTESIAN_POINT('Ctrl Pts',(26.5059680079208,-3.7412249586404,0.4));
#5392=CARTESIAN_POINT('Ctrl Pts',(26.3324203598,-3.71169514631957,0.4));
#5393=CARTESIAN_POINT('Ctrl Pts',(27.4592962371804,-4.80037189697951,0.));
#5394=CARTESIAN_POINT('Ctrl Pts',(27.4592962371804,-4.80037189697951,0.4));
#5395=CARTESIAN_POINT('Ctrl Pts',(27.4485796682955,-4.66488121687755,0.));
#5396=CARTESIAN_POINT('Ctrl Pts',(27.4485796682955,-4.66488121687755,0.4));
#5397=CARTESIAN_POINT('Ctrl Pts',(27.427489857065,-4.39824056934022,0.));
#5398=CARTESIAN_POINT('Ctrl Pts',(27.427489857065,-4.39824056934022,0.4));
#5399=CARTESIAN_POINT('Ctrl Pts',(27.2640868282789,-4.18678125805801,0.));
#5400=CARTESIAN_POINT('Ctrl Pts',(27.2640868282789,-4.18678125805801,0.4));
#5401=CARTESIAN_POINT('Ctrl Pts',(27.1837153541543,-4.08277280306548,0.));
#5402=CARTESIAN_POINT('Ctrl Pts',(27.1837153541543,-4.08277280306548,0.4));
#5403=CARTESIAN_POINT('',(27.4592962371804,-4.80037189697951,0.4));
#5404=CARTESIAN_POINT('',(27.4592962371804,-4.80037189697951,0.));
#5405=CARTESIAN_POINT('Ctrl Pts',(27.4592962371804,-4.80037189697951,0.4));
#5406=CARTESIAN_POINT('Ctrl Pts',(27.4485796682955,-4.66488121687755,0.4));
#5407=CARTESIAN_POINT('Ctrl Pts',(27.427489857065,-4.39824056934022,0.4));
#5408=CARTESIAN_POINT('Ctrl Pts',(27.2640868282789,-4.18678125805801,0.4));
#5409=CARTESIAN_POINT('Ctrl Pts',(27.1837153541543,-4.08277280306548,0.4));
#5410=CARTESIAN_POINT('Ctrl Pts',(27.2928562271096,-5.40337301468581,0.));
#5411=CARTESIAN_POINT('Ctrl Pts',(27.2928562271096,-5.40337301468581,0.4));
#5412=CARTESIAN_POINT('Ctrl Pts',(27.3414008102512,-5.30957062173143,0.));
#5413=CARTESIAN_POINT('Ctrl Pts',(27.3414008102512,-5.30957062173143,0.4));
#5414=CARTESIAN_POINT('Ctrl Pts',(27.4393302479084,-5.12034218472668,0.));
#5415=CARTESIAN_POINT('Ctrl Pts',(27.4393302479084,-5.12034218472668,0.4));
#5416=CARTESIAN_POINT('Ctrl Pts',(27.4526029458445,-4.90763702296732,0.));
#5417=CARTESIAN_POINT('Ctrl Pts',(27.4526029458445,-4.90763702296732,0.4));
#5418=CARTESIAN_POINT('Ctrl Pts',(27.4592962371804,-4.80037189697951,0.));
#5419=CARTESIAN_POINT('Ctrl Pts',(27.4592962371804,-4.80037189697951,0.4));
#5420=CARTESIAN_POINT('',(27.2928562271096,-5.40337301468581,0.4));
#5421=CARTESIAN_POINT('',(27.2928562271096,-5.40337301468581,0.));
#5422=CARTESIAN_POINT('Ctrl Pts',(27.2928562271096,-5.40337301468581,0.4));
#5423=CARTESIAN_POINT('Ctrl Pts',(27.3414008102512,-5.30957062173143,0.4));
#5424=CARTESIAN_POINT('Ctrl Pts',(27.4393302479084,-5.12034218472668,0.4));
#5425=CARTESIAN_POINT('Ctrl Pts',(27.4526029458445,-4.90763702296732,0.4));
#5426=CARTESIAN_POINT('Ctrl Pts',(27.4592962371804,-4.80037189697951,0.4));
#5427=CARTESIAN_POINT('Ctrl Pts',(26.8481078254678,-5.78400052761764,0.));
#5428=CARTESIAN_POINT('Ctrl Pts',(26.8481078254678,-5.78400052761764,0.4));
#5429=CARTESIAN_POINT('Ctrl Pts',(26.9367090884444,-5.74037950077007,0.));
#5430=CARTESIAN_POINT('Ctrl Pts',(26.9367090884444,-5.74037950077007,0.4));
#5431=CARTESIAN_POINT('Ctrl Pts',(27.117260869819,-5.65148850939903,0.));
#5432=CARTESIAN_POINT('Ctrl Pts',(27.117260869819,-5.65148850939903,0.4));
#5433=CARTESIAN_POINT('Ctrl Pts',(27.2336050422769,-5.48709468742212,0.));
#5434=CARTESIAN_POINT('Ctrl Pts',(27.2336050422769,-5.48709468742212,0.4));
#5435=CARTESIAN_POINT('Ctrl Pts',(27.2928562271096,-5.40337301468581,0.));
#5436=CARTESIAN_POINT('Ctrl Pts',(27.2928562271096,-5.40337301468581,0.4));
#5437=CARTESIAN_POINT('',(26.8481078254678,-5.78400052761764,0.4));
#5438=CARTESIAN_POINT('',(26.8481078254678,-5.78400052761764,0.));
#5439=CARTESIAN_POINT('Ctrl Pts',(26.8481078254678,-5.78400052761764,0.4));
#5440=CARTESIAN_POINT('Ctrl Pts',(26.9367090884444,-5.74037950077007,0.4));
#5441=CARTESIAN_POINT('Ctrl Pts',(27.117260869819,-5.65148850939903,0.4));
#5442=CARTESIAN_POINT('Ctrl Pts',(27.2336050422769,-5.48709468742212,0.4));
#5443=CARTESIAN_POINT('Ctrl Pts',(27.2928562271096,-5.40337301468581,0.4));
#5444=CARTESIAN_POINT('Ctrl Pts',(26.0350122558572,-5.89177705025405,0.));
#5445=CARTESIAN_POINT('Ctrl Pts',(26.0350122558572,-5.89177705025405,0.4));
#5446=CARTESIAN_POINT('Ctrl Pts',(26.1930311806778,-5.89056106914128,0.));
#5447=CARTESIAN_POINT('Ctrl Pts',(26.1930311806778,-5.89056106914128,0.4));
#5448=CARTESIAN_POINT('Ctrl Pts',(26.4689816580624,-5.88843758571078,0.));
#5449=CARTESIAN_POINT('Ctrl Pts',(26.4689816580624,-5.88843758571078,0.4));
#5450=CARTESIAN_POINT('Ctrl Pts',(26.7345943007569,-5.81526985058662,0.));
#5451=CARTESIAN_POINT('Ctrl Pts',(26.7345943007569,-5.81526985058662,0.4));
#5452=CARTESIAN_POINT('Ctrl Pts',(26.8481078254678,-5.78400052761764,0.));
#5453=CARTESIAN_POINT('Ctrl Pts',(26.8481078254678,-5.78400052761764,0.4));
#5454=CARTESIAN_POINT('',(26.0350122558572,-5.89177705025405,0.4));
#5455=CARTESIAN_POINT('',(26.0350122558572,-5.89177705025405,0.));
#5456=CARTESIAN_POINT('Ctrl Pts',(26.0350122558572,-5.89177705025405,0.4));
#5457=CARTESIAN_POINT('Ctrl Pts',(26.1930311806778,-5.89056106914128,0.4));
#5458=CARTESIAN_POINT('Ctrl Pts',(26.4689816580624,-5.88843758571078,0.4));
#5459=CARTESIAN_POINT('Ctrl Pts',(26.7345943007569,-5.81526985058662,0.4));
#5460=CARTESIAN_POINT('Ctrl Pts',(26.8481078254678,-5.78400052761764,0.4));
#5461=CARTESIAN_POINT('Origin',(24.2614784347512,-5.89177705025405,0.));
#5462=CARTESIAN_POINT('',(24.2614784347512,-5.89177705025405,0.4));
#5463=CARTESIAN_POINT('',(24.2614784347512,-5.89177705025405,0.));
#5464=CARTESIAN_POINT('',(24.2614784347512,-5.89177705025405,0.4));
#5465=CARTESIAN_POINT('Origin',(24.2614784347512,-1.89177699064941,0.));
#5466=CARTESIAN_POINT('',(24.2614784347512,-1.89177699064941,0.4));
#5467=CARTESIAN_POINT('',(24.2614784347512,-1.89177699064941,0.));
#5468=CARTESIAN_POINT('',(24.2614784347512,-1.89177699064941,0.4));
#5469=CARTESIAN_POINT('Origin',(24.7908105957009,-1.89177699064941,0.));
#5470=CARTESIAN_POINT('',(24.7908105957009,-1.89177699064941,0.4));
#5471=CARTESIAN_POINT('Origin',(14.5943569740899,-3.89177702045173,0.4));
#5472=CARTESIAN_POINT('Origin',(17.3064985382058,-3.27786154722899,0.));
#5473=CARTESIAN_POINT('',(17.3064985382058,-3.27786154722899,0.4));
#5474=CARTESIAN_POINT('',(17.3064985382058,-3.27786154722899,0.));
#5475=CARTESIAN_POINT('',(17.3064985382058,-1.8917769906494,0.4));
#5476=CARTESIAN_POINT('',(17.3064985382058,-3.27786154722899,0.4));
#5477=CARTESIAN_POINT('',(17.3064985382058,-1.8917769906494,0.));
#5478=CARTESIAN_POINT('Origin',(17.9613425838448,-3.91633338904113,0.));
#5479=CARTESIAN_POINT('',(17.9613425838448,-3.91633338904113,0.4));
#5480=CARTESIAN_POINT('',(17.9613425838448,-3.91633338904113,0.));
#5481=CARTESIAN_POINT('',(17.9613425838448,-3.91633338904113,0.4));
#5482=CARTESIAN_POINT('Origin',(19.3856253730752,-1.89177699064941,0.));
#5483=CARTESIAN_POINT('',(19.3856253730752,-1.89177699064941,0.4));
#5484=CARTESIAN_POINT('',(19.3856253730752,-1.89177699064941,0.));
#5485=CARTESIAN_POINT('',(19.3856253730752,-1.89177699064941,0.4));
#5486=CARTESIAN_POINT('Origin',(20.0841250526406,-1.89177699064941,0.));
#5487=CARTESIAN_POINT('',(20.0841250526406,-1.89177699064941,0.4));
#5488=CARTESIAN_POINT('',(20.0841250526406,-1.89177699064941,0.));
#5489=CARTESIAN_POINT('',(20.0841250526406,-1.89177699064941,0.4));
#5490=CARTESIAN_POINT('Origin',(18.3324196445443,-4.27104003405303,0.));
#5491=CARTESIAN_POINT('',(18.3324196445443,-4.27104003405303,0.4));
#5492=CARTESIAN_POINT('',(18.3324196445443,-4.27104003405303,0.));
#5493=CARTESIAN_POINT('',(18.3324196445443,-4.27104003405303,0.4));
#5494=CARTESIAN_POINT('Origin',(20.010456095884,-5.89177705025405,0.));
#5495=CARTESIAN_POINT('',(20.010456095884,-5.89177705025405,0.4));
#5496=CARTESIAN_POINT('',(20.010456095884,-5.89177705025405,0.));
#5497=CARTESIAN_POINT('',(20.010456095884,-5.89177705025405,0.4));
#5498=CARTESIAN_POINT('Origin',(19.2928567039468,-5.89177705025405,0.));
#5499=CARTESIAN_POINT('',(19.2928567039468,-5.89177705025405,0.4));
#5500=CARTESIAN_POINT('',(19.2928567039468,-5.89177705025405,0.));
#5501=CARTESIAN_POINT('',(19.2928567039468,-5.89177705025405,0.4));
#5502=CARTESIAN_POINT('Origin',(17.3064985382058,-3.90814788317412,0.));
#5503=CARTESIAN_POINT('',(17.3064985382058,-3.90814788317412,0.4));
#5504=CARTESIAN_POINT('',(17.3064985382058,-3.90814788317412,0.));
#5505=CARTESIAN_POINT('',(17.3064985382058,-3.90814788317412,0.4));
#5506=CARTESIAN_POINT('Origin',(17.3064985382058,-5.89177705025405,0.));
#5507=CARTESIAN_POINT('',(17.3064985382058,-5.89177705025405,0.4));
#5508=CARTESIAN_POINT('',(17.3064985382058,-5.89177705025405,0.));
#5509=CARTESIAN_POINT('',(17.3064985382058,-5.89177705025405,0.4));
#5510=CARTESIAN_POINT('Origin',(16.777167569349,-5.89177705025405,0.));
#5511=CARTESIAN_POINT('',(16.777167569349,-5.89177705025405,0.4));
#5512=CARTESIAN_POINT('',(16.777167569349,-5.89177705025405,0.));
#5513=CARTESIAN_POINT('',(16.777167569349,-5.89177705025405,0.4));
#5514=CARTESIAN_POINT('Origin',(16.777167569349,-1.8917769906494,0.));
#5515=CARTESIAN_POINT('',(16.777167569349,-1.8917769906494,0.4));
#5516=CARTESIAN_POINT('',(16.777167569349,-1.8917769906494,0.));
#5517=CARTESIAN_POINT('',(16.777167569349,-1.8917769906494,0.4));
#5518=CARTESIAN_POINT('Origin',(17.3064985382058,-1.89177699064941,0.));
#5519=CARTESIAN_POINT('',(17.3064985382058,-1.89177699064941,0.4));
#5520=CARTESIAN_POINT('Origin',(14.5943569740899,-3.89177702045173,0.4));
#5521=CARTESIAN_POINT('Ctrl Pts',(21.8958582984902,-5.47158606028289,0.));
#5522=CARTESIAN_POINT('Ctrl Pts',(21.8958582984902,-5.47158606028289,0.4));
#5523=CARTESIAN_POINT('Ctrl Pts',(21.8676067028726,-5.34311163857237,0.));
#5524=CARTESIAN_POINT('Ctrl Pts',(21.8676067028726,-5.34311163857237,0.4));
#5525=CARTESIAN_POINT('Ctrl Pts',(21.8106815564445,-5.08424394957068,0.));
#5526=CARTESIAN_POINT('Ctrl Pts',(21.8106815564445,-5.08424394957068,0.4));
#5527=CARTESIAN_POINT('Ctrl Pts',(21.723979041905,-4.83376841873456,0.));
#5528=CARTESIAN_POINT('Ctrl Pts',(21.723979041905,-4.83376841873456,0.4));
#5529=CARTESIAN_POINT('Ctrl Pts',(21.6803064453103,-4.70760233378142,0.));
#5530=CARTESIAN_POINT('Ctrl Pts',(21.6803064453103,-4.70760233378142,0.4));
#5531=CARTESIAN_POINT('',(21.8958582984902,-5.47158606028289,0.));
#5532=CARTESIAN_POINT('',(21.6803064453103,-4.70760233378142,0.));
#5533=CARTESIAN_POINT('Ctrl Pts',(21.8958582984902,-5.47158606028289,0.));
#5534=CARTESIAN_POINT('Ctrl Pts',(21.8676067028726,-5.34311163857237,0.));
#5535=CARTESIAN_POINT('Ctrl Pts',(21.8106815564445,-5.08424394957068,0.));
#5536=CARTESIAN_POINT('Ctrl Pts',(21.723979041905,-4.83376841873456,0.));
#5537=CARTESIAN_POINT('Ctrl Pts',(21.6803064453103,-4.70760233378142,0.));
#5538=CARTESIAN_POINT('',(21.8958582984902,-5.47158606028289,0.4));
#5539=CARTESIAN_POINT('',(21.8958582984902,-5.47158606028289,0.));
#5540=CARTESIAN_POINT('',(21.6803064453103,-4.70760233378142,0.4));
#5541=CARTESIAN_POINT('Ctrl Pts',(21.8958582984902,-5.47158606028289,0.4));
#5542=CARTESIAN_POINT('Ctrl Pts',(21.8676067028726,-5.34311163857237,0.4));
#5543=CARTESIAN_POINT('Ctrl Pts',(21.8106815564445,-5.08424394957068,0.4));
#5544=CARTESIAN_POINT('Ctrl Pts',(21.723979041905,-4.83376841873456,0.4));
#5545=CARTESIAN_POINT('Ctrl Pts',(21.6803064453103,-4.70760233378142,0.4));
#5546=CARTESIAN_POINT('',(21.6803064453103,-4.70760233378142,0.));
#5547=CARTESIAN_POINT('Ctrl Pts',(22.1796240913369,-4.64211798882217,0.));
#5548=CARTESIAN_POINT('Ctrl Pts',(22.1796240913369,-4.64211798882217,0.4));
#5549=CARTESIAN_POINT('Ctrl Pts',(22.1224207711382,-4.79478441154937,0.));
#5550=CARTESIAN_POINT('Ctrl Pts',(22.1224207711382,-4.79478441154937,0.4));
#5551=CARTESIAN_POINT('Ctrl Pts',(22.0198385797855,-5.06855971226544,0.));
#5552=CARTESIAN_POINT('Ctrl Pts',(22.0198385797855,-5.06855971226544,0.4));
#5553=CARTESIAN_POINT('Ctrl Pts',(21.9338823915538,-5.34798002225822,0.));
#5554=CARTESIAN_POINT('Ctrl Pts',(21.9338823915538,-5.34798002225822,0.4));
#5555=CARTESIAN_POINT('Ctrl Pts',(21.8958582984902,-5.47158606028289,0.));
#5556=CARTESIAN_POINT('Ctrl Pts',(21.8958582984902,-5.47158606028289,0.4));
#5557=CARTESIAN_POINT('',(22.1796240913369,-4.64211798882217,0.));
#5558=CARTESIAN_POINT('Ctrl Pts',(22.1796240913369,-4.64211798882217,0.));
#5559=CARTESIAN_POINT('Ctrl Pts',(22.1224207711382,-4.79478441154937,0.));
#5560=CARTESIAN_POINT('Ctrl Pts',(22.0198385797855,-5.06855971226544,0.));
#5561=CARTESIAN_POINT('Ctrl Pts',(21.9338823915538,-5.34798002225822,0.));
#5562=CARTESIAN_POINT('Ctrl Pts',(21.8958582984902,-5.47158606028289,0.));
#5563=CARTESIAN_POINT('',(22.1796240913369,-4.64211798882217,0.4));
#5564=CARTESIAN_POINT('',(22.1796240913369,-4.64211798882217,0.));
#5565=CARTESIAN_POINT('Ctrl Pts',(22.1796240913369,-4.64211798882217,0.4));
#5566=CARTESIAN_POINT('Ctrl Pts',(22.1224207711382,-4.79478441154937,0.4));
#5567=CARTESIAN_POINT('Ctrl Pts',(22.0198385797855,-5.06855971226544,0.4));
#5568=CARTESIAN_POINT('Ctrl Pts',(21.9338823915538,-5.34798002225822,0.4));
#5569=CARTESIAN_POINT('Ctrl Pts',(21.8958582984902,-5.47158606028289,0.4));
#5570=CARTESIAN_POINT('Origin',(22.5970854866006,-3.53434182381362,0.));
#5571=CARTESIAN_POINT('',(22.5970854866006,-3.53434182381362,0.));
#5572=CARTESIAN_POINT('',(27.0431704483908,8.26379569058649,0.));
#5573=CARTESIAN_POINT('',(22.5970854866006,-3.53434182381362,0.4));
#5574=CARTESIAN_POINT('',(22.5970854866006,-3.53434182381362,0.));
#5575=CARTESIAN_POINT('',(22.5970854866006,-3.53434182381362,0.4));
#5576=CARTESIAN_POINT('Origin',(21.2410154449441,-3.53434182381362,0.));
#5577=CARTESIAN_POINT('',(21.2410154449441,-3.53434182381362,0.));
#5578=CARTESIAN_POINT('',(25.120507722472,-3.53434182381362,0.));
#5579=CARTESIAN_POINT('',(21.2410154449441,-3.53434182381362,0.4));
#5580=CARTESIAN_POINT('',(21.2410154449441,-3.53434182381362,0.));
#5581=CARTESIAN_POINT('',(21.2410154449441,-3.53434182381362,0.4));
#5582=CARTESIAN_POINT('Origin',(21.6803064453103,-4.70760233378142,0.));
#5583=CARTESIAN_POINT('',(17.9093241007739,5.3639553920587,0.));
#5584=CARTESIAN_POINT('',(21.6803064453103,-4.70760233378142,0.4));
#5585=CARTESIAN_POINT('Origin',(21.0882177459695,-3.10323662733764,0.));
#5586=CARTESIAN_POINT('',(21.0882177459695,-3.10323662733764,0.4));
#5587=CARTESIAN_POINT('',(21.0882177459695,-3.10323662733764,0.));
#5588=CARTESIAN_POINT('',(20.6489279376962,-1.89177699064941,0.4));
#5589=CARTESIAN_POINT('',(21.0882177459695,-3.10323662733764,0.4));
#5590=CARTESIAN_POINT('',(20.6489279376962,-1.89177699064941,0.));
#5591=CARTESIAN_POINT('Origin',(22.7607956039407,-3.10323662733764,0.));
#5592=CARTESIAN_POINT('',(22.7607956039407,-3.10323662733764,0.4));
#5593=CARTESIAN_POINT('',(22.7607956039407,-3.10323662733764,0.));
#5594=CARTESIAN_POINT('',(22.7607956039407,-3.10323662733764,0.4));
#5595=CARTESIAN_POINT('Origin',(23.2273712264993,-1.89177699064941,0.));
#5596=CARTESIAN_POINT('',(23.2273712264993,-1.89177699064941,0.4));
#5597=CARTESIAN_POINT('',(23.2273712264993,-1.89177699064941,0.));
#5598=CARTESIAN_POINT('',(23.2273712264993,-1.89177699064941,0.4));
#5599=CARTESIAN_POINT('Origin',(23.8303747283913,-1.89177699064941,0.));
#5600=CARTESIAN_POINT('',(23.8303747283913,-1.89177699064941,0.4));
#5601=CARTESIAN_POINT('',(23.8303747283913,-1.89177699064941,0.));
#5602=CARTESIAN_POINT('',(23.8303747283913,-1.89177699064941,0.4));
#5603=CARTESIAN_POINT('Origin',(22.1932664024331,-5.89177705025405,0.));
#5604=CARTESIAN_POINT('',(22.1932664024331,-5.89177705025405,0.4));
#5605=CARTESIAN_POINT('',(22.1932664024331,-5.89177705025405,0.));
#5606=CARTESIAN_POINT('',(22.1932664024331,-5.89177705025405,0.4));
#5607=CARTESIAN_POINT('Origin',(21.6230073081948,-5.89177705025405,0.));
#5608=CARTESIAN_POINT('',(21.6230073081948,-5.89177705025405,0.4));
#5609=CARTESIAN_POINT('',(21.6230073081948,-5.89177705025405,0.));
#5610=CARTESIAN_POINT('',(21.6230073081948,-5.89177705025405,0.4));
#5611=CARTESIAN_POINT('Origin',(20.0868537532784,-1.89177699064941,0.));
#5612=CARTESIAN_POINT('',(20.0868537532784,-1.89177699064941,0.4));
#5613=CARTESIAN_POINT('',(20.0868537532784,-1.89177699064941,0.));
#5614=CARTESIAN_POINT('',(20.0868537532784,-1.89177699064941,0.4));
#5615=CARTESIAN_POINT('Origin',(20.6489279376962,-1.89177699064941,0.));
#5616=CARTESIAN_POINT('',(20.6489279376962,-1.89177699064941,0.4));
#5617=CARTESIAN_POINT('Origin',(14.5943569740899,-3.89177702045173,0.4));
#5618=CARTESIAN_POINT('Origin',(16.0677542793252,-2.36380971646041,0.));
#5619=CARTESIAN_POINT('',(16.0677542793252,-2.36380971646041,0.4));
#5620=CARTESIAN_POINT('',(16.0677542793252,-2.36380971646041,0.));
#5621=CARTESIAN_POINT('',(16.0677542793252,-1.8917769906494,0.4));
#5622=CARTESIAN_POINT('',(16.0677542793252,-2.36380971646041,0.4));
#5623=CARTESIAN_POINT('',(16.0677542793252,-1.8917769906494,0.));
#5624=CARTESIAN_POINT('Origin',(13.6120917903878,-2.36380971646041,0.));
#5625=CARTESIAN_POINT('',(13.6120917903878,-2.36380971646041,0.4));
#5626=CARTESIAN_POINT('',(13.6120917903878,-2.36380971646041,0.));
#5627=CARTESIAN_POINT('',(13.6120917903878,-2.36380971646041,0.4));
#5628=CARTESIAN_POINT('Origin',(13.6120917903878,-3.72533745741576,0.));
#5629=CARTESIAN_POINT('',(13.6120917903878,-3.72533745741576,0.4));
#5630=CARTESIAN_POINT('',(13.6120917903878,-3.72533745741576,0.));
#5631=CARTESIAN_POINT('',(13.6120917903878,-3.72533745741576,0.4));
#5632=CARTESIAN_POINT('Origin',(15.82491661186,-3.72533745741576,0.));
#5633=CARTESIAN_POINT('',(15.82491661186,-3.72533745741576,0.4));
#5634=CARTESIAN_POINT('',(15.82491661186,-3.72533745741576,0.));
#5635=CARTESIAN_POINT('',(15.82491661186,-3.72533745741576,0.4));
#5636=CARTESIAN_POINT('Origin',(15.82491661186,-4.19464178061217,0.));
#5637=CARTESIAN_POINT('',(15.82491661186,-4.19464178061217,0.4));
#5638=CARTESIAN_POINT('',(15.82491661186,-4.19464178061217,0.));
#5639=CARTESIAN_POINT('',(15.82491661186,-4.19464178061217,0.4));
#5640=CARTESIAN_POINT('Origin',(13.6120917903878,-4.19464178061217,0.));
#5641=CARTESIAN_POINT('',(13.6120917903878,-4.19464178061217,0.4));
#5642=CARTESIAN_POINT('',(13.6120917903878,-4.19464178061217,0.));
#5643=CARTESIAN_POINT('',(13.6120917903878,-4.19464178061217,0.4));
#5644=CARTESIAN_POINT('Origin',(13.6120917903878,-5.41974432444304,0.));
#5645=CARTESIAN_POINT('',(13.6120917903878,-5.41974432444305,0.4));
#5646=CARTESIAN_POINT('',(13.6120917903878,-5.41974432444305,0.));
#5647=CARTESIAN_POINT('',(13.6120917903878,-5.41974432444304,0.4));
#5648=CARTESIAN_POINT('Origin',(15.9749844181039,-5.41974432444305,0.));
#5649=CARTESIAN_POINT('',(15.9749844181039,-5.41974432444304,0.4));
#5650=CARTESIAN_POINT('',(15.9749844181039,-5.41974432444304,0.));
#5651=CARTESIAN_POINT('',(15.9749844181039,-5.41974432444305,0.4));
#5652=CARTESIAN_POINT('Origin',(15.9749844181039,-5.89177705025405,0.));
#5653=CARTESIAN_POINT('',(15.9749844181039,-5.89177705025405,0.4));
#5654=CARTESIAN_POINT('',(15.9749844181039,-5.89177705025405,0.));
#5655=CARTESIAN_POINT('',(15.9749844181039,-5.89177705025405,0.4));
#5656=CARTESIAN_POINT('Origin',(13.082760821531,-5.89177705025405,0.));
#5657=CARTESIAN_POINT('',(13.082760821531,-5.89177705025405,0.4));
#5658=CARTESIAN_POINT('',(13.082760821531,-5.89177705025405,0.));
#5659=CARTESIAN_POINT('',(13.082760821531,-5.89177705025405,0.4));
#5660=CARTESIAN_POINT('Origin',(13.082760821531,-1.8917769906494,0.));
#5661=CARTESIAN_POINT('',(13.082760821531,-1.8917769906494,0.4));
#5662=CARTESIAN_POINT('',(13.082760821531,-1.8917769906494,0.));
#5663=CARTESIAN_POINT('',(13.082760821531,-1.8917769906494,0.4));
#5664=CARTESIAN_POINT('Origin',(16.0677542793252,-1.8917769906494,0.));
#5665=CARTESIAN_POINT('',(16.0677542793252,-1.8917769906494,0.4));
#5666=CARTESIAN_POINT('Origin',(14.5943569740899,-3.89177702045173,0.4));
#5667=CARTESIAN_POINT('Origin',(12.3406055080392,-2.36380971646041,0.));
#5668=CARTESIAN_POINT('',(12.3406055080392,-2.36380971646041,0.4));
#5669=CARTESIAN_POINT('',(12.3406055080392,-2.36380971646041,0.));
#5670=CARTESIAN_POINT('',(12.3406055080392,-1.8917769906494,0.4));
#5671=CARTESIAN_POINT('',(12.3406055080392,-2.36380971646041,0.4));
#5672=CARTESIAN_POINT('',(12.3406055080392,-1.8917769906494,0.));
#5673=CARTESIAN_POINT('Origin',(9.88494421119469,-2.36380971646041,0.));
#5674=CARTESIAN_POINT('',(9.88494421119469,-2.36380971646041,0.4));
#5675=CARTESIAN_POINT('',(9.88494421119469,-2.36380971646041,0.));
#5676=CARTESIAN_POINT('',(9.88494421119469,-2.36380971646041,0.4));
#5677=CARTESIAN_POINT('Origin',(9.88494421119469,-3.72533745741576,0.));
#5678=CARTESIAN_POINT('',(9.88494421119469,-3.72533745741576,0.4));
#5679=CARTESIAN_POINT('',(9.88494421119469,-3.72533745741576,0.));
#5680=CARTESIAN_POINT('',(9.88494421119469,-3.72533745741576,0.4));
#5681=CARTESIAN_POINT('Origin',(12.097767840574,-3.72533745741576,0.));
#5682=CARTESIAN_POINT('',(12.097767840574,-3.72533745741576,0.4));
#5683=CARTESIAN_POINT('',(12.097767840574,-3.72533745741576,0.));
#5684=CARTESIAN_POINT('',(12.097767840574,-3.72533745741576,0.4));
#5685=CARTESIAN_POINT('Origin',(12.097767840574,-4.19464178061217,0.));
#5686=CARTESIAN_POINT('',(12.097767840574,-4.19464178061217,0.4));
#5687=CARTESIAN_POINT('',(12.097767840574,-4.19464178061217,0.));
#5688=CARTESIAN_POINT('',(12.097767840574,-4.19464178061217,0.4));
#5689=CARTESIAN_POINT('Origin',(9.88494421119469,-4.19464178061217,0.));
#5690=CARTESIAN_POINT('',(9.88494421119469,-4.19464178061217,0.4));
#5691=CARTESIAN_POINT('',(9.88494421119469,-4.19464178061217,0.));
#5692=CARTESIAN_POINT('',(9.88494421119469,-4.19464178061217,0.4));
#5693=CARTESIAN_POINT('Origin',(9.88494421119469,-5.41974432444304,0.));
#5694=CARTESIAN_POINT('',(9.88494421119469,-5.41974432444304,0.4));
#5695=CARTESIAN_POINT('',(9.88494421119469,-5.41974432444304,0.));
#5696=CARTESIAN_POINT('',(9.88494421119469,-5.41974432444304,0.4));
#5697=CARTESIAN_POINT('Origin',(12.2478356468179,-5.41974432444304,0.));
#5698=CARTESIAN_POINT('',(12.2478356468179,-5.41974432444304,0.4));
#5699=CARTESIAN_POINT('',(12.2478356468179,-5.41974432444304,0.));
#5700=CARTESIAN_POINT('',(12.2478356468179,-5.41974432444304,0.4));
#5701=CARTESIAN_POINT('Origin',(12.2478356468179,-5.89177705025405,0.));
#5702=CARTESIAN_POINT('',(12.2478356468179,-5.89177705025405,0.4));
#5703=CARTESIAN_POINT('',(12.2478356468179,-5.89177705025405,0.));
#5704=CARTESIAN_POINT('',(12.2478356468179,-5.89177705025405,0.4));
#5705=CARTESIAN_POINT('Origin',(9.35561264629143,-5.89177705025405,0.));
#5706=CARTESIAN_POINT('',(9.35561264629143,-5.89177705025405,0.4));
#5707=CARTESIAN_POINT('',(9.35561264629143,-5.89177705025405,0.));
#5708=CARTESIAN_POINT('',(9.35561264629143,-5.89177705025405,0.4));
#5709=CARTESIAN_POINT('Origin',(9.35561264629143,-1.8917769906494,0.));
#5710=CARTESIAN_POINT('',(9.35561264629143,-1.8917769906494,0.4));
#5711=CARTESIAN_POINT('',(9.35561264629143,-1.8917769906494,0.));
#5712=CARTESIAN_POINT('',(9.35561264629143,-1.8917769906494,0.4));
#5713=CARTESIAN_POINT('Origin',(12.3406055080392,-1.8917769906494,0.));
#5714=CARTESIAN_POINT('',(12.3406055080392,-1.8917769906494,0.4));
#5715=CARTESIAN_POINT('Origin',(14.5943569740899,-3.89177702045173,0.4));
#5716=CARTESIAN_POINT('Ctrl Pts',(2.19735900635498,-1.98181785320968,0.));
#5717=CARTESIAN_POINT('Ctrl Pts',(2.19735900635498,-1.98181785320968,0.4));
#5718=CARTESIAN_POINT('Ctrl Pts',(2.08209986780789,-2.04050200532764,0.));
#5719=CARTESIAN_POINT('Ctrl Pts',(2.08209986780789,-2.04050200532764,0.4));
#5720=CARTESIAN_POINT('Ctrl Pts',(1.85459372965582,-2.1563366800214,0.));
#5721=CARTESIAN_POINT('Ctrl Pts',(1.85459372965582,-2.1563366800214,0.4));
#5722=CARTESIAN_POINT('Ctrl Pts',(1.69860466891192,-2.35829909624865,0.));
#5723=CARTESIAN_POINT('Ctrl Pts',(1.69860466891192,-2.35829909624865,0.4));
#5724=CARTESIAN_POINT('Ctrl Pts',(1.62164277161139,-2.45794333195418,0.));
#5725=CARTESIAN_POINT('Ctrl Pts',(1.62164277161139,-2.45794333195418,0.4));
#5726=CARTESIAN_POINT('',(2.19735900635498,-1.98181785320968,0.4));
#5727=CARTESIAN_POINT('',(2.19735900635498,-1.98181785320968,0.));
#5728=CARTESIAN_POINT('',(1.62164277161139,-2.45794333195418,0.4));
#5729=CARTESIAN_POINT('Ctrl Pts',(2.19735900635498,-1.98181785320968,0.4));
#5730=CARTESIAN_POINT('Ctrl Pts',(2.08209986780789,-2.04050200532764,0.4));
#5731=CARTESIAN_POINT('Ctrl Pts',(1.85459372965582,-2.1563366800214,0.4));
#5732=CARTESIAN_POINT('Ctrl Pts',(1.69860466891192,-2.35829909624865,0.4));
#5733=CARTESIAN_POINT('Ctrl Pts',(1.62164277161139,-2.45794333195418,0.4));
#5734=CARTESIAN_POINT('',(1.62164277161139,-2.45794333195418,0.));
#5735=CARTESIAN_POINT('Ctrl Pts',(3.10731808419007,-1.82356424307555,0.));
#5736=CARTESIAN_POINT('Ctrl Pts',(3.10731808419007,-1.82356424307555,0.4));
#5737=CARTESIAN_POINT('Ctrl Pts',(2.93936712051607,-1.82782686026612,0.));
#5738=CARTESIAN_POINT('Ctrl Pts',(2.93936712051607,-1.82782686026612,0.4));
#5739=CARTESIAN_POINT('Ctrl Pts',(2.62788062322294,-1.83573242787315,0.));
#5740=CARTESIAN_POINT('Ctrl Pts',(2.62788062322294,-1.83573242787315,0.4));
#5741=CARTESIAN_POINT('Ctrl Pts',(2.33316594714821,-1.93573558014343,0.));
#5742=CARTESIAN_POINT('Ctrl Pts',(2.33316594714821,-1.93573558014343,0.4));
#5743=CARTESIAN_POINT('Ctrl Pts',(2.19735900635498,-1.98181785320968,0.));
#5744=CARTESIAN_POINT('Ctrl Pts',(2.19735900635498,-1.98181785320968,0.4));
#5745=CARTESIAN_POINT('',(3.10731808419007,-1.82356424307555,0.4));
#5746=CARTESIAN_POINT('',(3.10731808419007,-1.82356424307555,0.));
#5747=CARTESIAN_POINT('Ctrl Pts',(3.10731808419007,-1.82356424307555,0.4));
#5748=CARTESIAN_POINT('Ctrl Pts',(2.93936712051607,-1.82782686026612,0.4));
#5749=CARTESIAN_POINT('Ctrl Pts',(2.62788062322294,-1.83573242787315,0.4));
#5750=CARTESIAN_POINT('Ctrl Pts',(2.33316594714821,-1.93573558014343,0.4));
#5751=CARTESIAN_POINT('Ctrl Pts',(2.19735900635498,-1.98181785320968,0.4));
#5752=CARTESIAN_POINT('Ctrl Pts',(3.87812311525124,-1.98045380091399,0.));
#5753=CARTESIAN_POINT('Ctrl Pts',(3.87812311525124,-1.98045380091399,0.4));
#5754=CARTESIAN_POINT('Ctrl Pts',(3.75817021917348,-1.93470826368838,0.));
#5755=CARTESIAN_POINT('Ctrl Pts',(3.75817021917348,-1.93470826368838,0.4));
#5756=CARTESIAN_POINT('Ctrl Pts',(3.51001292042439,-1.8400703739923,0.));
#5757=CARTESIAN_POINT('Ctrl Pts',(3.51001292042439,-1.8400703739923,0.4));
#5758=CARTESIAN_POINT('Ctrl Pts',(3.24449264457547,-1.82918691575083,0.));
#5759=CARTESIAN_POINT('Ctrl Pts',(3.24449264457547,-1.82918691575083,0.4));
#5760=CARTESIAN_POINT('Ctrl Pts',(3.10731808419007,-1.82356424307555,0.));
#5761=CARTESIAN_POINT('Ctrl Pts',(3.10731808419007,-1.82356424307555,0.4));
#5762=CARTESIAN_POINT('',(3.87812311525124,-1.98045380091399,0.4));
#5763=CARTESIAN_POINT('',(3.87812311525124,-1.98045380091399,0.));
#5764=CARTESIAN_POINT('Ctrl Pts',(3.87812311525124,-1.98045380091399,0.4));
#5765=CARTESIAN_POINT('Ctrl Pts',(3.75817021917348,-1.93470826368838,0.4));
#5766=CARTESIAN_POINT('Ctrl Pts',(3.51001292042439,-1.8400703739923,0.4));
#5767=CARTESIAN_POINT('Ctrl Pts',(3.24449264457547,-1.82918691575083,0.4));
#5768=CARTESIAN_POINT('Ctrl Pts',(3.10731808419007,-1.82356424307555,0.4));
#5769=CARTESIAN_POINT('Ctrl Pts',(4.40336162919777,-2.41974420523375,0.));
#5770=CARTESIAN_POINT('Ctrl Pts',(4.40336162919777,-2.41974420523375,0.4));
#5771=CARTESIAN_POINT('Ctrl Pts',(4.3341512668994,-2.33011107259655,0.));
#5772=CARTESIAN_POINT('Ctrl Pts',(4.3341512668994,-2.33011107259655,0.4));
#5773=CARTESIAN_POINT('Ctrl Pts',(4.1914529569283,-2.1453049811387,0.));
#5774=CARTESIAN_POINT('Ctrl Pts',(4.1914529569283,-2.1453049811387,0.4));
#5775=CARTESIAN_POINT('Ctrl Pts',(3.98463297050487,-2.03649147434511,0.));
#5776=CARTESIAN_POINT('Ctrl Pts',(3.98463297050487,-2.03649147434511,0.4));
#5777=CARTESIAN_POINT('Ctrl Pts',(3.87812311525124,-1.98045380091399,0.));
#5778=CARTESIAN_POINT('Ctrl Pts',(3.87812311525124,-1.98045380091399,0.4));
#5779=CARTESIAN_POINT('',(4.40336162919777,-2.41974420523375,0.4));
#5780=CARTESIAN_POINT('',(4.40336162919777,-2.41974420523375,0.));
#5781=CARTESIAN_POINT('Ctrl Pts',(4.40336162919777,-2.41974420523375,0.4));
#5782=CARTESIAN_POINT('Ctrl Pts',(4.3341512668994,-2.33011107259655,0.4));
#5783=CARTESIAN_POINT('Ctrl Pts',(4.1914529569283,-2.1453049811387,0.4));
#5784=CARTESIAN_POINT('Ctrl Pts',(3.98463297050487,-2.03649147434511,0.4));
#5785=CARTESIAN_POINT('Ctrl Pts',(3.87812311525124,-1.98045380091399,0.4));
#5786=CARTESIAN_POINT('Ctrl Pts',(4.58617205495613,-3.02138127064437,0.));
#5787=CARTESIAN_POINT('Ctrl Pts',(4.58617205495613,-3.02138127064437,0.4));
#5788=CARTESIAN_POINT('Ctrl Pts',(4.57813910447176,-2.91586685599919,0.));
#5789=CARTESIAN_POINT('Ctrl Pts',(4.57813910447176,-2.91586685599919,0.4));
#5790=CARTESIAN_POINT('Ctrl Pts',(4.56184618897461,-2.70185614537799,0.));
#5791=CARTESIAN_POINT('Ctrl Pts',(4.56184618897461,-2.70185614537799,0.4));
#5792=CARTESIAN_POINT('Ctrl Pts',(4.45667826218073,-2.51465098223437,0.));
#5793=CARTESIAN_POINT('Ctrl Pts',(4.45667826218073,-2.51465098223437,0.4));
#5794=CARTESIAN_POINT('Ctrl Pts',(4.40336162919777,-2.41974420523375,0.));
#5795=CARTESIAN_POINT('Ctrl Pts',(4.40336162919777,-2.41974420523375,0.4));
#5796=CARTESIAN_POINT('',(4.58617205495613,-3.02138127064437,0.4));
#5797=CARTESIAN_POINT('',(4.58617205495613,-3.02138127064437,0.));
#5798=CARTESIAN_POINT('Ctrl Pts',(4.58617205495613,-3.02138127064437,0.4));
#5799=CARTESIAN_POINT('Ctrl Pts',(4.57813910447176,-2.91586685599919,0.4));
#5800=CARTESIAN_POINT('Ctrl Pts',(4.56184618897461,-2.70185614537799,0.4));
#5801=CARTESIAN_POINT('Ctrl Pts',(4.45667826218073,-2.51465098223437,0.4));
#5802=CARTESIAN_POINT('Ctrl Pts',(4.40336162919777,-2.41974420523375,0.4));
#5803=CARTESIAN_POINT('Ctrl Pts',(4.41973264093178,-3.59027631258696,0.));
#5804=CARTESIAN_POINT('Ctrl Pts',(4.41973264093178,-3.59027631258696,0.4));
#5805=CARTESIAN_POINT('Ctrl Pts',(4.46827164287902,-3.50376450904749,0.));
#5806=CARTESIAN_POINT('Ctrl Pts',(4.46827164287902,-3.50376450904749,0.4));
#5807=CARTESIAN_POINT('Ctrl Pts',(4.56741577705229,-3.32705840645779,0.));
#5808=CARTESIAN_POINT('Ctrl Pts',(4.56741577705229,-3.32705840645779,0.4));
#5809=CARTESIAN_POINT('Ctrl Pts',(4.57983370054402,-3.1246794853753,0.));
#5810=CARTESIAN_POINT('Ctrl Pts',(4.57983370054402,-3.1246794853753,0.4));
#5811=CARTESIAN_POINT('Ctrl Pts',(4.58617205495613,-3.02138127064437,0.));
#5812=CARTESIAN_POINT('Ctrl Pts',(4.58617205495613,-3.02138127064437,0.4));
#5813=CARTESIAN_POINT('',(4.41973264093178,-3.59027631258696,0.4));
#5814=CARTESIAN_POINT('',(4.41973264093178,-3.59027631258696,0.));
#5815=CARTESIAN_POINT('Ctrl Pts',(4.41973264093178,-3.59027631258696,0.4));
#5816=CARTESIAN_POINT('Ctrl Pts',(4.46827164287902,-3.50376450904749,0.4));
#5817=CARTESIAN_POINT('Ctrl Pts',(4.56741577705229,-3.32705840645779,0.4));
#5818=CARTESIAN_POINT('Ctrl Pts',(4.57983370054402,-3.1246794853753,0.4));
#5819=CARTESIAN_POINT('Ctrl Pts',(4.58617205495613,-3.02138127064437,0.4));
#5820=CARTESIAN_POINT('Ctrl Pts',(3.90404368514794,-3.99818904375762,0.));
#5821=CARTESIAN_POINT('Ctrl Pts',(3.90404368514794,-3.99818904375762,0.4));
#5822=CARTESIAN_POINT('Ctrl Pts',(4.01063644261653,-3.94407678601471,0.));
#5823=CARTESIAN_POINT('Ctrl Pts',(4.01063644261653,-3.94407678601471,0.4));
#5824=CARTESIAN_POINT('Ctrl Pts',(4.21039677361163,-3.84266762113031,0.));
#5825=CARTESIAN_POINT('Ctrl Pts',(4.21039677361163,-3.84266762113031,0.4));
#5826=CARTESIAN_POINT('Ctrl Pts',(4.35315204376356,-3.67055096526837,0.));
#5827=CARTESIAN_POINT('Ctrl Pts',(4.35315204376356,-3.67055096526837,0.4));
#5828=CARTESIAN_POINT('Ctrl Pts',(4.41973264093178,-3.59027631258696,0.));
#5829=CARTESIAN_POINT('Ctrl Pts',(4.41973264093178,-3.59027631258696,0.4));
#5830=CARTESIAN_POINT('',(3.90404368514794,-3.99818904375762,0.4));
#5831=CARTESIAN_POINT('',(3.90404368514794,-3.99818904375762,0.));
#5832=CARTESIAN_POINT('Ctrl Pts',(3.90404368514794,-3.99818904375762,0.4));
#5833=CARTESIAN_POINT('Ctrl Pts',(4.01063644261653,-3.94407678601471,0.4));
#5834=CARTESIAN_POINT('Ctrl Pts',(4.21039677361163,-3.84266762113031,0.4));
#5835=CARTESIAN_POINT('Ctrl Pts',(4.35315204376356,-3.67055096526837,0.4));
#5836=CARTESIAN_POINT('Ctrl Pts',(4.41973264093178,-3.59027631258696,0.4));
#5837=CARTESIAN_POINT('Ctrl Pts',(3.01864142293709,-4.25330497002333,0.));
#5838=CARTESIAN_POINT('Ctrl Pts',(3.01864142293709,-4.25330497002333,0.4));
#5839=CARTESIAN_POINT('Ctrl Pts',(3.20139419167056,-4.21247573880215,0.));
#5840=CARTESIAN_POINT('Ctrl Pts',(3.20139419167056,-4.21247573880215,0.4));
#5841=CARTESIAN_POINT('Ctrl Pts',(3.50187225530105,-4.14534521912858,0.));
#5842=CARTESIAN_POINT('Ctrl Pts',(3.50187225530105,-4.14534521912858,0.4));
#5843=CARTESIAN_POINT('Ctrl Pts',(3.79083141840626,-4.03961387640952,0.));
#5844=CARTESIAN_POINT('Ctrl Pts',(3.79083141840626,-4.03961387640952,0.4));
#5845=CARTESIAN_POINT('Ctrl Pts',(3.90404368514794,-3.99818904375762,0.));
#5846=CARTESIAN_POINT('Ctrl Pts',(3.90404368514794,-3.99818904375762,0.4));
#5847=CARTESIAN_POINT('',(3.01864142293709,-4.25330497002333,0.4));
#5848=CARTESIAN_POINT('',(3.01864142293709,-4.25330497002333,0.));
#5849=CARTESIAN_POINT('Ctrl Pts',(3.01864142293709,-4.25330497002333,0.4));
#5850=CARTESIAN_POINT('Ctrl Pts',(3.20139419167056,-4.21247573880215,0.4));
#5851=CARTESIAN_POINT('Ctrl Pts',(3.50187225530105,-4.14534521912858,0.4));
#5852=CARTESIAN_POINT('Ctrl Pts',(3.79083141840626,-4.03961387640952,0.4));
#5853=CARTESIAN_POINT('Ctrl Pts',(3.90404368514794,-3.99818904375762,0.4));
#5854=CARTESIAN_POINT('Ctrl Pts',(2.2205513226487,-4.53843451714248,0.));
#5855=CARTESIAN_POINT('Ctrl Pts',(2.2205513226487,-4.53843451714248,0.4));
#5856=CARTESIAN_POINT('Ctrl Pts',(2.31114929268577,-4.48794286483153,0.));
#5857=CARTESIAN_POINT('Ctrl Pts',(2.31114929268577,-4.48794286483153,0.4));
#5858=CARTESIAN_POINT('Ctrl Pts',(2.56017361079344,-4.34915775428524,0.));
#5859=CARTESIAN_POINT('Ctrl Pts',(2.56017361079344,-4.34915775428524,0.4));
#5860=CARTESIAN_POINT('Ctrl Pts',(2.84037841537569,-4.29057477425619,0.));
#5861=CARTESIAN_POINT('Ctrl Pts',(2.84037841537569,-4.29057477425619,0.4));
#5862=CARTESIAN_POINT('Ctrl Pts',(3.01864142293709,-4.25330497002333,0.));
#5863=CARTESIAN_POINT('Ctrl Pts',(3.01864142293709,-4.25330497002333,0.4));
#5864=CARTESIAN_POINT('',(2.2205513226487,-4.53843451714248,0.4));
#5865=CARTESIAN_POINT('',(2.2205513226487,-4.53843451714248,0.));
#5866=CARTESIAN_POINT('Ctrl Pts',(2.2205513226487,-4.53843451714248,0.4));
#5867=CARTESIAN_POINT('Ctrl Pts',(2.31114929268577,-4.48794286483153,0.4));
#5868=CARTESIAN_POINT('Ctrl Pts',(2.56017361079344,-4.34915775428524,0.4));
#5869=CARTESIAN_POINT('Ctrl Pts',(2.84037841537569,-4.29057477425619,0.4));
#5870=CARTESIAN_POINT('Ctrl Pts',(3.01864142293709,-4.25330497002333,0.4));
#5871=CARTESIAN_POINT('Ctrl Pts',(2.06502611512917,-4.89314116215438,0.));
#5872=CARTESIAN_POINT('Ctrl Pts',(2.06502611512917,-4.89314116215438,0.4));
#5873=CARTESIAN_POINT('Ctrl Pts',(2.07126342767585,-4.8246924154646,0.));
#5874=CARTESIAN_POINT('Ctrl Pts',(2.07126342767585,-4.8246924154646,0.4));
#5875=CARTESIAN_POINT('Ctrl Pts',(2.08362382182677,-4.6890485012164,0.));
#5876=CARTESIAN_POINT('Ctrl Pts',(2.08362382182677,-4.6890485012164,0.4));
#5877=CARTESIAN_POINT('Ctrl Pts',(2.17519090058833,-4.5883289053755,0.));
#5878=CARTESIAN_POINT('Ctrl Pts',(2.17519090058833,-4.5883289053755,0.4));
#5879=CARTESIAN_POINT('Ctrl Pts',(2.2205513226487,-4.53843451714248,0.));
#5880=CARTESIAN_POINT('Ctrl Pts',(2.2205513226487,-4.53843451714248,0.4));
#5881=CARTESIAN_POINT('',(2.06502611512917,-4.89314116215438,0.4));
#5882=CARTESIAN_POINT('',(2.06502611512917,-4.89314116215438,0.));
#5883=CARTESIAN_POINT('Ctrl Pts',(2.06502611512917,-4.89314116215438,0.4));
#5884=CARTESIAN_POINT('Ctrl Pts',(2.07126342767585,-4.8246924154646,0.4));
#5885=CARTESIAN_POINT('Ctrl Pts',(2.08362382182677,-4.6890485012164,0.4));
#5886=CARTESIAN_POINT('Ctrl Pts',(2.17519090058833,-4.5883289053755,0.4));
#5887=CARTESIAN_POINT('Ctrl Pts',(2.2205513226487,-4.53843451714248,0.4));
#5888=CARTESIAN_POINT('Ctrl Pts',(2.28467139179486,-5.31742490505904,0.));
#5889=CARTESIAN_POINT('Ctrl Pts',(2.28467139179486,-5.31742490505904,0.4));
#5890=CARTESIAN_POINT('Ctrl Pts',(2.22063333955555,-5.25736092460378,0.));
#5891=CARTESIAN_POINT('Ctrl Pts',(2.22063333955555,-5.25736092460378,0.4));
#5892=CARTESIAN_POINT('Ctrl Pts',(2.09705505693756,-5.14145165984159,0.));
#5893=CARTESIAN_POINT('Ctrl Pts',(2.09705505693756,-5.14145165984159,0.4));
#5894=CARTESIAN_POINT('Ctrl Pts',(2.07544019365596,-4.9738782978803,0.));
#5895=CARTESIAN_POINT('Ctrl Pts',(2.07544019365596,-4.9738782978803,0.4));
#5896=CARTESIAN_POINT('Ctrl Pts',(2.06502611512917,-4.89314116215438,0.));
#5897=CARTESIAN_POINT('Ctrl Pts',(2.06502611512917,-4.89314116215438,0.4));
#5898=CARTESIAN_POINT('',(2.28467139179486,-5.31742490505904,0.4));
#5899=CARTESIAN_POINT('',(2.28467139179486,-5.31742490505904,0.));
#5900=CARTESIAN_POINT('Ctrl Pts',(2.28467139179486,-5.31742490505904,0.4));
#5901=CARTESIAN_POINT('Ctrl Pts',(2.22063333955555,-5.25736092460378,0.4));
#5902=CARTESIAN_POINT('Ctrl Pts',(2.09705505693756,-5.14145165984159,0.4));
#5903=CARTESIAN_POINT('Ctrl Pts',(2.07544019365596,-4.9738782978803,0.4));
#5904=CARTESIAN_POINT('Ctrl Pts',(2.06502611512917,-4.89314116215438,0.4));
#5905=CARTESIAN_POINT('Ctrl Pts',(2.98453490013855,-5.49341417526931,0.));
#5906=CARTESIAN_POINT('Ctrl Pts',(2.98453490013855,-5.49341417526931,0.4));
#5907=CARTESIAN_POINT('Ctrl Pts',(2.8427165700852,-5.49125989972187,0.));
#5908=CARTESIAN_POINT('Ctrl Pts',(2.8427165700852,-5.49125989972187,0.4));
#5909=CARTESIAN_POINT('Ctrl Pts',(2.59424945823556,-5.48748558773273,0.));
#5910=CARTESIAN_POINT('Ctrl Pts',(2.59424945823556,-5.48748558773273,0.4));
#5911=CARTESIAN_POINT('Ctrl Pts',(2.37764420502994,-5.36849770963669,0.));
#5912=CARTESIAN_POINT('Ctrl Pts',(2.37764420502994,-5.36849770963669,0.4));
#5913=CARTESIAN_POINT('Ctrl Pts',(2.28467139179486,-5.31742490505904,0.));
#5914=CARTESIAN_POINT('Ctrl Pts',(2.28467139179486,-5.31742490505904,0.4));
#5915=CARTESIAN_POINT('',(2.98453490013855,-5.49341417526931,0.4));
#5916=CARTESIAN_POINT('',(2.98453490013855,-5.49341417526931,0.));
#5917=CARTESIAN_POINT('Ctrl Pts',(2.98453490013855,-5.49341417526931,0.4));
#5918=CARTESIAN_POINT('Ctrl Pts',(2.8427165700852,-5.49125989972187,0.4));
#5919=CARTESIAN_POINT('Ctrl Pts',(2.59424945823556,-5.48748558773273,0.4));
#5920=CARTESIAN_POINT('Ctrl Pts',(2.37764420502994,-5.36849770963669,0.4));
#5921=CARTESIAN_POINT('Ctrl Pts',(2.28467139179486,-5.31742490505904,0.4));
#5922=CARTESIAN_POINT('Ctrl Pts',(3.68167008037346,-5.29968984102935,0.));
#5923=CARTESIAN_POINT('Ctrl Pts',(3.68167008037346,-5.29968984102935,0.4));
#5924=CARTESIAN_POINT('Ctrl Pts',(3.58659652043563,-5.35601442070013,0.));
#5925=CARTESIAN_POINT('Ctrl Pts',(3.58659652043563,-5.35601442070013,0.4));
#5926=CARTESIAN_POINT('Ctrl Pts',(3.37276409807458,-5.48269550130074,0.));
#5927=CARTESIAN_POINT('Ctrl Pts',(3.37276409807458,-5.48269550130074,0.4));
#5928=CARTESIAN_POINT('Ctrl Pts',(3.12316047457676,-5.48958684248752,0.));
#5929=CARTESIAN_POINT('Ctrl Pts',(3.12316047457676,-5.48958684248752,0.4));
#5930=CARTESIAN_POINT('Ctrl Pts',(2.98453490013855,-5.49341417526931,0.));
#5931=CARTESIAN_POINT('Ctrl Pts',(2.98453490013855,-5.49341417526931,0.4));
#5932=CARTESIAN_POINT('',(3.68167008037346,-5.29968984102935,0.4));
#5933=CARTESIAN_POINT('',(3.68167008037346,-5.29968984102935,0.));
#5934=CARTESIAN_POINT('Ctrl Pts',(3.68167008037346,-5.29968984102935,0.4));
#5935=CARTESIAN_POINT('Ctrl Pts',(3.58659652043563,-5.35601442070013,0.4));
#5936=CARTESIAN_POINT('Ctrl Pts',(3.37276409807458,-5.48269550130074,0.4));
#5937=CARTESIAN_POINT('Ctrl Pts',(3.12316047457676,-5.48958684248752,0.4));
#5938=CARTESIAN_POINT('Ctrl Pts',(2.98453490013855,-5.49341417526931,0.4));
#5939=CARTESIAN_POINT('Ctrl Pts',(3.9586141216256,-4.72670204615325,0.));
#5940=CARTESIAN_POINT('Ctrl Pts',(3.9586141216256,-4.72670204615325,0.4));
#5941=CARTESIAN_POINT('Ctrl Pts',(3.93953830524257,-4.84306173402235,0.));
#5942=CARTESIAN_POINT('Ctrl Pts',(3.93953830524257,-4.84306173402235,0.4));
#5943=CARTESIAN_POINT('Ctrl Pts',(3.90361458897037,-5.06219114524113,0.));
#5944=CARTESIAN_POINT('Ctrl Pts',(3.90361458897037,-5.06219114524113,0.4));
#5945=CARTESIAN_POINT('Ctrl Pts',(3.7525282259788,-5.22386585568442,0.));
#5946=CARTESIAN_POINT('Ctrl Pts',(3.7525282259788,-5.22386585568442,0.4));
#5947=CARTESIAN_POINT('Ctrl Pts',(3.68167008037346,-5.29968984102935,0.));
#5948=CARTESIAN_POINT('Ctrl Pts',(3.68167008037346,-5.29968984102935,0.4));
#5949=CARTESIAN_POINT('',(3.9586141216256,-4.72670204615325,0.4));
#5950=CARTESIAN_POINT('',(3.9586141216256,-4.72670204615325,0.));
#5951=CARTESIAN_POINT('Ctrl Pts',(3.9586141216256,-4.72670204615325,0.4));
#5952=CARTESIAN_POINT('Ctrl Pts',(3.93953830524257,-4.84306173402235,0.4));
#5953=CARTESIAN_POINT('Ctrl Pts',(3.90361458897037,-5.06219114524113,0.4));
#5954=CARTESIAN_POINT('Ctrl Pts',(3.7525282259788,-5.22386585568442,0.4));
#5955=CARTESIAN_POINT('Ctrl Pts',(3.68167008037346,-5.29968984102935,0.4));
#5956=CARTESIAN_POINT('Origin',(4.46611757154244,-4.76490117287368,0.));
#5957=CARTESIAN_POINT('',(4.46611757154244,-4.76490117287368,0.4));
#5958=CARTESIAN_POINT('',(4.46611757154244,-4.76490117287368,0.));
#5959=CARTESIAN_POINT('',(4.46611757154244,-4.76490117287368,0.4));
#5960=CARTESIAN_POINT('Ctrl Pts',(4.26966453666466,-5.39518750881881,0.));
#5961=CARTESIAN_POINT('Ctrl Pts',(4.26966453666466,-5.39518750881881,0.4));
#5962=CARTESIAN_POINT('Ctrl Pts',(4.32358244675852,-5.29850126073684,0.));
#5963=CARTESIAN_POINT('Ctrl Pts',(4.32358244675852,-5.29850126073684,0.4));
#5964=CARTESIAN_POINT('Ctrl Pts',(4.43304438555926,-5.10221278902126,0.));
#5965=CARTESIAN_POINT('Ctrl Pts',(4.43304438555926,-5.10221278902126,0.4));
#5966=CARTESIAN_POINT('Ctrl Pts',(4.45498453181408,-4.87844643655998,0.));
#5967=CARTESIAN_POINT('Ctrl Pts',(4.45498453181408,-4.87844643655998,0.4));
#5968=CARTESIAN_POINT('Ctrl Pts',(4.46611757154244,-4.76490117287368,0.));
#5969=CARTESIAN_POINT('Ctrl Pts',(4.46611757154244,-4.76490117287368,0.4));
#5970=CARTESIAN_POINT('',(4.26966453666466,-5.39518750881881,0.4));
#5971=CARTESIAN_POINT('',(4.26966453666466,-5.39518750881881,0.));
#5972=CARTESIAN_POINT('Ctrl Pts',(4.26966453666466,-5.39518750881881,0.4));
#5973=CARTESIAN_POINT('Ctrl Pts',(4.32358244675852,-5.29850126073684,0.4));
#5974=CARTESIAN_POINT('Ctrl Pts',(4.43304438555926,-5.10221278902126,0.4));
#5975=CARTESIAN_POINT('Ctrl Pts',(4.45498453181408,-4.87844643655998,0.4));
#5976=CARTESIAN_POINT('Ctrl Pts',(4.46611757154244,-4.76490117287368,0.4));
#5977=CARTESIAN_POINT('Ctrl Pts',(3.74715442533272,-5.81674284910888,0.));
#5978=CARTESIAN_POINT('Ctrl Pts',(3.74715442533272,-5.81674284910888,0.4));
#5979=CARTESIAN_POINT('Ctrl Pts',(3.85296723482407,-5.7646875379438,0.));
#5980=CARTESIAN_POINT('Ctrl Pts',(3.85296723482407,-5.7646875379438,0.4));
#5981=CARTESIAN_POINT('Ctrl Pts',(4.0589984540953,-5.66332911753665,0.));
#5982=CARTESIAN_POINT('Ctrl Pts',(4.0589984540953,-5.66332911753665,0.4));
#5983=CARTESIAN_POINT('Ctrl Pts',(4.20072528650108,-5.48293529060318,0.));
#5984=CARTESIAN_POINT('Ctrl Pts',(4.20072528650108,-5.48293529060318,0.4));
#5985=CARTESIAN_POINT('Ctrl Pts',(4.26966453666466,-5.39518750881881,0.));
#5986=CARTESIAN_POINT('Ctrl Pts',(4.26966453666466,-5.39518750881881,0.4));
#5987=CARTESIAN_POINT('',(3.74715442533272,-5.81674284910888,0.4));
#5988=CARTESIAN_POINT('',(3.74715442533272,-5.81674284910888,0.));
#5989=CARTESIAN_POINT('Ctrl Pts',(3.74715442533272,-5.81674284910888,0.4));
#5990=CARTESIAN_POINT('Ctrl Pts',(3.85296723482407,-5.7646875379438,0.4));
#5991=CARTESIAN_POINT('Ctrl Pts',(4.0589984540953,-5.66332911753665,0.4));
#5992=CARTESIAN_POINT('Ctrl Pts',(4.20072528650108,-5.48293529060318,0.4));
#5993=CARTESIAN_POINT('Ctrl Pts',(4.26966453666466,-5.39518750881881,0.4));
#5994=CARTESIAN_POINT('Ctrl Pts',(2.96270678515213,-5.9599897978279,0.));
#5995=CARTESIAN_POINT('Ctrl Pts',(2.96270678515213,-5.9599897978279,0.4));
#5996=CARTESIAN_POINT('Ctrl Pts',(3.10355403002799,-5.95525868662299,0.));
#5997=CARTESIAN_POINT('Ctrl Pts',(3.10355403002799,-5.95525868662299,0.4));
#5998=CARTESIAN_POINT('Ctrl Pts',(3.37230124818215,-5.94623136786913,0.));
#5999=CARTESIAN_POINT('Ctrl Pts',(3.37230124818215,-5.94623136786913,0.4));
#6000=CARTESIAN_POINT('Ctrl Pts',(3.62628199165255,-5.85849677664703,0.));
#6001=CARTESIAN_POINT('Ctrl Pts',(3.62628199165255,-5.85849677664703,0.4));
#6002=CARTESIAN_POINT('Ctrl Pts',(3.74715442533272,-5.81674284910888,0.));
#6003=CARTESIAN_POINT('Ctrl Pts',(3.74715442533272,-5.81674284910888,0.4));
#6004=CARTESIAN_POINT('',(2.96270678515213,-5.9599897978279,0.4));
#6005=CARTESIAN_POINT('',(2.96270678515213,-5.9599897978279,0.));
#6006=CARTESIAN_POINT('Ctrl Pts',(2.96270678515213,-5.9599897978279,0.4));
#6007=CARTESIAN_POINT('Ctrl Pts',(3.10355403002799,-5.95525868662299,0.4));
#6008=CARTESIAN_POINT('Ctrl Pts',(3.37230124818215,-5.94623136786913,0.4));
#6009=CARTESIAN_POINT('Ctrl Pts',(3.62628199165255,-5.85849677664703,0.4));
#6010=CARTESIAN_POINT('Ctrl Pts',(3.74715442533272,-5.81674284910888,0.4));
#6011=CARTESIAN_POINT('Ctrl Pts',(2.22873690302151,-5.82356430268019,0.));
#6012=CARTESIAN_POINT('Ctrl Pts',(2.22873690302151,-5.82356430268019,0.4));
#6013=CARTESIAN_POINT('Ctrl Pts',(2.34385319767054,-5.8633441329742,0.));
#6014=CARTESIAN_POINT('Ctrl Pts',(2.34385319767054,-5.8633441329742,0.4));
#6015=CARTESIAN_POINT('Ctrl Pts',(2.58157504409139,-5.94549179709622,0.));
#6016=CARTESIAN_POINT('Ctrl Pts',(2.58157504409139,-5.94549179709622,0.4));
#6017=CARTESIAN_POINT('Ctrl Pts',(2.83302231584758,-5.95505668591853,0.));
#6018=CARTESIAN_POINT('Ctrl Pts',(2.83302231584758,-5.95505668591853,0.4));
#6019=CARTESIAN_POINT('Ctrl Pts',(2.96270678515213,-5.9599897978279,0.));
#6020=CARTESIAN_POINT('Ctrl Pts',(2.96270678515213,-5.9599897978279,0.4));
#6021=CARTESIAN_POINT('',(2.22873690302151,-5.82356430268019,0.4));
#6022=CARTESIAN_POINT('',(2.22873690302151,-5.82356430268019,0.));
#6023=CARTESIAN_POINT('Ctrl Pts',(2.22873690302151,-5.82356430268019,0.4));
#6024=CARTESIAN_POINT('Ctrl Pts',(2.34385319767054,-5.8633441329742,0.4));
#6025=CARTESIAN_POINT('Ctrl Pts',(2.58157504409139,-5.94549179709622,0.4));
#6026=CARTESIAN_POINT('Ctrl Pts',(2.83302231584758,-5.95505668591853,0.4));
#6027=CARTESIAN_POINT('Ctrl Pts',(2.96270678515213,-5.9599897978279,0.4));
#6028=CARTESIAN_POINT('Ctrl Pts',(1.72669048185128,-5.42383707737654,0.));
#6029=CARTESIAN_POINT('Ctrl Pts',(1.72669048185128,-5.42383707737654,0.4));
#6030=CARTESIAN_POINT('Ctrl Pts',(1.79234944629296,-5.50702961315443,0.));
#6031=CARTESIAN_POINT('Ctrl Pts',(1.79234944629296,-5.50702961315443,0.4));
#6032=CARTESIAN_POINT('Ctrl Pts',(1.92830007307602,-5.67928449836087,0.));
#6033=CARTESIAN_POINT('Ctrl Pts',(1.92830007307602,-5.67928449836087,0.4));
#6034=CARTESIAN_POINT('Ctrl Pts',(2.12634178175373,-5.77439074409069,0.));
#6035=CARTESIAN_POINT('Ctrl Pts',(2.12634178175373,-5.77439074409069,0.4));
#6036=CARTESIAN_POINT('Ctrl Pts',(2.22873690302151,-5.82356430268019,0.));
#6037=CARTESIAN_POINT('Ctrl Pts',(2.22873690302151,-5.82356430268019,0.4));
#6038=CARTESIAN_POINT('',(1.72669048185128,-5.42383707737654,0.4));
#6039=CARTESIAN_POINT('',(1.72669048185128,-5.42383707737654,0.));
#6040=CARTESIAN_POINT('Ctrl Pts',(1.72669048185128,-5.42383707737654,0.4));
#6041=CARTESIAN_POINT('Ctrl Pts',(1.79234944629296,-5.50702961315443,0.4));
#6042=CARTESIAN_POINT('Ctrl Pts',(1.92830007307602,-5.67928449836087,0.4));
#6043=CARTESIAN_POINT('Ctrl Pts',(2.12634178175373,-5.77439074409069,0.4));
#6044=CARTESIAN_POINT('Ctrl Pts',(2.22873690302151,-5.82356430268019,0.4));
#6045=CARTESIAN_POINT('Ctrl Pts',(1.55479418809193,-4.85767073607177,0.));
#6046=CARTESIAN_POINT('Ctrl Pts',(1.55479418809193,-4.85767073607177,0.4));
#6047=CARTESIAN_POINT('Ctrl Pts',(1.5622384511637,-4.95740661141477,0.));
#6048=CARTESIAN_POINT('Ctrl Pts',(1.5622384511637,-4.95740661141477,0.4));
#6049=CARTESIAN_POINT('Ctrl Pts',(1.57727719587728,-5.15889094285355,0.));
#6050=CARTESIAN_POINT('Ctrl Pts',(1.57727719587728,-5.15889094285355,0.4));
#6051=CARTESIAN_POINT('Ctrl Pts',(1.67655549713654,-5.33493554283129,0.));
#6052=CARTESIAN_POINT('Ctrl Pts',(1.67655549713654,-5.33493554283129,0.4));
#6053=CARTESIAN_POINT('Ctrl Pts',(1.72669048185128,-5.42383707737654,0.));
#6054=CARTESIAN_POINT('Ctrl Pts',(1.72669048185128,-5.42383707737654,0.4));
#6055=CARTESIAN_POINT('',(1.55479418809193,-4.85767073607177,0.4));
#6056=CARTESIAN_POINT('',(1.55479418809193,-4.85767073607177,0.));
#6057=CARTESIAN_POINT('Ctrl Pts',(1.55479418809193,-4.85767073607177,0.4));
#6058=CARTESIAN_POINT('Ctrl Pts',(1.5622384511637,-4.95740661141477,0.4));
#6059=CARTESIAN_POINT('Ctrl Pts',(1.57727719587728,-5.15889094285355,0.4));
#6060=CARTESIAN_POINT('Ctrl Pts',(1.67655549713654,-5.33493554283129,0.4));
#6061=CARTESIAN_POINT('Ctrl Pts',(1.72669048185128,-5.42383707737654,0.4));
#6062=CARTESIAN_POINT('Ctrl Pts',(1.69531262243765,-4.35971714234084,0.));
#6063=CARTESIAN_POINT('Ctrl Pts',(1.69531262243765,-4.35971714234084,0.4));
#6064=CARTESIAN_POINT('Ctrl Pts',(1.6543298561856,-4.43661255816502,0.));
#6065=CARTESIAN_POINT('Ctrl Pts',(1.6543298561856,-4.43661255816502,0.4));
#6066=CARTESIAN_POINT('Ctrl Pts',(1.57133968378624,-4.5923259079355,0.));
#6067=CARTESIAN_POINT('Ctrl Pts',(1.57133968378624,-4.5923259079355,0.4));
#6068=CARTESIAN_POINT('Ctrl Pts',(1.56035456266575,-4.76849742492282,0.));
#6069=CARTESIAN_POINT('Ctrl Pts',(1.56035456266575,-4.76849742492282,0.4));
#6070=CARTESIAN_POINT('Ctrl Pts',(1.55479418809193,-4.85767073607177,0.));
#6071=CARTESIAN_POINT('Ctrl Pts',(1.55479418809193,-4.85767073607177,0.4));
#6072=CARTESIAN_POINT('',(1.69531262243765,-4.35971714234084,0.4));
#6073=CARTESIAN_POINT('',(1.69531262243765,-4.35971714234084,0.));
#6074=CARTESIAN_POINT('Ctrl Pts',(1.69531262243765,-4.35971714234084,0.4));
#6075=CARTESIAN_POINT('Ctrl Pts',(1.6543298561856,-4.43661255816502,0.4));
#6076=CARTESIAN_POINT('Ctrl Pts',(1.57133968378624,-4.5923259079355,0.4));
#6077=CARTESIAN_POINT('Ctrl Pts',(1.56035456266575,-4.76849742492282,0.4));
#6078=CARTESIAN_POINT('Ctrl Pts',(1.55479418809193,-4.85767073607177,0.4));
#6079=CARTESIAN_POINT('Ctrl Pts',(2.12232487971562,-3.9872748372528,0.));
#6080=CARTESIAN_POINT('Ctrl Pts',(2.12232487971562,-3.9872748372528,0.4));
#6081=CARTESIAN_POINT('Ctrl Pts',(2.03436121836476,-4.0380909845893,0.));
#6082=CARTESIAN_POINT('Ctrl Pts',(2.03436121836476,-4.0380909845893,0.4));
#6083=CARTESIAN_POINT('Ctrl Pts',(1.86747558586877,-4.13449994209547,0.));
#6084=CARTESIAN_POINT('Ctrl Pts',(1.86747558586877,-4.13449994209547,0.4));
#6085=CARTESIAN_POINT('Ctrl Pts',(1.75058935200542,-4.28740617589449,0.));
#6086=CARTESIAN_POINT('Ctrl Pts',(1.75058935200542,-4.28740617589449,0.4));
#6087=CARTESIAN_POINT('Ctrl Pts',(1.69531262243765,-4.35971714234084,0.));
#6088=CARTESIAN_POINT('Ctrl Pts',(1.69531262243765,-4.35971714234084,0.4));
#6089=CARTESIAN_POINT('',(2.12232487971562,-3.9872748372528,0.4));
#6090=CARTESIAN_POINT('',(2.12232487971562,-3.9872748372528,0.));
#6091=CARTESIAN_POINT('Ctrl Pts',(2.12232487971562,-3.9872748372528,0.4));
#6092=CARTESIAN_POINT('Ctrl Pts',(2.03436121836476,-4.0380909845893,0.4));
#6093=CARTESIAN_POINT('Ctrl Pts',(1.86747558586877,-4.13449994209547,0.4));
#6094=CARTESIAN_POINT('Ctrl Pts',(1.75058935200542,-4.28740617589449,0.4));
#6095=CARTESIAN_POINT('Ctrl Pts',(1.69531262243765,-4.35971714234084,0.4));
#6096=CARTESIAN_POINT('Ctrl Pts',(2.89449403757828,-3.73761601423949,0.));
#6097=CARTESIAN_POINT('Ctrl Pts',(2.89449403757828,-3.73761601423949,0.4));
#6098=CARTESIAN_POINT('Ctrl Pts',(2.73656653121459,-3.77534868080626,0.));
#6099=CARTESIAN_POINT('Ctrl Pts',(2.73656653121459,-3.77534868080626,0.4));
#6100=CARTESIAN_POINT('Ctrl Pts',(2.4724303126149,-3.83845715439715,0.));
#6101=CARTESIAN_POINT('Ctrl Pts',(2.4724303126149,-3.83845715439715,0.4));
#6102=CARTESIAN_POINT('Ctrl Pts',(2.22272924353708,-3.94459642278556,0.));
#6103=CARTESIAN_POINT('Ctrl Pts',(2.22272924353708,-3.94459642278556,0.4));
#6104=CARTESIAN_POINT('Ctrl Pts',(2.12232487971562,-3.9872748372528,0.));
#6105=CARTESIAN_POINT('Ctrl Pts',(2.12232487971562,-3.9872748372528,0.4));
#6106=CARTESIAN_POINT('',(2.89449403757828,-3.73761601423949,0.4));
#6107=CARTESIAN_POINT('',(2.89449403757828,-3.73761601423949,0.));
#6108=CARTESIAN_POINT('Ctrl Pts',(2.89449403757828,-3.73761601423949,0.4));
#6109=CARTESIAN_POINT('Ctrl Pts',(2.73656653121459,-3.77534868080626,0.4));
#6110=CARTESIAN_POINT('Ctrl Pts',(2.4724303126149,-3.83845715439715,0.4));
#6111=CARTESIAN_POINT('Ctrl Pts',(2.22272924353708,-3.94459642278556,0.4));
#6112=CARTESIAN_POINT('Ctrl Pts',(2.12232487971562,-3.9872748372528,0.4));
#6113=CARTESIAN_POINT('Ctrl Pts',(3.60663587922829,-3.54252732968062,0.));
#6114=CARTESIAN_POINT('Ctrl Pts',(3.60663587922829,-3.54252732968062,0.4));
#6115=CARTESIAN_POINT('Ctrl Pts',(3.5206953258254,-3.57007883664603,0.));
#6116=CARTESIAN_POINT('Ctrl Pts',(3.5206953258254,-3.57007883664603,0.4));
#6117=CARTESIAN_POINT('Ctrl Pts',(3.28617339831262,-3.64526374369587,0.));
#6118=CARTESIAN_POINT('Ctrl Pts',(3.28617339831262,-3.64526374369587,0.4));
#6119=CARTESIAN_POINT('Ctrl Pts',(3.04640151888135,-3.70179844962593,0.));
#6120=CARTESIAN_POINT('Ctrl Pts',(3.04640151888135,-3.70179844962593,0.4));
#6121=CARTESIAN_POINT('Ctrl Pts',(2.89449403757828,-3.73761601423949,0.));
#6122=CARTESIAN_POINT('Ctrl Pts',(2.89449403757828,-3.73761601423949,0.4));
#6123=CARTESIAN_POINT('',(3.60663587922829,-3.54252732968062,0.4));
#6124=CARTESIAN_POINT('',(3.60663587922829,-3.54252732968062,0.));
#6125=CARTESIAN_POINT('Ctrl Pts',(3.60663587922829,-3.54252732968062,0.4));
#6126=CARTESIAN_POINT('Ctrl Pts',(3.5206953258254,-3.57007883664603,0.4));
#6127=CARTESIAN_POINT('Ctrl Pts',(3.28617339831262,-3.64526374369587,0.4));
#6128=CARTESIAN_POINT('Ctrl Pts',(3.04640151888135,-3.70179844962593,0.4));
#6129=CARTESIAN_POINT('Ctrl Pts',(2.89449403757828,-3.73761601423949,0.4));
#6130=CARTESIAN_POINT('Ctrl Pts',(3.9667996274926,-3.30651081776351,0.));
#6131=CARTESIAN_POINT('Ctrl Pts',(3.9667996274926,-3.30651081776351,0.4));
#6132=CARTESIAN_POINT('Ctrl Pts',(3.92076855943308,-3.3528113273638,0.));
#6133=CARTESIAN_POINT('Ctrl Pts',(3.92076855943308,-3.3528113273638,0.4));
#6134=CARTESIAN_POINT('Ctrl Pts',(3.81765288103345,-3.45653059043866,0.));
#6135=CARTESIAN_POINT('Ctrl Pts',(3.81765288103345,-3.45653059043866,0.4));
#6136=CARTESIAN_POINT('Ctrl Pts',(3.6818281489673,-3.51188387461093,0.));
#6137=CARTESIAN_POINT('Ctrl Pts',(3.6818281489673,-3.51188387461093,0.4));
#6138=CARTESIAN_POINT('Ctrl Pts',(3.60663587922829,-3.54252732968062,0.));
#6139=CARTESIAN_POINT('Ctrl Pts',(3.60663587922829,-3.54252732968062,0.4));
#6140=CARTESIAN_POINT('',(3.9667996274926,-3.30651081776351,0.4));
#6141=CARTESIAN_POINT('',(3.9667996274926,-3.30651081776351,0.));
#6142=CARTESIAN_POINT('Ctrl Pts',(3.9667996274926,-3.30651081776351,0.4));
#6143=CARTESIAN_POINT('Ctrl Pts',(3.92076855943308,-3.3528113273638,0.4));
#6144=CARTESIAN_POINT('Ctrl Pts',(3.81765288103345,-3.45653059043866,0.4));
#6145=CARTESIAN_POINT('Ctrl Pts',(3.6818281489673,-3.51188387461093,0.4));
#6146=CARTESIAN_POINT('Ctrl Pts',(3.60663587922829,-3.54252732968062,0.4));
#6147=CARTESIAN_POINT('Ctrl Pts',(4.0759402024247,-2.97772504067153,0.));
#6148=CARTESIAN_POINT('Ctrl Pts',(4.0759402024247,-2.97772504067153,0.4));
#6149=CARTESIAN_POINT('Ctrl Pts',(4.07167816311144,-3.03812017025286,0.));
#6150=CARTESIAN_POINT('Ctrl Pts',(4.07167816311144,-3.03812017025286,0.4));
#6151=CARTESIAN_POINT('Ctrl Pts',(4.06328278799773,-3.15708663926175,0.));
#6152=CARTESIAN_POINT('Ctrl Pts',(4.06328278799773,-3.15708663926175,0.4));
#6153=CARTESIAN_POINT('Ctrl Pts',(3.99863030059124,-3.25721442081692,0.));
#6154=CARTESIAN_POINT('Ctrl Pts',(3.99863030059124,-3.25721442081692,0.4));
#6155=CARTESIAN_POINT('Ctrl Pts',(3.9667996274926,-3.30651081776351,0.));
#6156=CARTESIAN_POINT('Ctrl Pts',(3.9667996274926,-3.30651081776351,0.4));
#6157=CARTESIAN_POINT('',(4.0759402024247,-2.97772504067153,0.4));
#6158=CARTESIAN_POINT('',(4.0759402024247,-2.97772504067153,0.));
#6159=CARTESIAN_POINT('Ctrl Pts',(4.0759402024247,-2.97772504067153,0.4));
#6160=CARTESIAN_POINT('Ctrl Pts',(4.07167816311144,-3.03812017025286,0.4));
#6161=CARTESIAN_POINT('Ctrl Pts',(4.06328278799773,-3.15708663926175,0.4));
#6162=CARTESIAN_POINT('Ctrl Pts',(3.99863030059124,-3.25721442081692,0.4));
#6163=CARTESIAN_POINT('Ctrl Pts',(3.9667996274926,-3.30651081776351,0.4));
#6164=CARTESIAN_POINT('Ctrl Pts',(3.9627068745591,-2.63529665446013,0.));
#6165=CARTESIAN_POINT('Ctrl Pts',(3.9627068745591,-2.63529665446013,0.4));
#6166=CARTESIAN_POINT('Ctrl Pts',(3.99573204717724,-2.6884304150294,0.));
#6167=CARTESIAN_POINT('Ctrl Pts',(3.99573204717724,-2.6884304150294,0.4));
#6168=CARTESIAN_POINT('Ctrl Pts',(4.06104555271165,-2.79351244458097,0.));
#6169=CARTESIAN_POINT('Ctrl Pts',(4.06104555271165,-2.79351244458097,0.4));
#6170=CARTESIAN_POINT('Ctrl Pts',(4.07101280129947,-2.91678440958958,0.));
#6171=CARTESIAN_POINT('Ctrl Pts',(4.07101280129947,-2.91678440958958,0.4));
#6172=CARTESIAN_POINT('Ctrl Pts',(4.0759402024247,-2.97772504067153,0.));
#6173=CARTESIAN_POINT('Ctrl Pts',(4.0759402024247,-2.97772504067153,0.4));
#6174=CARTESIAN_POINT('',(3.9627068745591,-2.63529665446013,0.4));
#6175=CARTESIAN_POINT('',(3.9627068745591,-2.63529665446013,0.));
#6176=CARTESIAN_POINT('Ctrl Pts',(3.9627068745591,-2.63529665446013,0.4));
#6177=CARTESIAN_POINT('Ctrl Pts',(3.99573204717724,-2.6884304150294,0.4));
#6178=CARTESIAN_POINT('Ctrl Pts',(4.06104555271165,-2.79351244458097,0.4));
#6179=CARTESIAN_POINT('Ctrl Pts',(4.07101280129947,-2.91678440958958,0.4));
#6180=CARTESIAN_POINT('Ctrl Pts',(4.0759402024247,-2.97772504067153,0.4));
#6181=CARTESIAN_POINT('Ctrl Pts',(3.6175499367215,-2.38836623406142,0.));
#6182=CARTESIAN_POINT('Ctrl Pts',(3.6175499367215,-2.38836623406142,0.4));
#6183=CARTESIAN_POINT('Ctrl Pts',(3.68843192122964,-2.41920522697241,0.));
#6184=CARTESIAN_POINT('Ctrl Pts',(3.68843192122964,-2.41920522697241,0.4));
#6185=CARTESIAN_POINT('Ctrl Pts',(3.8213576911797,-2.47703793165221,0.));
#6186=CARTESIAN_POINT('Ctrl Pts',(3.8213576911797,-2.47703793165221,0.4));
#6187=CARTESIAN_POINT('Ctrl Pts',(3.91772632162944,-2.5849350981522,0.));
#6188=CARTESIAN_POINT('Ctrl Pts',(3.91772632162944,-2.5849350981522,0.4));
#6189=CARTESIAN_POINT('Ctrl Pts',(3.9627068745591,-2.63529665446013,0.));
#6190=CARTESIAN_POINT('Ctrl Pts',(3.9627068745591,-2.63529665446013,0.4));
#6191=CARTESIAN_POINT('',(3.6175499367215,-2.38836623406142,0.4));
#6192=CARTESIAN_POINT('',(3.6175499367215,-2.38836623406142,0.));
#6193=CARTESIAN_POINT('Ctrl Pts',(3.6175499367215,-2.38836623406142,0.4));
#6194=CARTESIAN_POINT('Ctrl Pts',(3.68843192122964,-2.41920522697241,0.4));
#6195=CARTESIAN_POINT('Ctrl Pts',(3.8213576911797,-2.47703793165221,0.4));
#6196=CARTESIAN_POINT('Ctrl Pts',(3.91772632162944,-2.5849350981522,0.4));
#6197=CARTESIAN_POINT('Ctrl Pts',(3.9627068745591,-2.63529665446013,0.4));
#6198=CARTESIAN_POINT('Ctrl Pts',(3.08276141757744,-2.29832537150115,0.));
#6199=CARTESIAN_POINT('Ctrl Pts',(3.08276141757744,-2.29832537150115,0.4));
#6200=CARTESIAN_POINT('Ctrl Pts',(3.17859536933086,-2.30126247094383,0.));
#6201=CARTESIAN_POINT('Ctrl Pts',(3.17859536933086,-2.30126247094383,0.4));
#6202=CARTESIAN_POINT('Ctrl Pts',(3.36108731987298,-2.30685544709084,0.));
#6203=CARTESIAN_POINT('Ctrl Pts',(3.36108731987298,-2.30685544709084,0.4));
#6204=CARTESIAN_POINT('Ctrl Pts',(3.53497686845431,-2.36212226969834,0.));
#6205=CARTESIAN_POINT('Ctrl Pts',(3.53497686845431,-2.36212226969834,0.4));
#6206=CARTESIAN_POINT('Ctrl Pts',(3.6175499367215,-2.38836623406142,0.));
#6207=CARTESIAN_POINT('Ctrl Pts',(3.6175499367215,-2.38836623406142,0.4));
#6208=CARTESIAN_POINT('',(3.08276141757744,-2.29832537150115,0.4));
#6209=CARTESIAN_POINT('',(3.08276141757744,-2.29832537150115,0.));
#6210=CARTESIAN_POINT('Ctrl Pts',(3.08276141757744,-2.29832537150115,0.4));
#6211=CARTESIAN_POINT('Ctrl Pts',(3.17859536933086,-2.30126247094383,0.4));
#6212=CARTESIAN_POINT('Ctrl Pts',(3.36108731987298,-2.30685544709084,0.4));
#6213=CARTESIAN_POINT('Ctrl Pts',(3.53497686845431,-2.36212226969834,0.4));
#6214=CARTESIAN_POINT('Ctrl Pts',(3.6175499367215,-2.38836623406142,0.4));
#6215=CARTESIAN_POINT('Ctrl Pts',(2.46884609336632,-2.41701580261916,0.));
#6216=CARTESIAN_POINT('Ctrl Pts',(2.46884609336632,-2.41701580261916,0.4));
#6217=CARTESIAN_POINT('Ctrl Pts',(2.56450840836482,-2.3824094634732,0.));
#6218=CARTESIAN_POINT('Ctrl Pts',(2.56450840836482,-2.3824094634732,0.4));
#6219=CARTESIAN_POINT('Ctrl Pts',(2.76280529401078,-2.3106745354991,0.));
#6220=CARTESIAN_POINT('Ctrl Pts',(2.76280529401078,-2.3106745354991,0.4));
#6221=CARTESIAN_POINT('Ctrl Pts',(2.97363836419923,-2.30253713174847,0.));
#6222=CARTESIAN_POINT('Ctrl Pts',(2.97363836419923,-2.30253713174847,0.4));
#6223=CARTESIAN_POINT('Ctrl Pts',(3.08276141757744,-2.29832537150115,0.));
#6224=CARTESIAN_POINT('Ctrl Pts',(3.08276141757744,-2.29832537150115,0.4));
#6225=CARTESIAN_POINT('',(2.46884609336632,-2.41701580261916,0.4));
#6226=CARTESIAN_POINT('',(2.46884609336632,-2.41701580261916,0.));
#6227=CARTESIAN_POINT('Ctrl Pts',(2.46884609336632,-2.41701580261916,0.4));
#6228=CARTESIAN_POINT('Ctrl Pts',(2.56450840836482,-2.3824094634732,0.4));
#6229=CARTESIAN_POINT('Ctrl Pts',(2.76280529401078,-2.3106745354991,0.4));
#6230=CARTESIAN_POINT('Ctrl Pts',(2.97363836419923,-2.30253713174847,0.4));
#6231=CARTESIAN_POINT('Ctrl Pts',(3.08276141757744,-2.29832537150115,0.4));
#6232=CARTESIAN_POINT('Ctrl Pts',(2.06639031643647,-2.72806621765822,0.));
#6233=CARTESIAN_POINT('Ctrl Pts',(2.06639031643647,-2.72806621765822,0.4));
#6234=CARTESIAN_POINT('Ctrl Pts',(2.11823062122976,-2.66590016688041,0.));
#6235=CARTESIAN_POINT('Ctrl Pts',(2.11823062122976,-2.66590016688041,0.4));
#6236=CARTESIAN_POINT('Ctrl Pts',(2.22921036766837,-2.53281505906864,0.));
#6237=CARTESIAN_POINT('Ctrl Pts',(2.22921036766837,-2.53281505906864,0.4));
#6238=CARTESIAN_POINT('Ctrl Pts',(2.38554024659109,-2.45727171640818,0.));
#6239=CARTESIAN_POINT('Ctrl Pts',(2.38554024659109,-2.45727171640818,0.4));
#6240=CARTESIAN_POINT('Ctrl Pts',(2.46884609336632,-2.41701580261916,0.));
#6241=CARTESIAN_POINT('Ctrl Pts',(2.46884609336632,-2.41701580261916,0.4));
#6242=CARTESIAN_POINT('',(2.06639031643647,-2.72806621765822,0.4));
#6243=CARTESIAN_POINT('',(2.06639031643647,-2.72806621765822,0.));
#6244=CARTESIAN_POINT('Ctrl Pts',(2.06639031643647,-2.72806621765822,0.4));
#6245=CARTESIAN_POINT('Ctrl Pts',(2.11823062122976,-2.66590016688041,0.4));
#6246=CARTESIAN_POINT('Ctrl Pts',(2.22921036766837,-2.53281505906864,0.4));
#6247=CARTESIAN_POINT('Ctrl Pts',(2.38554024659109,-2.45727171640818,0.4));
#6248=CARTESIAN_POINT('Ctrl Pts',(2.46884609336632,-2.41701580261916,0.4));
#6249=CARTESIAN_POINT('Ctrl Pts',(1.90131532723683,-3.22056270813674,0.));
#6250=CARTESIAN_POINT('Ctrl Pts',(1.90131532723683,-3.22056270813674,0.4));
#6251=CARTESIAN_POINT('Ctrl Pts',(1.91540074480868,-3.12757633195821,0.));
#6252=CARTESIAN_POINT('Ctrl Pts',(1.91540074480868,-3.12757633195821,0.4));
#6253=CARTESIAN_POINT('Ctrl Pts',(1.94176320632936,-2.95354174963584,0.));
#6254=CARTESIAN_POINT('Ctrl Pts',(1.94176320632936,-2.95354174963584,0.4));
#6255=CARTESIAN_POINT('Ctrl Pts',(2.0267921774487,-2.79970722294124,0.));
#6256=CARTESIAN_POINT('Ctrl Pts',(2.0267921774487,-2.79970722294124,0.4));
#6257=CARTESIAN_POINT('Ctrl Pts',(2.06639031643647,-2.72806621765822,0.));
#6258=CARTESIAN_POINT('Ctrl Pts',(2.06639031643647,-2.72806621765822,0.4));
#6259=CARTESIAN_POINT('',(1.90131532723683,-3.22056270813674,0.4));
#6260=CARTESIAN_POINT('',(1.90131532723683,-3.22056270813674,0.));
#6261=CARTESIAN_POINT('Ctrl Pts',(1.90131532723683,-3.22056270813674,0.4));
#6262=CARTESIAN_POINT('Ctrl Pts',(1.91540074480868,-3.12757633195821,0.4));
#6263=CARTESIAN_POINT('Ctrl Pts',(1.94176320632936,-2.95354174963584,0.4));
#6264=CARTESIAN_POINT('Ctrl Pts',(2.0267921774487,-2.79970722294124,0.4));
#6265=CARTESIAN_POINT('Ctrl Pts',(2.06639031643647,-2.72806621765822,0.4));
#6266=CARTESIAN_POINT('Origin',(1.40199747631925,-3.1769064781639,0.));
#6267=CARTESIAN_POINT('',(1.40199747631925,-3.1769064781639,0.4));
#6268=CARTESIAN_POINT('',(1.40199747631925,-3.1769064781639,0.));
#6269=CARTESIAN_POINT('',(1.40199747631925,-3.1769064781639,0.4));
#6270=CARTESIAN_POINT('Ctrl Pts',(1.62164277161139,-2.45794333195418,0.));
#6271=CARTESIAN_POINT('Ctrl Pts',(1.62164277161139,-2.45794333195418,0.4));
#6272=CARTESIAN_POINT('Ctrl Pts',(1.56028623503646,-2.56829263625784,0.));
#6273=CARTESIAN_POINT('Ctrl Pts',(1.56028623503646,-2.56829263625784,0.4));
#6274=CARTESIAN_POINT('Ctrl Pts',(1.43580470107668,-2.7921718093324,0.));
#6275=CARTESIAN_POINT('Ctrl Pts',(1.43580470107668,-2.7921718093324,0.4));
#6276=CARTESIAN_POINT('Ctrl Pts',(1.41337277844283,-3.04745269641237,0.));
#6277=CARTESIAN_POINT('Ctrl Pts',(1.41337277844283,-3.04745269641237,0.4));
#6278=CARTESIAN_POINT('Ctrl Pts',(1.40199747631925,-3.1769064781639,0.));
#6279=CARTESIAN_POINT('Ctrl Pts',(1.40199747631925,-3.1769064781639,0.4));
#6280=CARTESIAN_POINT('Ctrl Pts',(1.62164277161139,-2.45794333195418,0.4));
#6281=CARTESIAN_POINT('Ctrl Pts',(1.56028623503646,-2.56829263625784,0.4));
#6282=CARTESIAN_POINT('Ctrl Pts',(1.43580470107668,-2.7921718093324,0.4));
#6283=CARTESIAN_POINT('Ctrl Pts',(1.41337277844283,-3.04745269641237,0.4));
#6284=CARTESIAN_POINT('Ctrl Pts',(1.40199747631925,-3.1769064781639,0.4));
#6285=CARTESIAN_POINT('Origin',(14.5943569740899,-3.89177702045173,0.4));
#6286=CARTESIAN_POINT('Origin',(29.,21.,0.));
#6287=CARTESIAN_POINT('Origin',(29.,21.,0.));
#6288=CARTESIAN_POINT('Origin',(22.35,23.5,10.));
#6289=CARTESIAN_POINT('',(23.8,23.5,10.));
#6290=CARTESIAN_POINT('Origin',(22.35,23.5,10.));
#6291=CARTESIAN_POINT('',(23.8,23.5,10.));
#6292=CARTESIAN_POINT('Origin',(52.,6.,4.));
#6293=CARTESIAN_POINT('',(55.,6.,10.));
#6294=CARTESIAN_POINT('Origin',(52.,6.,10.));
#6295=CARTESIAN_POINT('',(55.,6.,4.));
#6296=CARTESIAN_POINT('',(55.,6.,4.));
#6297=CARTESIAN_POINT('Origin',(52.,6.,4.));
#6298=CARTESIAN_POINT('Origin',(52.,6.,10.));
#6299=CARTESIAN_POINT('Origin',(6.,6.,4.));
#6300=CARTESIAN_POINT('',(9.,6.,10.));
#6301=CARTESIAN_POINT('Origin',(6.,6.,10.));
#6302=CARTESIAN_POINT('',(9.,6.,4.));
#6303=CARTESIAN_POINT('',(9.,6.,4.));
#6304=CARTESIAN_POINT('Origin',(6.,6.,4.));
#6305=CARTESIAN_POINT('Origin',(6.,6.,10.));
#6306=CARTESIAN_POINT('Origin',(52.,36.,4.));
#6307=CARTESIAN_POINT('',(55.,36.,10.));
#6308=CARTESIAN_POINT('Origin',(52.,36.,10.));
#6309=CARTESIAN_POINT('',(55.,36.,4.));
#6310=CARTESIAN_POINT('',(55.,36.,4.));
#6311=CARTESIAN_POINT('Origin',(52.,36.,4.));
#6312=CARTESIAN_POINT('Origin',(52.,36.,10.));
#6313=CARTESIAN_POINT('Origin',(6.,36.,4.));
#6314=CARTESIAN_POINT('',(9.,36.,10.));
#6315=CARTESIAN_POINT('Origin',(6.,36.,10.));
#6316=CARTESIAN_POINT('',(9.,36.,4.));
#6317=CARTESIAN_POINT('',(9.,36.,4.));
#6318=CARTESIAN_POINT('Origin',(6.,36.,4.));
#6319=CARTESIAN_POINT('Origin',(6.,36.,10.));
#6320=CARTESIAN_POINT('Origin',(22.35,23.5,4.));
#6321=CARTESIAN_POINT('',(25.85,23.5,10.));
#6322=CARTESIAN_POINT('Origin',(22.35,23.5,10.));
#6323=CARTESIAN_POINT('',(25.85,23.5,4.));
#6324=CARTESIAN_POINT('',(25.85,23.5,4.));
#6325=CARTESIAN_POINT('Origin',(22.35,23.5,4.));
#6326=CARTESIAN_POINT('Origin',(22.35,23.5,10.));
#6327=CARTESIAN_POINT('Origin',(22.8,9.5,4.));
#6328=CARTESIAN_POINT('',(26.8,9.5,10.));
#6329=CARTESIAN_POINT('Origin',(22.8,9.5,10.));
#6330=CARTESIAN_POINT('',(26.8,9.5,4.));
#6331=CARTESIAN_POINT('',(26.8,9.5,4.));
#6332=CARTESIAN_POINT('Origin',(22.8,9.5,4.));
#6333=CARTESIAN_POINT('Origin',(22.8,9.5,10.));
#6334=CARTESIAN_POINT('Origin',(58.,42.,0.));
#6335=CARTESIAN_POINT('',(58.,-3.92889708654996E-31,4.));
#6336=CARTESIAN_POINT('',(58.,42.,4.));
#6337=CARTESIAN_POINT('',(58.,31.5,4.));
#6338=CARTESIAN_POINT('',(58.,-3.92889708654996E-31,0.));
#6339=CARTESIAN_POINT('',(58.,42.,0.));
#6340=CARTESIAN_POINT('Origin',(58.,-3.92889708654996E-31,0.));
#6341=CARTESIAN_POINT('',(0.,0.,4.));
#6342=CARTESIAN_POINT('',(43.5,0.,4.));
#6343=CARTESIAN_POINT('',(0.,0.,0.));
#6344=CARTESIAN_POINT('Origin',(0.,42.,0.));
#6345=CARTESIAN_POINT('',(-4.81482486096809E-32,42.,4.));
#6346=CARTESIAN_POINT('',(-4.81482486096809E-32,42.,0.));
#6347=CARTESIAN_POINT('',(14.5,42.,4.));
#6348=CARTESIAN_POINT('Origin',(0.,0.,0.));
#6349=CARTESIAN_POINT('',(0.,10.5,4.));
#6350=CARTESIAN_POINT('Origin',(-5.,-5.,0.));
#6351=CARTESIAN_POINT('',(-6.45,-5.,0.));
#6352=CARTESIAN_POINT('Origin',(-5.,47.,0.));
#6353=CARTESIAN_POINT('',(-6.45,47.,0.));
#6354=CARTESIAN_POINT('Origin',(63.,-5.,0.));
#6355=CARTESIAN_POINT('',(61.55,-5.,0.));
#6356=CARTESIAN_POINT('Origin',(63.,47.,0.));
#6357=CARTESIAN_POINT('',(61.55,47.,0.));
#6358=CARTESIAN_POINT('Origin',(-10.,52.,0.));
#6359=CARTESIAN_POINT('Origin',(29.,21.,4.));
#6360=CARTESIAN_POINT('Origin',(29.,21.,0.));
#6361=UNCERTAINTY_MEASURE_WITH_UNIT(LENGTH_MEASURE(0.01),#6365,
'DISTANCE_ACCURACY_VALUE',
'Maximum model space distance between geometric entities at asserted c
onnectivities');
#6362=UNCERTAINTY_MEASURE_WITH_UNIT(LENGTH_MEASURE(0.01),#6365,
'DISTANCE_ACCURACY_VALUE',
'Maximum model space distance between geometric entities at asserted c
onnectivities');
#6363=(
GEOMETRIC_REPRESENTATION_CONTEXT(3)
GLOBAL_UNCERTAINTY_ASSIGNED_CONTEXT((#6361))
GLOBAL_UNIT_ASSIGNED_CONTEXT((#6365,#6366,#6367))
REPRESENTATION_CONTEXT('','3D')
);
#6364=(
GEOMETRIC_REPRESENTATION_CONTEXT(3)
GLOBAL_UNCERTAINTY_ASSIGNED_CONTEXT((#6362))
GLOBAL_UNIT_ASSIGNED_CONTEXT((#6365,#6366,#6367))
REPRESENTATION_CONTEXT('','3D')
);
#6365=(
LENGTH_UNIT()
NAMED_UNIT(*)
SI_UNIT(.MILLI.,.METRE.)
);
#6366=(
NAMED_UNIT(*)
PLANE_ANGLE_UNIT()
SI_UNIT($,.RADIAN.)
);
#6367=(
NAMED_UNIT(*)
SI_UNIT($,.STERADIAN.)
SOLID_ANGLE_UNIT()
);
#6368=SHAPE_DEFINITION_REPRESENTATION(#6369,#6370);
#6369=PRODUCT_DEFINITION_SHAPE('',$,#6372);
#6370=SHAPE_REPRESENTATION('',(#3441),#6363);
#6371=PRODUCT_DEFINITION_CONTEXT('part definition',#6376,'design');
#6372=PRODUCT_DEFINITION('yams_real','yams_real v21',#6373,#6371);
#6373=PRODUCT_DEFINITION_FORMATION('',$,#6378);
#6374=PRODUCT_RELATED_PRODUCT_CATEGORY('yams_real v21','yams_real v21',
(#6378));
#6375=APPLICATION_PROTOCOL_DEFINITION('international standard',
'automotive_design',2009,#6376);
#6376=APPLICATION_CONTEXT(
'Core Data for Automotive Mechanical Design Process');
#6377=PRODUCT_CONTEXT('part definition',#6376,'mechanical');
#6378=PRODUCT('yams_real','yams_real v21',$,(#6377));
#6379=PRESENTATION_STYLE_ASSIGNMENT((#6380));
#6380=SURFACE_STYLE_USAGE(.BOTH.,#6381);
#6381=SURFACE_SIDE_STYLE('',(#6382));
#6382=SURFACE_STYLE_FILL_AREA(#6383);
#6383=FILL_AREA_STYLE('Steel - Satin',(#6384));
#6384=FILL_AREA_STYLE_COLOUR('Steel - Satin',#6385);
#6385=COLOUR_RGB('Steel - Satin',0.627450980392157,0.627450980392157,0.627450980392157);
ENDSEC;
END-ISO-10303-21;
